RowID	Path	Record	RecordBytes	English	Korean	Status	Note
1	Data/NPCData/057.EDT	1	480	It be good to make your acquaintance.	만나게 되어 반갑소.	번역완료	critical prefill
2	Data/NPCData/057.EDT	2	480	You are well?	잘 지내고 있소?	번역완료	critical prefill
3	Data/NPCData/057.EDT	3	480	I have faith in us. Victory will come.	우리를 믿소. 승리는 반드시 올 것이오.	번역완료	critical prefill
4	Data/NPCData/057.EDT	4	480	It be a shame you did not see Arulco in its glory.	아룰코가 영광스럽던 시절을 보지 못했다니 안타깝소.	번역완료	critical prefill
5	Data/NPCData/057.EDT	5	480	I have no need for that.	내게는 필요 없소.	번역완료	critical prefill
6	Data/NPCData/057.EDT	6	480	We must keep confidence.	희망을 잃어선 안 되오.	번역완료	critical prefill
7	Data/NPCData/057.EDT	7	480	You threaten the wrong man. You do not wish to challenge me.	협박할 사람을 잘못 골랐소. 나와 맞서고 싶지는 않을 거요.	번역완료	critical prefill
8	Data/NPCData/057.EDT	8	480	It does not seem right at this moment.	지금은 때가 아닌 듯하오.	번역완료	critical prefill
9	Data/NPCData/057.EDT	9	480	I... require... emergency.. treatment.	나... 응급 치료가... 필요하오.	번역완료	critical prefill
10	Data/NPCData/057.EDT	10	480	We have nothing to talk about.	우린 할 말이 없소.	번역완료	critical prefill
11	Data/NPCData/057.EDT	11	480	I do not... Let me see this letter.	나는... 아니, 그 편지를 보여주시오.	번역완료	critical prefill
12	Data/NPCData/057.EDT	12	480	Hmm... It be true. Enrico has sent men to help us.	흠... 사실이군. 엔리코가 우리를 돕기 위해 사람들을 보냈소.	번역완료	critical prefill
13	Data/NPCData/057.EDT	13	480	On behalf of my rebel force and the people of Arulco, I welcome you. We are very much in need of your aid. Deidranna wishes to remove Omerta from the map of this country.	내 반군과 아룰코 국민을 대표해 환영하오. 당신들의 도움이 절실하오. 데이드라나는 이 나라 지도에서 오메르타를 지워버리려 하고 있소.	번역완료	critical prefill
14	Data/NPCData/057.EDT	14	480	Yes. It is time to unite as one force. Together we will witness victory.	그렇소. 이제 하나의 힘으로 뭉칠 때요. 함께 승리를 보게 될 것이오.	번역완료	critical prefill
15	Data/NPCData/057.EDT	15	480	That will do, Ira. I am sure our friends have heard of her nature. If not, they will know soon enough.	그 정도면 됐네, 아이라. 우리 친구들도 그녀의 본성을 이미 들었을 거야. 아니라 해도 곧 알게 되겠지.	번역완료	critical prefill
16	Data/NPCData/057.EDT	16	480	Die, bastards!	죽어라, 개자식들아!	번역완료	critical prefill
17	Data/NPCData/057.EDT	17	480	I have lost over thirty men in the last month. My force is down to the people you see here. But, I do have a few trusted people living in the Arulco countryside.	지난 한 달 동안 30명이 넘는 동지를 잃었소. 이제 내 병력은 여기 보이는 사람들이 전부요. 하지만 아룰코 시골 곳곳에 믿을 만한 사람들이 몇 명 있소.	번역완료	critical prefill
18	Data/NPCData/057.EDT	18	480	The people of Arulco would overthrow Deidranna with pleasure, but they live in fear of her. And rightfully so... She be heartless and brutal. She has robbed our country of its money and its soul.	아룰코 사람들은 기꺼이 데이드라나를 몰아낼 것이오. 하지만 그녀를 두려워하고 있소. 그럴 만도 하지... 그녀는 무자비하고 잔혹하오. 이 나라의 돈도, 영혼도 모두 빼앗아 갔소.	번역완료	critical prefill
19	Data/NPCData/057.EDT	19	480	Getting their confidence be our biggest problem. The people must feel we are capable of defeating her. Yet, without their support we cannot.	그들의 신뢰를 얻는 게 가장 큰 문제요. 우리가 그녀를 쓰러뜨릴 수 있다고 믿게 해야 하오. 하지만 그들의 지지가 없으면 우리도 해낼 수 없소.	번역완료	critical prefill
20	Data/NPCData/057.EDT	20	480	We are missing soldiers and equipment. You could not have come at a better time.	병사도 장비도 부족하오. 정말 가장 필요한 때에 와주었소.	번역완료	critical prefill
21	Data/NPCData/057.EDT	21	480	Yes... Carlos be my close advisor. He is right. He usually be right. Making a safe route to Drassen to get supplies be a priority.	그렇소... 카를로스는 내 가까운 참모요. 그의 말이 맞소. 대개는 늘 맞지. 보급품을 얻으려면 드라센까지 안전한 길을 확보하는 게 우선이오.	번역완료	critical prefill
22	Data/NPCData/057.EDT	22	480	If you can remove Deidranna's forces from your path, there is a priest in Drassen named Father Walker. He be a drunk of poor judgement, however he will be sympathetic to our situation.	길목의 데이드라나 병력을 치울 수 있다면, 드라센에 워커 신부라는 사제가 있소. 술꾼에 판단력도 썩 좋진 않지만, 우리 사정에는 동정적일 거요.	번역완료	critical prefill
23	Data/NPCData/057.EDT	23	480	Find him and tell him no more than you need to. I will send others to fetch the supplies he will gather. I wish you luck, and express my gratitude.	그를 찾아가 필요한 말만 하시오. 그가 모아 둔 보급품은 내가 다른 사람들을 보내 가져오겠소. 행운을 빌며, 다시 한번 감사하오.	번역완료	critical prefill
24	Data/NPCData/057.EDT	24	480	I can spare Ira. She is quick learner and knows the priest well. I believe he might even have some passion for her.	아이라를 내어줄 수 있소. 배우는 게 빠르고 그 신부도 잘 알지. 그 신부가 아이라에게 마음이 좀 있는 것 같기도 하오.	번역완료	critical prefill
25	Data/NPCData/057.EDT	25	480	A donation! I will make certain it goes to good use.	기부금이군! 반드시 좋은 곳에 쓰이게 하겠소.	번역완료	critical prefill
26	Data/NPCData/057.EDT	26	480	Good. The people of Omerta have you to thank for their food and supplies. It is through your hardwork and the generosity of Father Walker that we enjoy the basics of life, once again.	좋소. 오메르타 사람들이 다시 먹을 것과 보급품을 갖게 된 건 당신들 덕분이오. 당신들의 수고와 워커 신부의 후의 덕분에 다시 기본적인 삶을 누리게 됐소.	번역완료	critical prefill
27	Data/NPCData/057.EDT	27	480	Perhaps, now I am in a position to offer the services of Dimitri. He is a good man.	이제는 디미트리도 보낼 수 있을 것 같소. 좋은 사람이오.	번역완료	critical prefill
28	Data/NPCData/057.EDT	28	480	Yes, as the countryside becomes safe we too shall join, Carlos. We must be one force united. It be the path to victory... Dimitri will serve you well. His skill throwing a knife will save you many an unwanted battle.	그렇소, 시골이 안전해지면 우리도 합류할 걸세, 카를로스. 하나의 힘으로 뭉쳐야 하오. 그것이 승리의 길이오... 디미트리는 훌륭히 해낼 거요. 칼 던지는 솜씨 덕분에 불필요한 싸움을 많이 피할 수 있을 거요.	번역완료	critical prefill
29	Data/NPCData/057.EDT	29	480	We must have patience, Carlos. Our guests, I am sure, are doing what they can.	인내해야 하네, 카를로스. 우리 손님들도 할 수 있는 일을 하고 있을 거야.	번역완료	critical prefill
30	Data/NPCData/057.EDT	30	480	You have expanded the base of operations. Two villages are now liberated. This be a most encouraging sign.	작전 기반을 넓혔군. 이제 두 마을이 해방됐소. 아주 고무적인 징조요.	번역완료	critical prefill
31	Data/NPCData/057.EDT	31	480	I must express my appreciation, four towns are now under our control. I sense Deidranna does not sleep peacefully.	감사를 표해야겠군. 이제 네 도시가 우리 통제 아래 있소. 데이드라나가 편히 잠들지는 못할 것 같소.	번역완료	critical prefill
32	Data/NPCData/057.EDT	32	480	With 5 villages liberated, I feel confident that the people of the countryside are free from her tyranny. Carlos and I are available to join with your group now.	다섯 마을이 해방됐으니 시골 사람들이 그녀의 폭정에서 벗어났다고 확신하오. 이제 카를로스와 나도 당신들 일행에 합류할 수 있소.	번역완료	critical prefill
33	Data/NPCData/058.EDT	1	480	What can I do for you?	무엇을 도와드릴까?	번역완료	critical prefill
34	Data/NPCData/058.EDT	2	480	It is hopeful, yes?	희망적이지 않소?	번역완료	critical prefill
35	Data/NPCData/058.EDT	3	480	We are grateful for your presence.	당신들이 와줘서 고맙소.	번역완료	critical prefill
36	Data/NPCData/058.EDT	4	480	I hope we'll be all right.	무사히 잘되길 바라오.	번역완료	critical prefill
37	Data/NPCData/058.EDT	5	480	No, I do not want this.	아니, 이건 필요 없소.	번역완료	critical prefill
38	Data/NPCData/058.EDT	6	480	There is no one more evil than Deidranna.	데이드라나보다 사악한 자는 없소.	번역완료	critical prefill
39	Data/NPCData/058.EDT	7	480	There is no need for anger. We fight for the same cause.	화를 낼 필요는 없소. 우린 같은 목적을 위해 싸우고 있소.	번역완료	critical prefill
40	Data/NPCData/058.EDT	8	480	The time is not right. I am needed in Omerta.	지금은 때가 아니오. 오메르타에 내가 필요하오.	번역완료	critical prefill
41	Data/NPCData/058.EDT	9	480	Wounded. I will die for sure.	부상을 입었소. 이러다 죽겠군.	번역완료	critical prefill
42	Data/NPCData/058.EDT	10	480	I have to go now.	이제 가봐야겠소.	번역완료	critical prefill
43	Data/NPCData/058.EDT	11	480	Do not move and no one will die.	움직이지 마시오. 그러면 아무도 죽지 않을 거요.	번역완료	critical prefill
44	Data/NPCData/058.EDT	12	480	Enrico? Chivaldori? Most suspicious. I question his reasons.	엔리코? 치발도리? 몹시 수상하군. 그의 의도가 의심스럽소.	번역완료	critical prefill
45	Data/NPCData/058.EDT	13	480	I am impressed with your leadership. I will join because it is best for Arulco.	당신의 지도력에 감명받았소. 아룰코를 위해 합류하겠소.	번역완료	critical prefill
46	Data/NPCData/058.EDT	14	480	An act of aggression against one of us is an act of aggression against all of us. Your fate is decided!	우리 중 한 사람을 공격한 것은 우리 모두를 공격한 것과 같소. 네 운명은 결정됐다!	번역완료	critical prefill
47	Data/NPCData/058.EDT	15	480	We are short of food, too, Miguel. We need safe passage to Drassen or more people will die.	우리도 식량이 부족하네, 미겔. 드라센으로 가는 안전한 길이 필요해. 안 그러면 더 많은 사람이 죽을 거야.	번역완료	critical prefill
48	Data/NPCData/058.EDT	16	480	It will aid our efforts. Thank you.	우리 노력에 도움이 되겠소. 고맙소.	번역완료	critical prefill
49	Data/NPCData/058.EDT	17	480	Are you sure this is wise, Miguel?	정말 현명한 결정인가, 미겔?	번역완료	critical prefill
50	Data/NPCData/058.EDT	18	480	This situation has grown desperate. Omerta remains without supplies for its people. When will this change?	상황이 절박해졌네. 오메르타 사람들은 아직도 보급품이 없어. 언제까지 이래야 하나?	번역완료	critical prefill
51	Data/NPCData/058.EDT	19	480	Our people are suffering in hunger. You must do something. It cannot continue without the loss of more life.	사람들이 굶주리고 있네. 뭔가 해야 해. 이대로면 더 많은 사람이 죽을 거야.	번역완료	critical prefill
52	Data/NPCData/058.EDT	20	480	You have made progress, but we must exercise caution. We have not heard the last from Deidranna.	진전은 있었지만 조심해야 하오. 데이드라나가 이대로 끝낼 리 없소.	번역완료	critical prefill
53	Data/NPCData/058.EDT	21	480	I see hope in the eyes of the people, a hope I have not seen in a long time. But I shall deny myself this feeling until victory is within our hands.	사람들의 눈에서 오랫동안 보지 못했던 희망이 보이오. 하지만 승리를 손에 넣기 전까지는 나 자신도 그 감정에 빠지지 않겠소.	번역완료	critical prefill
54	Data/NPCData/058.EDT	22	480	Almost half the country is ours, but we still have much work to do.	나라의 거의 절반이 우리 것이 됐지만, 아직 할 일이 많소.	번역완료	critical prefill
55	Data/NPCData/059.EDT	1	480	I'm Ira. I came to Arulco five years ago as part of an effort to supply humanitarian aid. I soon realized the only aid they needed was in getting rid of Deidranna. By whichever means possible.	난 아이라야. 5년 전 인도주의 구호물자를 지원하러 아룰코에 왔어. 그런데 곧 깨달았지. 이들에게 정말 필요한 도움은 어떤 수단을 써서든 데이드라나를 없애는 거라는 걸.	번역완료	critical prefill
56	Data/NPCData/059.EDT	2	480	How's it going?	어떻게 돼 가?	번역완료	critical prefill
57	Data/NPCData/059.EDT	3	480	The people's suffering is beyond comprehension.	사람들이 겪는 고통은 상상도 못 할 정도야.	번역완료	critical prefill
58	Data/NPCData/059.EDT	4	480	The people of Arulco have forgotten what freedom is.	아룰코 사람들은 자유가 뭔지도 잊어버렸어.	번역완료	critical prefill
59	Data/NPCData/059.EDT	5	480	Keep it.	가져.	번역완료	critical prefill
60	Data/NPCData/059.EDT	6	480	The rebel force is a dedicated one. Unfortunately, there are only a few of us left.	반군은 정말 헌신적이야. 문제는 이제 몇 명 남지 않았다는 거지.	번역완료	critical prefill
61	Data/NPCData/059.EDT	7	480	Such an attitude serves no purpose.	그런 태도는 아무 도움도 안 돼.	번역완료	critical prefill
62	Data/NPCData/059.EDT	8	480	Sounds interesting, but I'm not sure of you.	흥미롭긴 한데, 아직 당신들을 믿어도 될지 모르겠어.	번역완료	critical prefill
63	Data/NPCData/059.EDT	9	480	I am in need of... medical attention.	나... 치료가 필요해.	번역완료	critical prefill
64	Data/NPCData/059.EDT	10	480	I have nothing left to say.	더 할 말 없어.	번역완료	critical prefill
65	Data/NPCData/059.EDT	11	480	She is evil. A driven bitch.	그년은 악마야. 독기만 가득한 년이지.	번역완료	critical prefill
66	Data/NPCData/059.EDT	12	480	Miguel's rebel force has been together for almost two decades. They are trustworthy and loyal. They will accept you as one of their own as long as you do no harm.	미겔의 반군은 거의 20년 동안 함께 싸워 왔어. 믿을 수 있고 충성스러운 사람들이야. 당신들이 해를 끼치지만 않는다면 자기들 사람처럼 받아줄 거야.	번역완료	critical prefill
67	Data/NPCData/059.EDT	13	480	All right. I could be of help with some of the ins and outs of this country and its people. But I must tell you... I'm not a professional like you guys.	좋아. 이 나라 사정이나 사람들에 대해선 내가 좀 도움이 될 수 있을 거야. 하지만 말해두는데... 난 당신들 같은 전문가는 아니야.	번역완료	critical prefill
68	Data/NPCData/059.EDT	14	480	I'm afraid my marksmanship is a little weak for a soldier. Miguel used me mostly as a medic and a look out. Anyways, I'm sure we'll make out okay. Let's get going... I'll lead the way.	군인치고는 사격 솜씨가 좀 부족해. 미겔은 날 주로 의무병이나 감시병으로 썼어. 뭐, 그래도 잘 해낼 수 있을 거야. 가자... 내가 앞장설게.	번역완료	critical prefill
69	Data/NPCData/059.EDT	15	480	You will pay for what you've done!	네가 한 짓의 대가를 치르게 해주지!	번역완료	critical prefill
70	Data/NPCData/059.EDT	16	480	Hmm. Thanks.	흠. 고마워.	번역완료	critical prefill
71	Data/NPCData/060.EDT	1	480	Yes...	그래...	번역완료	critical prefill
72	Data/NPCData/060.EDT	2	480	Good to see you.	봐서 반갑다.	번역완료	critical prefill
73	Data/NPCData/060.EDT	3	480	I cannot be of more help.	더 도와줄 수 없다.	번역완료	critical prefill
74	Data/NPCData/060.EDT	4	480	Me, I am guard. It is what I do best.	나, 경비한다. 그게 내가 제일 잘한다.	번역완료	critical prefill
75	Data/NPCData/060.EDT	5	480	I do not want it.	나 이거 원하지 않는다.	번역완료	critical prefill
76	Data/NPCData/060.EDT	6	480	I do not know.	나 모른다.	번역완료	critical prefill
77	Data/NPCData/060.EDT	7	480	Yelling will change nothing. I know nothing...	소리쳐도 달라지는 것 없다. 나 아무것도 모른다...	번역완료	critical prefill
78	Data/NPCData/060.EDT	8	480	I stay with Miguel. He must decide.	나 미겔과 남는다. 그가 결정해야 한다.	번역완료	critical prefill
79	Data/NPCData/060.EDT	9	480	I bleed... Hurts much.	피 난다... 많이 아프다.	번역완료	critical prefill
80	Data/NPCData/060.EDT	10	480	I do not have time.	나 시간 없다.	번역완료	critical prefill
81	Data/NPCData/060.EDT	11	480	Why have you brought them here? Have you lost your mind, woman? You bring death to all of us.	왜 이 사람들 여기 데려왔나? 정신 나갔나, 여자? 우리 모두 죽게 만든다.	번역완료	critical prefill
82	Data/NPCData/060.EDT	12	480	In respect of your husband, I take your word. We will go down. But if you make mistake, Fatima, you will die with them.	네 남편 생각해서 말 믿겠다. 내려가겠다. 하지만 실수한 거면, 파티마, 너도 이들과 같이 죽는다.	번역완료	critical prefill
83	Data/NPCData/060.EDT	13	480	I would like this. I can learn much.	이거 좋다. 나 많이 배울 수 있다.	번역완료	critical prefill
84	Data/NPCData/060.EDT	14	480	Fatima say they are here to help us. She say she have proof, Carlos.	파티마가 이 사람들이 우리 도우러 왔다고 한다. 증거도 있다고 한다, 카를로스.	번역완료	critical prefill
85	Data/NPCData/060.EDT	15	480	You will pay for your mistake with your life!	네 실수 목숨으로 갚는다!	번역완료	critical prefill
86	Data/NPCData/060.EDT	16	480	You have impressed Miguel. He speaks highly of you.	미겔이 네게 감명받았다. 너 칭찬 많이 한다.	번역완료	critical prefill
87	Data/NPCData/060.EDT	17	480	I like money.	나 돈 좋다.	번역완료	critical prefill
88	Data/NPCData/061.EDT	1	480	Top of the day to ya. Haven't made yer acquaintance.	좋은 하루군. 초면인 것 같은데.	번역완료	
89	Data/NPCData/061.EDT	2	480	Enjoy me company, ya do.	내가 옆에 있으니 즐겁지?	번역완료	
90	Data/NPCData/061.EDT	3	480	Aye, sometimes I wonder why I ever left me homeland.	그래, 가끔은 내가 왜 고향을 떠났나 싶을 때가 있지.	번역완료	
91	Data/NPCData/061.EDT	4	480	Aye, the market for explosives is boomin'. They be hard to get a hold of, don't ya know.	그래, 요즘 폭발물 장사가 아주 잘 나가. 물건 구하기가 영 쉽지 않거든.	번역완료	
92	Data/NPCData/061.EDT	5	480	No thank ya. What would I be needin' with that?	아니, 사양하지. 내가 그걸 어디에 쓰겠어?	번역완료	
93	Data/NPCData/061.EDT	6	480	Not really one for company, not that there's much here. You got Brits, ugly broads and bugs. What kind of place be that?	난 원래 사람들과 어울리는 걸 그리 좋아하진 않아. 여기엔 뭐 별것도 없잖아. 영국 놈들, 못생긴 여자들, 벌레들뿐이야. 이게 무슨 동네냐고?	번역완료	
94	Data/NPCData/061.EDT	7	480	Do ya know who yer talking ta here? Devin Connell! You might want to show a wee bit of respect.	지금 누구랑 얘기하는지 알아? 데빈 코넬이야! 예의를 좀 갖추는 게 좋을걸.	번역완료	
95	Data/NPCData/061.EDT	8	480	Aye, no. You ain't tappin' me confidence.	아니, 됐어. 아직 자네를 믿을 만큼은 아니야.	번역완료	
96	Data/NPCData/061.EDT	9	480	Need a bandaging now!	당장 붕대 좀 감아줘!	번역완료	
97	Data/NPCData/061.EDT	10	480	I suppose me presence has delighted you long enough now.	이제 내 존재만으로 자네를 즐겁게 해준 건 충분한 것 같군.	번역완료	
98	Data/NPCData/061.EDT	11	480	Maybe ya'd fancy a look at me wares before you be shelling out the dough.	돈을 내기 전에 내 물건부터 한번 구경하는 게 어때?	번역완료	
99	Data/NPCData/061.EDT	12	480	Aye, everything is first-hand from the top experts in the field.	그래, 전부 이 분야 최고 전문가들에게서 직접 구한 물건들이지.	번역완료	
100	Data/NPCData/061.EDT	13	480	Guaranteed best prices ya get from me.	내가 주는 값이 최저가라는 건 보장하지.	번역완료	
101	Data/NPCData/061.EDT	14	480	I've never done a dishonest deal in me life. Ya can trust me!	난 평생 부정직한 거래는 한 번도 안 했어. 날 믿어도 돼!	번역완료	
102	Data/NPCData/061.EDT	15	480	I wasn't looking to buy anything, ya know.	난 뭘 사려고 온 게 아니라고.	번역완료	
103	Data/NPCData/061.EDT	16	480				
104	Data/NPCData/061.EDT	17	480				
105	Data/NPCData/061.EDT	18	480	"Aye, I'm only interested in things which go ""boom"" me friend."	그래, 난 '펑' 하고 터지는 물건에만 관심이 있거든, 친구.	번역완료	
106	Data/NPCData/061.EDT	19	480				
107	Data/NPCData/061.EDT	20	480				
108	Data/NPCData/061.EDT	21	480				
109	Data/NPCData/061.EDT	22	480	You'll be needing to top this off with a few more dollars.	여기에 돈을 조금 더 얹어야겠는데.	번역완료	
110	Data/NPCData/061.EDT	23	480	Great. The deal's done, then.	좋아. 그럼 거래 성립이군.	번역완료	
111	Data/NPCData/061.EDT	24	480	Let me see. Aye... aye, it's all here. Perfect!	어디 보자. 그래... 그래, 전부 있군. 완벽해!	번역완료	
112	Data/NPCData/061.EDT	25	480	Yer a fine customer. Give ya an ever better deal next time.	자넨 좋은 손님이야. 다음에는 더 좋은 값으로 해주지.	번역완료	
113	Data/NPCData/061.EDT	26	480	Window shoppin' won't get ya far.	구경만 해서는 얻는 게 없어.	번역완료	
114	Data/NPCData/061.EDT	27	480	Ya leaving this behind, then.	그건 두고 가는 거지?	번역완료	
115	Data/NPCData/061.EDT	28	480	Blimey bastard!	빌어먹을 자식!	번역완료	
116	Data/NPCData/061.EDT	29	480	Many thanks. May the devil forget you exist.	고맙군. 악마도 자네가 있다는 걸 잊어버리길 빌지.	번역완료	
117	Data/NPCData/061.EDT	30	480	The name's Devin Connell. You be lucky ya bumped into me. I have a fine selection of goods that ya might be interested in. Things that go bang be me specialty.	이름은 데빈 코넬이야. 나랑 마주친 걸 행운으로 알아. 자네가 관심 가질 만한 좋은 물건들이 꽤 있거든. '쾅' 하는 물건이 내 전문이지.	번역완료	
118	Data/NPCData/061.EDT	31	480	And I only be handlin' the ones that go bang when they're supposed to. Got a few things to show ya, ya never know if ya be interested.	그리고 난 터져야 할 때 제대로 터지는 물건만 취급해. 보여줄 게 좀 있으니 봐둬. 혹시 마음에 들지 누가 알아?	번역완료	
119	Data/NPCData/061.EDT	32	480	Aye. I could put some of me explosive knowledge to practice. Knowledge like that don't come on the cheap, ya know. And ya be asking me to turn me back on a highly profitable business.	그래. 내 폭발물 지식을 실전에 써먹을 수도 있지. 하지만 그런 지식은 싸게 얻은 게 아니야. 게다가 자네는 지금 나더러 아주 짭짤한 장사를 접으라는 거잖아.	번역완료	
120	Data/NPCData/061.EDT	33	480	It be settled then. I be workin' with ya.	좋아, 결정됐군. 자네들과 일하지.	번역완료	
121	Data/NPCData/061.EDT	34	480	Aye. No hard feelings. I can still be takin' care of your explosive needs.	그래. 섭섭한 건 없어. 폭발물이 필요하면 여전히 내가 챙겨줄 수 있으니까.	번역완료	
122	Data/NPCData/061.EDT	35	480	You can count on me for nothin' 'til your debt be paid.	빚을 갚기 전까지는 내게 아무것도 기대하지 마.	번역완료	
123	Data/NPCData/061.EDT	36	480	That be encouraging.	그건 고무적인 소식이군.	번역완료	
124	Data/NPCData/061.EDT	37	480	You best be takin' care of your business before we can do any.	우리끼리 무슨 거래를 하려면 먼저 자네 볼일부터 처리하는 게 좋겠어.	번역완료	
125	Data/NPCData/063.EDT	1	480	Me name is Hamous.	내 이름 하무스다.	번역완료	
126	Data/NPCData/063.EDT	2	480	Is good to see amigo.	다시 봐서 좋다, 친구.	번역완료	
127	Data/NPCData/063.EDT	3	480	Me like country. It make me think of home.	나 시골 좋다. 고향 생각난다.	번역완료	
128	Data/NPCData/063.EDT	4	480	You got something in your teeth. Like meat or something.	이빨에 뭐 끼었다. 고기 같은 거.	번역완료	
129	Data/NPCData/063.EDT	5	480	Me no want dis.	나 이거 싫다.	번역완료	
130	Data/NPCData/063.EDT	6	480	Me miss Metavira. Me miss Mister Jack sometime.	나 메타비라 그립다. 가끔 미스터 잭도 그립다.	번역완료	
131	Data/NPCData/063.EDT	7	480	Me no do nothing. You mad for nothing.	나 아무것도 안 했다. 너 괜히 화낸다.	번역완료	
132	Data/NPCData/063.EDT	8	480	No. Me no want to work with YOU.	싫다. 나 너랑 일하기 싫다.	번역완료	
133	Data/NPCData/063.EDT	9	480	Me hurt... bad.	나 다쳤다... 많이.	번역완료	
134	Data/NPCData/063.EDT	10	480	Me must go.	나 가야 한다.	번역완료	
135	Data/NPCData/063.EDT	11	480	Blood stop. Thank you.	피 멈췄다. 고맙다.	번역완료	
136	Data/NPCData/063.EDT	12	480	Naughty person...	나쁜 사람...	번역완료	
137	Data/NPCData/063.EDT	13	480	It be long time. Me want to do it again. We can use truck. No more hurting feet. Me ask for only small cost.	오래됐다. 나 다시 해보고 싶다. 트럭 쓰면 된다. 이제 발 안 아프다. 돈 조금만 받는다.	번역완료	
138	Data/NPCData/063.EDT	14	480	Me make big travels. See world in truck me borrow from stranger. No save enough money to buy one. Me have much fun. Meet people.	나 여행 많이 했다. 낯선 사람한테 빌린 트럭 타고 세상 봤다. 내 트럭 살 돈은 못 모았다. 그래도 아주 재밌었다. 사람들도 많이 만났다.	번역완료	
139	Data/NPCData/063.EDT	15	480	Is funny that I see mercenary men here, yes? It bring back much good memory. I miss some of dese men very much.	여기 용병들 보니까 이상하게 웃긴다, 그렇지? 좋은 기억 많이 난다. 그 사람들 몇 명은 정말 많이 그립다.	번역완료	
140	Data/NPCData/063.EDT	16	480	Okay, me ready now.	좋다, 나 이제 준비됐다.	번역완료	
141	Data/NPCData/063.EDT	17	480	Me sorry. For little while me visit Arulco. Maybe you change mind.	미안하다. 나 잠깐 아룰코 돌아다닌다. 어쩌면 너 마음 바뀐다.	번역완료	
142	Data/NPCData/063.EDT	18	480	You owe me money. When you pay?	너 나한테 돈 빚졌다. 언제 갚나?	번역완료	
143	Data/NPCData/063.EDT	19	480	Me no have money. Thank you.	나 돈 없다. 고맙다.	번역완료	
144	Data/NPCData/063.EDT	20	480	Talk after naughty men die..	나쁜 놈들 죽인 다음 이야기한다.	번역완료	
145	Data/NPCData/064.EDT	1	480	Hello.	안녕.	번역완료	
146	Data/NPCData/064.EDT	2	480	We meet again. How nice.	또 만났군. 반갑네.	번역완료	
147	Data/NPCData/064.EDT	3	480	I understand the necessity of war. But it just seems this whole thing could have been settled... with an assassination.	전쟁이 필요하다는 건 이해하지. 하지만 이 모든 일은... 암살 한 번이면 해결될 수도 있었을 것 같은데.	번역완료	
148	Data/NPCData/064.EDT	4	480	You're the hired guns I've heard of. I have a lot of respect for your line of work.	소문으로 듣던 고용된 총잡이들이군. 자네들 같은 일을 하는 사람들은 존중하지.	번역완료	
149	Data/NPCData/064.EDT	5	480	I don't want it.	필요 없어.	번역완료	
150	Data/NPCData/064.EDT	6	480	I came down here to get away from it all. Finding myself in the middle of a war makes me nervous as hell. The Americans will come. They always come to a war! I don't like the Americans.	난 이 모든 걸 피해 여기까지 내려왔어. 그런데 한복판이 전쟁터라니 죽도록 신경 쓰이는군. 미국 놈들도 올 거야. 전쟁만 나면 늘 오잖아! 난 미국 놈들이 싫어.	번역완료	
151	Data/NPCData/064.EDT	7	480	In case you hadn't noticed, I have a gun. Perhaps we can talk like professionals here.	눈치챘는지 모르겠지만 나도 총이 있어. 여기서는 전문가답게 이야기하는 게 어떨까.	번역완료	
152	Data/NPCData/064.EDT	8	480	No. Wasn't part of my plans.	아니. 내 계획에는 없었어.	번역완료	
153	Data/NPCData/064.EDT	9	480	I need a doctor...	의사가 필요해...	번역완료	
154	Data/NPCData/064.EDT	10	480	Good talking to you.	얘기 즐거웠네.	번역완료	
155	Data/NPCData/064.EDT	11	480	Appreciated.	고맙군.	번역완료	
156	Data/NPCData/064.EDT	12	480	You should have backed out when you had the chance!	기회가 있을 때 빠졌어야지!	번역완료	
157	Data/NPCData/064.EDT	13	480	Stop! Okay, you know who I am. We can make a deal. How would you like to have the use of my talents? I'm an excellent sniper. Very comfortable on rooftops. Can pick off just about anything you want.	잠깐! 좋아, 내가 누군지 아는군. 거래를 하지. 내 재능을 써볼 생각은 없나? 난 뛰어난 저격수야. 지붕 위에서도 아주 편하고. 원하는 건 거의 뭐든 골라서 쓰러뜨릴 수 있지.	번역완료	
158	Data/NPCData/064.EDT	14	480	I tell you what... I'll give you a week. You get the services of Richard Ruttwen, free of charge, for one week. Then, we're even, and I walk. If you know anything about my reputation, you won't pass on the chance.	이렇게 하지... 일주일을 주겠어. 리처드 러트웬의 능력을 딱 일주일 동안 공짜로 쓰는 거야. 그러면 빚은 끝이고 난 떠난다. 내 명성을 조금이라도 안다면 이 기회를 놓치진 않겠지.	번역완료	
159	Data/NPCData/064.EDT	15	480	Okay... We got a deal. Just treat me like any of the others.	좋아... 거래 성립이군. 다른 사람들과 똑같이 대해줘.	번역완료	
160	Data/NPCData/064.EDT	16	480	You deceitful bastard!	이 비열한 자식!	번역완료	
161	Data/NPCData/064.EDT	17	480	Don't be expecting me to do anything for it.	그걸 줬다고 내가 뭘 해줄 거라 기대하진 마.	번역완료	
162	Data/NPCData/064.EDT	18	480	Still a lot of fighting going on here. Not a good time to be talking.	아직 총성이 꽤 들리는군. 지금은 이야기할 때가 아니야.	번역완료	
163	Data/NPCData/066.EDT	1	480	Freedom. Sweet freedom. I'm Greg Duncan. A survivor of Deidranna's madness.	자유다. 달콤한 자유야. 난 그레그 덩컨이야. 데이드라나의 광기에서 살아남았지.	번역완료	
164	Data/NPCData/066.EDT	2	480	Good to see ya... I haven't forgotten ya. Doubt I ever will.	다시 보니 좋군... 자네를 잊지 않았어. 아마 평생 못 잊겠지.	번역완료	
165	Data/NPCData/066.EDT	3	480	I might be able to help ya.	내가 도움이 될지도 모르겠군.	번역완료	
166	Data/NPCData/066.EDT	4	480	Satan himself wouldn't last the day in a cell at Tixa.	사탄이라도 틱사 감방에서는 하루를 못 버틸 거야.	번역완료	
167	Data/NPCData/066.EDT	5	480	Thanks. But I don't need it.	고맙지만, 필요 없어.	번역완료	
168	Data/NPCData/066.EDT	6	480	Hard to believe I'm finally free.	내가 정말 자유가 됐다는 게 아직도 믿기지 않는군.	번역완료	
169	Data/NPCData/066.EDT	7	480	You don't scare me. There's nothing left to scare.	난 자네가 무섭지 않아. 이제 더는 겁먹을 것도 없거든.	번역완료	
170	Data/NPCData/066.EDT	8	480	No! I'm thinking I should check in with my wife.	아니! 아내한테 가서 얼굴이라도 보여줘야 할 것 같아.	번역완료	
171	Data/NPCData/066.EDT	9	480	I need to get med...a doctor.	치료가... 의사가 필요해.	번역완료	
172	Data/NPCData/066.EDT	10	480	I ain't got time.	시간 없어.	번역완료	
173	Data/NPCData/066.EDT	11	480	I ain't got nothing to say to you until you pay me the money you owe me.	내게 빚진 돈을 갚기 전에는 자네한테 할 말 없어.	번역완료	
174	Data/NPCData/066.EDT	12	480	I'm sure I can put that to use.	그건 분명 쓸 데가 있겠군.	번역완료	
175	Data/NPCData/066.EDT	13	480	Could be my last chance to watch the bitch die. Yeah... I got a score to settle.	그년이 죽는 걸 볼 마지막 기회일지도 몰라. 그래... 갚아줄 빚이 있지.	번역완료	
176	Data/NPCData/066.EDT	14	480	What do you say to fifty bucks a day? Something to send back to the wife and put food in my mouth along the way. I'm pretty good at jimmying doors. Could get ya into a lot of places.	하루 50달러면 어때? 아내한테도 좀 보내고 나도 먹고살 돈은 있어야지. 문 따는 솜씨는 꽤 좋아. 자네를 여러 곳에 들여보내 줄 수 있을 거야.	번역완료	
177	Data/NPCData/066.EDT	15	480	I was caged up for over a month. A month longer than most people imprisoned in Tixa. They usually don't make it past the first day!	난 한 달 넘게 갇혀 있었어. 틱사에 갇힌 사람들보다 한 달은 더 버틴 셈이지. 보통은 첫날도 못 넘기거든!	번역완료	
178	Data/NPCData/066.EDT	16	480	My crime? I was told to attend one of the Queen's speeches and to clap loudly. My kid got sick, and I forgot all about it. They came for me the same night.	내 죄가 뭐였냐고? 여왕의 연설에 참석해서 열심히 박수 치라는 명령을 받았지. 그런데 애가 아파서 그걸 까맣게 잊었어. 그날 밤 바로 잡으러 왔더군.	번역완료	
179	Data/NPCData/066.EDT	17	480	When I told the authorities what happened, they shot and killed my four year old son right in front of me, just so it wouldn't happen again.	당국에 사정을 설명했더니, 다시는 그런 일이 없게 하겠다며 내 눈앞에서 네 살배기 아들을 총으로 쏴 죽였어.	번역완료	
180	Data/NPCData/066.EDT	18	480	I know you're busy. Ya got a war to fight and all. I should be grateful just for the chance to breath air, but I'm hurtin' bad and I could use some medical attention...	자네들이 바쁜 건 알아. 전쟁 중이니까. 숨 쉬며 살아 있다는 것만으로 감사해야겠지만, 너무 아파서 치료가 좀 필요해...	번역완료	
181	Data/NPCData/066.EDT	19	480	Thanks. Feeling better already.	고마워. 벌써 좀 나아진 것 같군.	번역완료	
182	Data/NPCData/066.EDT	20	480	Only reason I'm probably still alive is that my brother, Matt, runs a mining operation in Alma. That was enough to make sure the guards brought me my food first. There was never enough to go around.	내가 아직 살아 있는 건 아마 형제인 맷이 알마에서 광산을 운영하기 때문일 거야. 그 덕에 간수들이 음식은 내게 먼저 가져다줬지. 그래도 늘 모자랐어.	번역완료	
183	Data/NPCData/066.EDT	21	480	Matt's someone who'll be awfully glad to see me. He and his crew have been on a work slowdown at the mine in protest of my detention. Kinda slowed production as much as they could without getting themselves executed.	맷은 날 보면 정말 기뻐할 거야. 나를 가둔 데 항의해서 그와 광부들이 작업 속도를 늦추고 있었거든. 처형당하지 않을 만큼만 생산을 최대한 줄인 거지.	번역완료	
184	Data/NPCData/066.EDT	22	480	I'd feel better if you took care of the guards before we got into any long conversations.	긴 이야기를 하기 전에 간수들부터 처리해주면 마음이 놓이겠군.	번역완료	
185	Data/NPCData/066.EDT	23	480	Are you sure there's no one around? Last thing I'd want to do is run into a guard.	정말 주위에 아무도 없는 거 맞아? 간수랑 마주치는 건 정말 사양이야.	번역완료	
186	Data/NPCData/066.EDT	24	480	I'm up to it! I can't wait to get my hands around her neck.	할 수 있어! 그년 목을 직접 조를 생각만 해도 기다릴 수가 없군.	번역완료	
187	Data/NPCData/066.EDT	25	480	Oh, what the hell... I can't pass on the chance to avenge my son's death. Just feed me every once in a while, okay?	아, 젠장... 아들 원수를 갚을 기회를 놓칠 순 없지. 가끔 밥만 챙겨줘, 알겠지?	번역완료	
188	Data/NPCData/066.EDT	26	480	Burn in hell! You heartless bastard.	지옥에서 불타라! 이 무정한 자식아.	번역완료	
189	Data/NPCData/066.EDT	27	480	It's good to see you too, Matt. There was a time when I thought that would never happen.	나도 반갑다, 맷. 다시 이런 날이 올 거라고는 생각도 못 했던 때가 있었지.	번역완료	
190	Data/NPCData/066.EDT	28	480	Yeah... I got a serious score to settle.	그래... 반드시 갚아줘야 할 빚이 있어.	번역완료	
191	Data/NPCData/067.EDT	1	480	Breeham Druz. Everyone calls me Shank.	브리햄 드루즈야. 다들 날 생크라고 불러.	번역완료	
192	Data/NPCData/067.EDT	2	480	How you doing? Thanks to you, I'm doing a lot better.	잘 지내? 자네 덕분에 난 훨씬 나아졌어.	번역완료	
193	Data/NPCData/067.EDT	3	480	It's gonna be nice to be able to sleep through a night.	이제 밤에 푹 잘 수 있겠군.	번역완료	
194	Data/NPCData/067.EDT	4	480	It was like God sent you. You can't believe how grateful I am.	마치 하느님이 자네들을 보내준 것 같았어. 내가 얼마나 고마운지 상상도 못 할 거야.	번역완료	
195	Data/NPCData/067.EDT	5	480	Freeing me was enough. You keep it.	날 풀어준 것만으로 충분해. 자네가 가져.	번역완료	
196	Data/NPCData/067.EDT	6	480	Promise me you'll see to it that Deidranna suffers.	데이드라나가 반드시 대가를 치르게 해주겠다고 약속해줘.	번역완료	
197	Data/NPCData/067.EDT	7	480	I told you everything. I swear!	난 다 말했어. 맹세해!	번역완료	
198	Data/NPCData/067.EDT	8	480	It's not that I don't want to. I'm just not much of a soldier.	하기 싫어서가 아니야. 난 그냥 군인 체질이 아니거든.	번역완료	
199	Data/NPCData/067.EDT	9	480	I can't deal with this. The pain's... painful.	이건 못 견디겠어. 아픈 게... 진짜 아프다고.	번역완료	
200	Data/NPCData/067.EDT	10	480	I need time alone.	혼자 있을 시간이 필요해.	번역완료	
201	Data/NPCData/067.EDT	11	480	I'd appreciate the money you still owe me. Until then, I haven't really got much to say to you.	아직 내게 갚아야 할 돈을 주면 좋겠어. 그전까지는 자네랑 별로 할 말이 없네.	번역완료	
202	Data/NPCData/067.EDT	12	480	Money's always good.	돈은 언제나 좋지.	번역완료	
203	Data/NPCData/067.EDT	13	480	Gettin' back at those responsible for putting me in Tixa? Sounds like a decent proposition to me. I'll try not to get in the way.	날 틱사에 처넣은 놈들에게 복수한다고? 제법 괜찮은 제안인데. 방해만 안 되게 해볼게.	번역완료	
204	Data/NPCData/067.EDT	14	480	This is kinda awkward, but do you think you could spare twenty bucks a day, just so I'm not moochin' off everybody? I'm a pretty damn good knife thrower. Used to even do it blindfolded just for kicks at parties.	좀 어색한 부탁인데, 다른 사람한테 빌붙지 않게 하루 20달러 정도 줄 수 있어? 나 칼 던지는 건 꽤 잘해. 예전엔 파티에서 장난 삼아 눈을 가리고도 던졌어.	번역완료	
205	Data/NPCData/067.EDT	15	480	All right! Now what can I do for ya?	좋아! 이제 내가 뭘 하면 돼?	번역완료	
206	Data/NPCData/067.EDT	16	480	You must be part of that group of mercenaries we've been hearing about. Ya guys are going save our country, I know it... You've already saved me.	자네들이 소문으로 듣던 그 용병들인가 보군. 자네들이 우리 나라를 구할 거야, 난 알아... 이미 날 구했잖아.	번역완료	
207	Data/NPCData/067.EDT	17	480	Gordon has lost his mind. They beat that poor guy to a pulp, then let him recover enough so they could beat him again. It's best to just leave him alone.	고든은 미쳐버렸어. 그 불쌍한 사람을 죽도록 두들겨 패고, 다시 팰 수 있을 만큼 회복시키고 또 팼지. 그냥 내버려두는 게 좋아.	번역완료	
208	Data/NPCData/067.EDT	18	480	I consider myself lucky. I only spent a couple of days in Tixa - which is nothing compared to Dynamo Duncan. He's an oldtimer. Don't know how he survived.	난 운이 좋은 편이야. 틱사에 며칠밖에 안 있었거든. 다이나모 덩컨에 비하면 아무것도 아니지. 완전 고참이야. 어떻게 살아남았는지 모르겠어.	번역완료	
209	Data/NPCData/067.EDT	19	480	You want to know why I'm in Tixa? Because of my parents. Turned me in for growing a couple of plants. They're rich, and they're friends with the Queen. Just like everyone else who lives in Balime.	내가 왜 틱사에 왔는지 궁금해? 부모 때문이야. 식물 몇 포기 키웠다고 날 신고했어. 돈도 많고 여왕과도 친하지. 발라임에 사는 다른 부자들처럼.	번역완료	
210	Data/NPCData/067.EDT	20	480	I hate them! All of them! Got their wealth from the suffering of others. I'd think nothing of killing 'em. That goes double for my old man and old lady.	난 그 인간들이 다 싫어! 전부! 남들 고통 덕분에 부자가 된 놈들이야. 죽이는 데 아무 거리낌도 없어. 우리 부모라면 더더욱 그렇고.	번역완료	
211	Data/NPCData/067.EDT	21	480	I heard some shooting. Is everything okay?	총소리가 들렸는데. 괜찮은 거야?	번역완료	
212	Data/NPCData/067.EDT	22	480	Let me know when everything's okay...	다 괜찮아지면 알려줘...	번역완료	
213	Data/NPCData/067.EDT	23	480	A lot of people are sure going to be surprised when they see me around again.	내가 다시 돌아다니는 걸 보면 놀랄 사람이 꽤 많겠군.	번역완료	
214	Data/NPCData/067.EDT	24	480	Jeez! Do you know how little twenty bucks gets ya? Ah, well... Have it your way.	이런! 하루 20달러로 뭘 할 수 있는지 알아? 아, 뭐... 자네 뜻대로 하지.	번역완료	
215	Data/NPCData/067.EDT	25	480	You ruthless son of a dog.	이 무자비한 개자식.	번역완료	
216	Data/NPCData/067.EDT	26	480	You get me to Estoni and I could probably make some arrangements to get some fuel. Don't know if it interests you, but it's a thought.	나를 에스토니까지 데려다주면 연료를 구할 방법을 좀 마련할 수 있을 거야. 자네에게 필요한지는 모르겠지만, 생각해볼 만하지.	번역완료	
217	Data/NPCData/067.EDT	27	480				
218	Data/NPCData/068.EDT	1	480	I am Igmus Palkov..	나는 이그무스 팔코프다.	번역완료	
219	Data/NPCData/068.EDT	2	480	Call me Iggy.	이기라고 불러라.	번역완료	
220	Data/NPCData/068.EDT	3	480	My nightmares confirm the things I have seen. Ah, I no can talk about it.	내가 본 것들이 악몽으로 다시 나온다. 아... 그 이야기는 못 한다.	번역완료	
221	Data/NPCData/068.EDT	4	480	I had always thought that I, Igmus Palkov, would become a great admiral in Mother Russia. I do not know what happened.	나 이그무스 팔코프는 언제나 어머니 러시아의 위대한 제독이 될 거라 생각했다. 어떻게 이렇게 됐는지 모르겠다.	번역완료	
222	Data/NPCData/068.EDT	5	480	No. Is of no importance to me.	아니다. 나한테 중요한 물건 아니다.	번역완료	
223	Data/NPCData/068.EDT	6	480	I see women here carry guns. Women should carry baby. Is pitiful what this war has done.	여기 여자들이 총 들고 다니는 것 본다. 여자는 아기 안아야 한다. 전쟁이 이렇게 만든 것 안타깝다.	번역완료	
224	Data/NPCData/068.EDT	7	480	Who do think you talk to? You must pay for this!	누구한테 말하는 줄 아나? 이건 대가 치러야 한다!	번역완료	
225	Data/NPCData/068.EDT	8	480	I am not sure.	확신 없다.	번역완료	
226	Data/NPCData/068.EDT	9	480	Need help... urgently.	도움 필요하다... 빨리.	번역완료	
227	Data/NPCData/068.EDT	10	480	It is not befitting a soldier to make idle conversation. So I go now.	군인이 쓸데없는 잡담하는 건 어울리지 않는다. 그래서 이제 간다.	번역완료	
228	Data/NPCData/068.EDT	11	480	You are kind.	너 친절하다.	번역완료	
229	Data/NPCData/068.EDT	12	480	Is now time for YOU to die!	이제 네가 죽을 시간이다!	번역완료	
230	Data/NPCData/068.EDT	13	480	I am mercenary, too. I take job with man named Mike. I did know nothing of this Queen Deidranna and her sick ways. I am not happy with job. I wish I was back in Mother Russia.	나도 용병이다. 마이크라는 남자 밑에서 일했다. 데이드라나 여왕과 그 미친 짓들 전혀 몰랐다. 이 일 마음에 안 든다. 어머니 러시아로 돌아가고 싶다.	번역완료	
231	Data/NPCData/068.EDT	14	480	I am good shot and very good at almost everything. I will take pleasure in fighting for the good side. We will kill those traitors to the peoples.	나 사격 잘하고 거의 모든 일 아주 잘한다. 좋은 편을 위해 싸우는 것 기쁘다. 민중을 배신한 놈들 죽인다.	번역완료	
232	Data/NPCData/068.EDT	15	480	I make you good price. I work for Arulco Army for $2,000. Everyday I get this. But I not expect this much from you.	좋은 값 해준다. 아룰코 군대에서는 하루 2,000달러 받았다. 하지만 너한테 그만큼 바라지 않는다.	번역완료	
233	Data/NPCData/068.EDT	16	480	Good. We kill traitors together.	좋다. 우리 함께 배신자 죽인다.	번역완료	
234	Data/NPCData/068.EDT	17	480	You have my money. You are a thief!	내 돈 네가 갖고 있다. 너 도둑이다!	번역완료	
235	Data/NPCData/068.EDT	18	480	This is too bad. I will leave Arulco. I will not be a problem.	아쉽다. 나 아룰코 떠난다. 문제 만들지 않는다.	번역완료	
236	Data/NPCData/068.EDT	19	480	I happy not to fight you. I do not want money.	너랑 싸우지 않아 기쁘다. 돈도 필요 없다.	번역완료	
237	Data/NPCData/068.EDT	20	480	You should have paid me, you infidel!	돈 줬어야 했다, 이 불신자야!	번역완료	
238	Data/NPCData/069.EDT	1	480	Doctor Vincent Beaumont. Pleasure to meet ya.	빈센트 보몽 박사입니다. 만나서 반갑군요.	번역완료	
239	Data/NPCData/069.EDT	2	480	What can I do to help ya?	뭘 도와드릴까요?	번역완료	
240	Data/NPCData/069.EDT	3	480	Until you guys came down here, I had given up on this country. The only reason I'm still here is I couldn't turn my back on its people.	당신들이 오기 전에는 이 나라를 포기하고 있었어요. 그래도 떠나지 못한 건 이 사람들을 외면할 수 없었기 때문입니다.	번역완료	
241	Data/NPCData/069.EDT	4	480	You guys are nothing short of heroes.	당신들은 정말 영웅이라고 해도 과언이 아니군요.	번역완료	
242	Data/NPCData/069.EDT	5	480	You keep it.	그건 그냥 가지세요.	번역완료	
243	Data/NPCData/069.EDT	6	480	You wouldn't believe what Deidranna's put these people through. Most of them are probably far too scared to tell ya. They desperately want to believe in ya.	데이드라나가 이 사람들에게 무슨 짓을 했는지 상상도 못 할 겁니다. 대부분 너무 두려워서 말도 못 할 거예요. 사람들은 필사적으로 당신들을 믿고 싶어 합니다.	번역완료	
244	Data/NPCData/069.EDT	7	480	Why the attitude? There's no reason for it.	왜 그렇게 날이 서 있죠? 그럴 이유는 없잖아요.	번역완료	
245	Data/NPCData/069.EDT	8	480	I have my concerns about you. It's nothin' uh, personal, of course.	당신들에 대해 걱정되는 점이 좀 있습니다. 물론, 개인적인 감정은 아니고요.	번역완료	
246	Data/NPCData/069.EDT	9	480	Ughhh - I'm hemorrhaging... Uhh - I'm weak...	으으... 출혈이 심해... 으... 힘이 빠져...	번역완료	
247	Data/NPCData/069.EDT	10	480	Don't mean to brush ya off, but I have to.	무시하려는 건 아닌데, 지금은 가봐야겠어요.	번역완료	
248	Data/NPCData/069.EDT	11	480	It will help keep things going around here.	이곳을 계속 운영하는 데 도움이 될 겁니다.	번역완료	
249	Data/NPCData/069.EDT	12	480	Just the one wounded? That shouldn't pose any problems.	부상자가 한 명뿐인가요? 그 정도면 문제없겠네요.	번역완료	
250	Data/NPCData/069.EDT	13	480	Looks like I have a full slate ahead of me today.	오늘은 일정이 꽉 찼군요.	번역완료	
251	Data/NPCData/069.EDT	14	480	Though I hate to do this, I will have to charge you for any medical services rendered. Otherwise, we couldn't keep this place open.	이런 말을 하긴 싫지만, 치료비는 받을 수밖에 없습니다. 그렇지 않으면 이 병원을 계속 운영할 수 없어요.	번역완료	
252	Data/NPCData/069.EDT	15	480	I'll cut you a little bit of a break on the price. I wouldn't feel right otherwise.	비용은 조금 깎아드리죠. 안 그러면 마음이 불편할 것 같네요.	번역완료	
253	Data/NPCData/069.EDT	16	480	Since you guys are for real, I'll only charge you for the cost of the supplies.	당신들이 진짜라는 걸 알았으니 소모품 원가만 받겠습니다.	번역완료	
254	Data/NPCData/069.EDT	17	480	You guys are out there putting it on the line for us. The least we can do is give ya a freebie this time.	당신들은 우리를 위해 목숨을 걸고 있잖아요. 이번만큼은 무료로 해드리는 게 최소한의 도리죠.	번역완료	
255	Data/NPCData/069.EDT	18	480	Unfortunately, I'm going to have to charge you for use of our services.	유감이지만 이번에는 진료비를 받아야 합니다.	번역완료	
256	Data/NPCData/069.EDT	19	480	Ya got to promise me you won't tell anyone... I really appreciate what you're doing, so I'm going to play with some numbers and bury the costs of this treatment somewhere. It's hush-hush, and I can't do it too often.	누구한테도 말하지 않겠다고 약속해줘요... 당신들이 하는 일에 정말 감사하니까 장부 숫자를 좀 손봐서 이번 치료비를 다른 데 묻어버리겠습니다. 비밀이에요. 자주 할 수 있는 일도 아니고요.	번역완료	
257	Data/NPCData/069.EDT	20	480	Tell them I'm on my way.	제가 가고 있다고 전해주세요.	번역완료	
258	Data/NPCData/069.EDT	21	480	Good. Shouldn't be too long...	좋아요. 오래 걸리진 않을 겁니다...	번역완료	
259	Data/NPCData/069.EDT	22	480	All right! It could be a while, just leave it in my capable hands.	좋습니다! 시간이 좀 걸릴 수도 있으니 제게 맡겨두세요.	번역완료	
260	Data/NPCData/069.EDT	23	480	I wish I was in a position where I could do something better on the cost, but I can't. Hope you'll reconsider.	비용을 더 낮춰드릴 수 있으면 좋겠지만 그럴 형편이 안 됩니다. 다시 생각해보세요.	번역완료	
261	Data/NPCData/069.EDT	24	480	Don't take this wrong. Working with you was an adventure, but I sort of got it out of my system. I think the best place for me is right here.	오해하진 마세요. 당신들과 함께한 건 모험이었지만, 이제 그런 욕구는 충분히 풀린 것 같습니다. 제 자리는 여기인 것 같아요.	번역완료	
262	Data/NPCData/069.EDT	25	480	I'll give ya a decent price on my services, but I will have to include the money you still owe me.	진료비는 괜찮은 가격으로 해드리겠지만, 아직 갚지 않은 돈은 포함해야 합니다.	번역완료	
263	Data/NPCData/069.EDT	26	480	Before we get into any heavy conversation, I'd feel a lot better if you took care of the gunfire. I'm not crazy about the hospital being in the middle of a combat zone.	진지한 이야기를 하기 전에 총격부터 끝내주면 좋겠어요. 병원이 전투 한가운데 있는 건 정말 마음에 안 듭니다.	번역완료	
264	Data/NPCData/069.EDT	27	480	I've actually been giving it some thought. I wouldn't mind getting a firsthand piece of some of those thugs the Queen calls her army. I could be the team doctor, you know, ready to treat, right on the spot.	사실 나도 생각해봤어요. 여왕이 군대라고 부르는 그 깡패들을 직접 상대해보는 것도 나쁘지 않을 것 같더군요. 팀 의사로 따라가면 그 자리에서 바로 치료할 수도 있고요.	번역완료	
265	Data/NPCData/069.EDT	28	480	No more dragging people here for treatment... I do have some experience with field medicine, and I know a lot of the townsfolk in the countryside. It could help having me around...	치료받을 사람을 여기까지 끌고 올 필요도 없겠죠... 야전 의료 경험도 있고, 시골 주민들도 많이 압니다. 제가 곁에 있으면 도움이 될 수도 있어요...	번역완료	
266	Data/NPCData/069.EDT	29	480	Of course, the risk would be higher. I'd be exposing myself to all kinds of possible dangers. But, I'd be willing to do it for, say, 500 dollars a day...	물론 위험은 더 커지겠죠. 온갖 위험에 노출될 테니까요. 그래도 하루 500달러 정도라면 해볼 의향이 있습니다...	번역완료	
267	Data/NPCData/069.EDT	30	480	Settled, let's get to it.	좋습니다. 시작하죠.	번역완료	
268	Data/NPCData/069.EDT	31	480	Well... it was just a thought.	뭐... 그냥 생각해본 겁니다.	번역완료	
269	Data/NPCData/069.EDT	32	480	I'm pretty sure we've still got the necessary supplies... The hospital has an inventory problem. The few supplies we do manage to get our hands on, some employee keeps stealing.	필요한 의료품은 아직 있을 겁니다... 병원에 재고 문제가 있긴 해요. 어렵게 구해온 물품마저 직원 중 누군가가 계속 훔쳐가거든요.	번역완료	
270	Data/NPCData/069.EDT	33	480	Not today, I'm afraid. Someone's been ripping our stuff off. I couldn't find a bandage if your life depended on it.	오늘은 안 되겠네요. 누군가 계속 물건을 빼돌리고 있어요. 당신 목숨이 달렸어도 붕대 하나 못 찾아낼 지경입니다.	번역완료	
271	Data/NPCData/069.EDT	34	480	Thanks, but no thanks. Using medical supplies from a stranger would have malpractice written all over it.	고맙지만 사양하죠. 낯선 사람이 가져온 의료품을 썼다간 의료 과실 딱지가 붙기 좋습니다.	번역완료	
272	Data/NPCData/069.EDT	35	480	You sick son-of-a-bitch.	이 역겨운 개자식.	번역완료	
273	Data/NPCData/069.EDT	36	480	Your efforts seem to be paying off. Sometimes I wish I was still part of it. But what's important is you're getting the job done.	당신들의 노력이 성과를 내는 것 같군요. 가끔은 나도 아직 함께였으면 싶습니다. 그래도 중요한 건 당신들이 일을 해내고 있다는 거죠.	번역완료	
274	Data/NPCData/069.EDT	37	480	Don't mean to be a stickler about this, but I'll need the cash.	이런 걸 따지고 싶진 않지만, 현금으로 받아야 합니다.	번역완료	
275	Data/NPCData/069.EDT	38	480	The entire amount!	전액 말입니다!	번역완료	
276	Data/NPCData/070.EDT	1	480	Lt. Conrad Gillett. Please, don't ask for autograph.	콘래드 질렛 중위다. 사인은 부탁하지 마라.	번역완료	
277	Data/NPCData/070.EDT	2	480	You like to be seen with me, hmm?	나와 함께 있는 모습이 보이는 게 좋은가, 흠?	번역완료	
278	Data/NPCData/070.EDT	3	480	A plan. A clear, concise plan. It is backbone of good operation.	계획. 명확하고 간결한 계획. 그것이 훌륭한 작전의 뼈대다.	번역완료	
279	Data/NPCData/070.EDT	4	480	I have been instructor at every military academy worthy of mention in the eastern hemisphere.	나는 동반구에서 이름값 하는 모든 사관학교에서 교관을 지냈다.	번역완료	
280	Data/NPCData/070.EDT	5	480	That is not good enough for me.	그 정도로는 내 기준에 못 미친다.	번역완료	
281	Data/NPCData/070.EDT	6	480	Good training is the strength of a unit. Without preparation, the men, they fall apart. This is why I am best in charge.	훌륭한 훈련이 부대의 힘이다. 준비가 없으면 병사들은 무너진다. 그래서 내가 지휘해야 하는 것이다.	번역완료	
282	Data/NPCData/070.EDT	7	480	Remain calm. I am in charge here. There is no need for excitement from you.	침착하게 있어라. 여기는 내가 책임진다. 자네가 흥분할 필요는 없다.	번역완료	
283	Data/NPCData/070.EDT	8	480	No. My skills exceed your expectations.	아니다. 내 능력은 자네가 기대하는 수준을 넘어선다.	번역완료	
284	Data/NPCData/070.EDT	9	480	Urgent! Doctor!	긴급하다! 의사!	번역완료	
285	Data/NPCData/070.EDT	10	480	Hmm. This conversation no longer interests me. Shooting you interests me.	흠. 이제 이 대화에는 흥미가 사라졌다. 자네를 쏘는 일에는 흥미가 생겼군.	번역완료	
286	Data/NPCData/070.EDT	11	480	A product of good training, I see.	훌륭한 훈련의 결과물이군.	번역완료	
287	Data/NPCData/070.EDT	12	480	Remain calm... while I shoot you.	침착하게 있어라... 내가 자네를 쏘는 동안.	번역완료	
288	Data/NPCData/070.EDT	13	480	You are lucky to meet me. Your timing is most fortunate. My contract with the Army of Arulco has just expired, and I am in search of employment.	나를 만난 건 자네에게 행운이다. 시기도 아주 좋군. 아룰코 군대와의 계약이 막 끝나서 새 일자리를 찾고 있던 참이다.	번역완료	batch RowID 288-487
289	Data/NPCData/070.EDT	14	480	My credentials are much too numerous to mention, but you have no doubt heard of me. I am not only the best freelance military instructor available, but I remain very current and ready for active duty.	내 경력은 너무 많아서 일일이 말하기 어렵지만, 자네도 분명 내 이름은 들었을 것이다. 나는 현재 고용 가능한 최고의 프리랜서 군사 교관일 뿐 아니라, 여전히 현역으로 뛰기에 충분히 최신 전술과 몸 상태를 갖추고 있다.	번역완료	batch RowID 288-487
290	Data/NPCData/070.EDT	15	480	You will look back on this day as being your wisest. The job you offer is of interest to me. However, the talents of man like Lt. Conrad Gillet are not without price.	훗날 오늘이 자네 인생에서 가장 현명한 날이었다고 돌아보게 될 것이다. 제안한 일에는 관심이 있다. 하지만 콘래드 질렛 중위 같은 인재의 능력에는 그에 걸맞은 대가가 필요하지.	번역완료	batch RowID 288-487
291	Data/NPCData/070.EDT	16	480	Okay... I am already in country. I will make you one time special price. Do not expect me to go lower. And you must not tell anyone I work for such low price.	좋아... 이미 이 나라에 와 있으니 이번 한 번만 특별가를 제시하지. 더 깎을 생각은 마라. 그리고 내가 이런 헐값에 일한다는 건 누구에게도 말해선 안 된다.	번역완료	batch RowID 288-487
292	Data/NPCData/070.EDT	17	480	Very good. You now have someone capable of leading and training team.	아주 좋다. 이제 자네 팀에는 지휘와 훈련을 맡을 능력 있는 사람이 생겼군.	번역완료	batch RowID 288-487
293	Data/NPCData/070.EDT	18	480	You have not heard of me I guess. This is most unfortunate. I shall leave country in search of others worthy of my services. Have a good one.	내 이름도 못 들어봤나 보군. 참으로 유감이군. 내 능력에 걸맞은 다른 고용주를 찾아 이 나라를 떠나겠네. 잘 있게.	번역완료	batch RowID 288-487
294	Data/NPCData/070.EDT	19	480	I will consider it fees for my consultion. You are welcome.	자문료로 받은 셈 치지. 감사는 됐다.	번역완료	batch RowID 288-487
295	Data/NPCData/070.EDT	20	480	It is you. You have money you owe me? This is all we have to talk about.	자네가 내게 빚진 돈은 가져왔나? 그게 아니면 할 말 없다.	번역완료	batch RowID 288-487
296	Data/NPCData/072.EDT	1	480	My name is Maddog. I heard about you.	내 이름은 매드독이야. 네 얘기는 들었어.	번역완료	batch RowID 288-487
297	Data/NPCData/072.EDT	2	480	Hmm. I'm surprised. Nobody ever comes back.	흠. 놀랍군. 아무도 다시 찾아오진 않거든.	번역완료	batch RowID 288-487
298	Data/NPCData/072.EDT	3	480	The Queen is a moron. She needs to die.	여왕은 멍청이야. 죽어야 해.	번역완료	batch RowID 288-487
299	Data/NPCData/072.EDT	4	480	My dad put me in charge of wrecking stuff. That's my job. Vice-President of wrecking stuff.	아빠가 나한테 물건 부수는 일을 맡겼어. 그게 내 일이야. 부수기 담당 부사장.	번역완료	batch RowID 288-487
300	Data/NPCData/072.EDT	5	480	Nah, I no want anything useful.	싫어. 난 쓸모 있는 건 필요 없어.	번역완료	batch RowID 288-487
301	Data/NPCData/072.EDT	6	480	I have this fantasy. First, I put the Queen in the trunk of a car. Then, I crush the car. I have other fantasies, but I can't tell you them.	나한테 이런 상상이 있어. 먼저 여왕을 자동차 트렁크에 넣어. 그다음 차를 찌그러뜨리는 거야. 다른 상상도 있지만, 그건 말해줄 수 없어.	번역완료	batch RowID 288-487
302	Data/NPCData/072.EDT	7	480	Heh heh heh. Careful. You're EXCITING me.	헤헤헤. 조심해. 날 흥분시키고 있잖아.	번역완료	batch RowID 288-487
303	Data/NPCData/072.EDT	8	480	No. I don't see myself working with you.	아니. 너랑 같이 일하는 건 별로야.	번역완료	batch RowID 288-487
304	Data/NPCData/072.EDT	9	480	Blood! He he... Lots of blood.	피! 헤헤... 피가 잔뜩이야.	번역완료	batch RowID 288-487
305	Data/NPCData/072.EDT	10	480	I got nothing else to say.	더 할 말 없어.	번역완료	batch RowID 288-487
306	Data/NPCData/072.EDT	11	480	Hey! No more blood.	이봐! 이제 피가 안 나잖아.	번역완료	batch RowID 288-487
307	Data/NPCData/072.EDT	12	480	Come here baby!	이리 와, 자기야!	번역완료	batch RowID 288-487
308	Data/NPCData/072.EDT	13	480	Yeah... It sure sounds like fun. I was thinking of killin' her myself, but a...some company might be all right. Just don't be gettin' in my way, cause I won't let anything get in my way.	그래... 재미있겠네. 나도 직접 그 여자를 죽일 생각이었는데, 뭐... 같이 가는 것도 나쁘진 않겠어. 다만 내 앞을 막진 마. 난 아무것도 내 앞을 막게 두지 않으니까.	번역완료	batch RowID 288-487
309	Data/NPCData/072.EDT	14	480	I'm as strong as an ox... And I'm good at fixin' stuff. Even better at breaking stuff. Just LOVE breakin' heads. Let's do it.	난 황소처럼 힘이 세... 물건 고치는 것도 잘하고. 부수는 건 더 잘해. 특히 머리통 깨는 걸 정말 좋아하지. 가자.	번역완료	batch RowID 288-487
310	Data/NPCData/072.EDT	15	480	I don't have to steal it! Hey!	이젠 훔칠 필요도 없잖아! 이봐!	번역완료	batch RowID 288-487
311	Data/NPCData/072.EDT	16	480	You stop fighting first. I want to be alive to talk to you. It better that way.	네가 먼저 싸움을 멈춰. 살아 있어야 너랑 이야기하지. 그게 더 좋아.	번역완료	batch RowID 288-487
312	Data/NPCData/073.EDT	1	480	Well, howdy stranger.	어이, 낯선 양반. 반갑구먼.	번역완료	batch RowID 288-487
313	Data/NPCData/073.EDT	2	480	Well, howdy again.	어이, 또 만났구먼.	번역완료	batch RowID 288-487
314	Data/NPCData/073.EDT	3	480				
315	Data/NPCData/073.EDT	4	480				
316	Data/NPCData/073.EDT	5	480	Nah, if ya can't be blowing air into it, I ain't really that interested.	됐어. 바람을 불어넣을 수 있는 게 아니면 별로 관심 없어.	번역완료	batch RowID 288-487
317	Data/NPCData/073.EDT	6	480				
318	Data/NPCData/073.EDT	7	480	Ya lips are flappin' awfully fast there, stranger. Best be thinking who's ya yelling at. I don't take kindly to being chewed on by somebody who ain't kin.	입을 아주 쉴 새 없이 놀리는구먼, 낯선 양반. 지금 누구한테 소리치는 건지 잘 생각하는 게 좋을 거야. 피붙이도 아닌 놈한테 잔소리 듣는 건 질색이거든.	번역완료	batch RowID 288-487
319	Data/NPCData/073.EDT	8	480	Nah, I's already part of an army. A family army.	아니. 난 이미 군대에 속해 있어. 우리 가족 군대 말이야.	번역완료	batch RowID 288-487
320	Data/NPCData/073.EDT	9	480	Awww, I be gushin' blood out over here.	아이고, 여기서 피가 줄줄 새잖아.	번역완료	batch RowID 288-487
321	Data/NPCData/073.EDT	10	480	I got myself chores to do...	나 할 일이 좀 있어서...	번역완료	batch RowID 288-487
322	Data/NPCData/073.EDT	11	480	You's gonna git a good whackin'!	한 대 제대로 처맞게 해주마!	번역완료	batch RowID 288-487
323	Data/NPCData/073.EDT	12	480	Ma pa Daryl usually does all the talking and such.	우리 아빠 대릴이 보통 말은 다 해.	번역완료	batch RowID 288-487
324	Data/NPCData/073.EDT	13	480	Come with me, sweety-pie! Got a really nice spot in the barn for ya with the rest of the girls.	이리 와, 귀염둥이! 헛간에 네 자리도 아주 좋게 마련해뒀어. 다른 여자애들이랑 같이 말이야.	번역완료	batch RowID 288-487
325	Data/NPCData/073.EDT	14	480	With this ruckus going on, I sure as hell don't feel like talking.	이 난리통에 무슨 말을 하고 싶겠어.	번역완료	batch RowID 288-487
326	Data/NPCData/074.EDT	1	480	Mm hm. So you're the ones blowing everything all to hell. Well, no one's blowing me, all to hell. I'm Alex Perkolopolis. Call me Perko.	흠. 뭐든 죄다 박살 내고 다닌다는 게 자네들이군. 그런데 망할, 정작 나한테는 '불어주는' 사람이 하나도 없어. 난 알렉스 퍼콜로폴리스야. 퍼코라고 불러.	번역완료	batch RowID 288-487
327	Data/NPCData/074.EDT	2	480	What.	뭐.	번역완료	batch RowID 288-487
328	Data/NPCData/074.EDT	3	480	I like small things, but small talk isn't one of them.	난 작은 걸 좋아하지만, 시시한 잡담은 예외야.	번역완료	batch RowID 288-487
329	Data/NPCData/074.EDT	4	480	Mm hm. I repair almost anything... except electronics. Shocked myself on a hillbilly's cowprod, and I wasn't operational for weeks. Frigged me up.	흠. 웬만한 건 다 고쳐... 전자제품만 빼고. 촌놈 하나의 가축용 전기봉에 감전된 뒤로 몇 주나 몸이 말을 안 들었거든. 완전히 맛이 갔었지.	번역완료	batch RowID 288-487
330	Data/NPCData/074.EDT	5	480	What do you want me to do with this hunk a crap?	이 쓰레기 덩어리를 나더러 어쩌라고?	번역완료	batch RowID 288-487
331	Data/NPCData/074.EDT	6	480	I'd give just about anything for a Tom Jones CD. Queen's frigged with all my mail, so nothing's coming in. All I've got is the Harlem Boys Choir, Greatest Hits.	톰 존스 CD라면 거의 뭐든 내놓을 수 있어. 여왕이 내 우편물을 죄다 막아서 아무것도 안 들어오거든. 지금 가진 거라곤 '할렘 소년 합창단 - 베스트 히트'뿐이야.	번역완료	batch RowID 288-487
332	Data/NPCData/074.EDT	7	480	Whoa. Slow down. You'll get me all excited.	워, 천천히 해. 그러다 나 흥분하겠어.	번역완료	batch RowID 288-487
333	Data/NPCData/074.EDT	8	480	Frig that, I want to have a sandwich and relax. Besides, I'll get blood all over my friggin' slippers.	됐어, 젠장. 난 샌드위치나 먹고 쉬고 싶어. 게다가 내 망할 슬리퍼에 피 묻는 것도 싫고.	번역완료	batch RowID 288-487
334	Data/NPCData/074.EDT	9	480	This hurts worse than a good spanking...	호되게 엉덩이 맞는 것보다 더 아프잖아...	번역완료	batch RowID 288-487
335	Data/NPCData/074.EDT	10	480	I've got work to do.	나 일해야 해.	번역완료	batch RowID 288-487
336	Data/NPCData/074.EDT	11	480	I don't know what you heard, but I don't take money for that anymore. You want something fixed, I'll fix it, but nothing else.	무슨 소문을 들었는진 몰라도, 난 이제 그런 일로 돈 안 받아. 고칠 물건이 있으면 고쳐주겠지만, 그 이상은 없어.	번역완료	batch RowID 288-487
337	Data/NPCData/074.EDT	12	480	Well, let's see what you need fixed. And don't be getting smart on me.	자, 뭘 고쳐야 하는지 보자고. 괜히 까불진 말고.	번역완료	batch RowID 288-487
338	Data/NPCData/074.EDT	13	480	You know what I miss most? Summer sausage. You don't see it in the stores anymore. Friggin' war.	내가 제일 그리운 게 뭔지 알아? 서머 소시지야. 요즘은 가게에서 보이지도 않아. 망할 전쟁 같으니.	번역완료	batch RowID 288-487
339	Data/NPCData/074.EDT	14	480	I haven't got all friggin' day.	망할, 내가 하루 종일 한가한 줄 알아?	번역완료	batch RowID 288-487
340	Data/NPCData/074.EDT	15	480				
341	Data/NPCData/074.EDT	16	480	This the crap you broke? Butterfingers...	이게 자네가 망가뜨린 그 쓰레기야? 참 덜렁대긴...	번역완료	batch RowID 288-487
342	Data/NPCData/074.EDT	17	480	Mm hm. Let me look.	흠. 어디 보자.	번역완료	batch RowID 288-487
343	Data/NPCData/074.EDT	18	480	I don't do electronics. Take it to Fredo in Grumm.	난 전자제품은 안 고쳐. 그룸의 프레도한테 가져가.	번역완료	batch RowID 288-487
344	Data/NPCData/074.EDT	19	480	What the... this ain't broke. Stop wasting my time.	뭐야... 이건 안 망가졌잖아. 내 시간 낭비하지 마.	번역완료	batch RowID 288-487
345	Data/NPCData/074.EDT	20	480	What a can of worms! I'll have to do it slow, and it's going to cost you more for me to do it that way.	이거 완전 골칫덩어리네! 천천히 해야겠어. 그러면 시간이 더 드니 돈도 더 받아야 하고.	번역완료	batch RowID 288-487
346	Data/NPCData/074.EDT	21	480	This is a no brainer.	이건 식은 죽 먹기야.	번역완료	batch RowID 288-487
347	Data/NPCData/074.EDT	22	480	This isn't adding up!	계산이 안 맞잖아!	번역완료	batch RowID 288-487
348	Data/NPCData/074.EDT	23	480	Mm hm.	흠.	번역완료	batch RowID 288-487
349	Data/NPCData/074.EDT	24	480	You gave me too much. I told you, I don't do that for change anymore.	돈을 너무 많이 줬어. 말했잖아, 난 이제 거스름돈 때문에 그런 짓은 안 해.	번역완료	batch RowID 288-487
350	Data/NPCData/074.EDT	25	480	Pending any unforeseen complications, I'll have it done as soon as I can.	예상치 못한 문제만 없다면 최대한 빨리 끝내놓지.	번역완료	batch RowID 288-487
351	Data/NPCData/074.EDT	26	480	Friggin' waste of my time!	망할, 내 시간만 버렸네!	번역완료	batch RowID 288-487
352	Data/NPCData/074.EDT	27	480	Get this crap outta here.	이 쓰레기 치워.	번역완료	batch RowID 288-487
353	Data/NPCData/074.EDT	28	480	What the... I can only do so much at a time, you know.	뭐야... 나도 한 번에 할 수 있는 데는 한계가 있다고.	번역완료	batch RowID 288-487
354	Data/NPCData/074.EDT	29	480	When I get ya, I'll fix ya!	잡히기만 해봐, 내가 제대로 '고쳐'주지!	번역완료	batch RowID 288-487
355	Data/NPCData/074.EDT	30	480	Sorry. I hurt my wrist in a scouting accident, and it's taking me longer than I expected to get your stuff done. Come back later.	미안해. 정찰 나갔다가 손목을 다쳐서 자네 물건 고치는 데 생각보다 오래 걸리고 있어. 나중에 다시 와.	번역완료	batch RowID 288-487
356	Data/NPCData/074.EDT	31	480	What the frig! Get rid of this crap first!	뭐야, 젠장! 이것부터 치워!	번역완료	batch RowID 288-487
357	Data/NPCData/074.EDT	32	480				
358	Data/NPCData/074.EDT	33	480	I'm going home. Talk to me tomorrow if you still need something fixed.	나 집에 간다. 아직 고칠 게 있으면 내일 얘기해.	번역완료	batch RowID 288-487
359	Data/NPCData/074.EDT	34	480	You know, while you were down there...	그런데 말이야, 자네가 저 아래에 있었을 때...	번역완료	batch RowID 288-487
360	Data/NPCData/074.EDT	35	480	"Well, it's like this. After I quit my old job, I needed to make some cash. So, I started sharpening knives. Next thing you know, it's, ""Hey, Perko? Can you fix this?"" Then, I'm fixing everybody's goddamn problems!"	뭐, 이런 사정이지. 예전 일을 그만두고 돈이 좀 필요했어. 그래서 칼을 갈아주기 시작했지. 그러다 보니 어느새 '퍼코, 이것도 고쳐줄래?'가 됐고, 이제는 망할 놈들의 문제를 죄다 내가 고치고 있잖아!	번역완료	batch RowID 288-487
361	Data/NPCData/074.EDT	36	480	I don't give a crap as long as they pay me. But I draw the line at electronics. If you can plug it in, I'm not touchin' it. You'll have to take it elsewhere.	돈만 주면 난 상관없어. 하지만 전자제품은 절대 안 건드려. 플러그를 꽂는 물건이면 손도 안 댄다. 다른 데로 가져가.	번역완료	batch RowID 288-487
362	Data/NPCData/074.EDT	37	480	This whole friggin' country's completely out to lunch. I don't care who you are or what you're doing here, but if you want my two cents, shoot the bitch. She's been nothing but bad for business.	이 망할 나라는 완전히 미쳐 돌아가. 자네가 누구든 여기서 뭘 하든 관심 없지만, 내 의견을 묻는다면 그년을 쏴버려. 장사에 도움 된 게 하나도 없으니까.	번역완료	batch RowID 288-487
363	Data/NPCData/075.EDT	1	480	How did you get to me? Leave at once!	어떻게 여기까지 들어왔지? 당장 나가!	번역완료	batch RowID 288-487
364	Data/NPCData/075.EDT	2	480	You tempt fate.	네가 스스로 목숨을 재촉하는군.	번역완료	batch RowID 288-487
365	Data/NPCData/075.EDT	3	480	Someday, the people will understand.	언젠가는 백성들도 이해하게 될 것이다.	번역완료	batch RowID 288-487
366	Data/NPCData/075.EDT	4	480	Your preference for dying is all we have to talk about.	네가 어떤 식으로 죽고 싶은지나 이야기해보지.	번역완료	batch RowID 288-487
367	Data/NPCData/075.EDT	5	480	Stick it in the orifice of your choice!	마음에 드는 구멍에나 처박아!	번역완료	batch RowID 288-487
368	Data/NPCData/075.EDT	6	480	You've been trouble since the day you arrived.	네가 도착한 날부터 줄곧 골칫거리였어.	번역완료	batch RowID 288-487
369	Data/NPCData/075.EDT	7	480	I dare you.	어디 한번 해봐.	번역완료	batch RowID 288-487
370	Data/NPCData/075.EDT	8	480	I don't serve anybody. They serve me!	나는 누구도 섬기지 않아. 그들이 나를 섬기지!	번역완료	batch RowID 288-487
371	Data/NPCData/075.EDT	9	480	I order you to find me a doctor.	명령한다. 당장 의사를 찾아와.	번역완료	batch RowID 288-487
372	Data/NPCData/075.EDT	10	480	Get out!	나가!	번역완료	batch RowID 288-487
373	Data/NPCData/075.EDT	11	480	This better be good.	중요한 얘기여야 할 거야.	번역완료	batch RowID 288-487
374	Data/NPCData/075.EDT	12	480	Elliot! You idiot! We crushed those rebels in Omerta! How can it be?	엘리엇! 이 멍청아! 오메르타의 반란군은 우리가 완전히 짓밟았잖아! 어떻게 이런 일이 있을 수 있지?	번역완료	batch RowID 288-487
375	Data/NPCData/075.EDT	13	480	Commando types??? What sort of commando types? From where?	특공대 같은 놈들이라고??? 무슨 특공대? 어디서 온 놈들이야?	번역완료	batch RowID 288-487
376	Data/NPCData/075.EDT	14	480	What? How would the rebels get the means to recruit mercenaries? Well, no matter. Send me their bodies for examination!	뭐라고? 반란군이 용병을 고용할 돈을 어디서 구했단 말이야? 됐어. 시체를 가져와 조사하게 해!	번역완료	batch RowID 288-487
377	Data/NPCData/075.EDT	15	480	Send my troops to the location at once!	즉시 그곳으로 병력을 보내!	번역완료	batch RowID 288-487
378	Data/NPCData/075.EDT	16	480	You ARE aware that I have other things to do, Elliot?	엘리엇, 나한테 다른 할 일도 있다는 건 알고 있겠지?	번역완료	batch RowID 288-487
379	Data/NPCData/075.EDT	17	480	An attack in Drassen! They were summarily slaughtered, I presume. Heh.	드라센이 공격당했다고! 당연히 놈들을 모조리 쓸어버렸겠지. 후훗.	번역완료	batch RowID 288-487
380	Data/NPCData/075.EDT	18	480	They... were... victorious? VICTORIOUS! Control DRASSEN? Ah... Elliot! You idiot!	놈들이... 이겼다고? 이겼어! 드라센을 장악했다고? 아... 엘리엇! 이 멍청아!	번역완료	batch RowID 288-487
381	Data/NPCData/075.EDT	19	480	Two cities! I MUST develop a better plan.	도시가 두 곳이나! 더 나은 계획을 세워야 해.	번역완료	batch RowID 288-487
382	Data/NPCData/075.EDT	20	480	How is this happening? Three cities?	어떻게 이런 일이 생기지? 도시가 세 곳이라고?	번역완료	batch RowID 288-487
383	Data/NPCData/075.EDT	21	480	This is unacceptable! This must be stopped!	용납할 수 없어! 반드시 막아야 해!	번역완료	batch RowID 288-487
384	Data/NPCData/075.EDT	22	480	Spare nothing! We must not fall!	수단과 방법을 가리지 마! 우리는 무너져선 안 돼!	번역완료	batch RowID 288-487
385	Data/NPCData/075.EDT	23	480	Send my best soldiers after these, these, commandos! And send ME their heads when they've finished! Am I making myself clear?	내 최정예 병사들을 그, 그 특공대 놈들에게 보내! 끝나면 그놈들 머리를 내게 가져오라고 해! 내 말 알아들었어?	번역완료	batch RowID 288-487
386	Data/NPCData/075.EDT	24	480	I am a very, very busy woman, Elliot.	나는 아주, 아주 바쁜 여자야, 엘리엇.	번역완료	batch RowID 288-487
387	Data/NPCData/075.EDT	25	480	Well, what is it!	그래, 뭐야!	번역완료	batch RowID 288-487
388	Data/NPCData/075.EDT	26	480	Elliot! You.... Doughhh... What have they done now! Is there no end to this? Tell me, Elliot, have they been defeated?	엘리엇! 이... 으으... 놈들이 이번엔 또 무슨 짓을 했지! 끝이 없군! 말해, 엘리엇. 놈들을 격퇴했나?	번역완료	batch RowID 288-487
389	Data/NPCData/075.EDT	27	480	Elliot! You idiot!	엘리엇! 이 멍청아!	번역완료	batch RowID 288-487
390	Data/NPCData/075.EDT	28	480	Cambria was an important city! My soldiers have let it fall, have they? Well, send this message to those still alive. They kill the mercenaries, or I kill their children. Their fate is of their own choosing.	캄브리아는 중요한 도시였어! 내 병사들이 그곳을 빼앗겼다고? 좋아, 살아남은 놈들에게 전해. 용병들을 죽이지 못하면 내가 그 자식들을 죽이겠다고. 운명은 자기들이 선택하는 거야.	번역완료	batch RowID 288-487
391	Data/NPCData/075.EDT	29	480	And get some reinforcements! Now get lost. I shall not tolerate another such intrusion.	지원군도 더 보내! 그리고 이제 꺼져. 다시는 이런 식으로 방해하는 걸 용납하지 않겠어.	번역완료	batch RowID 288-487
392	Data/NPCData/075.EDT	30	480	I hope, for once, you have a good reason to disturb me.	이번만큼은 날 방해할 만한 이유가 있기를 바라.	번역완료	batch RowID 288-487
393	Data/NPCData/075.EDT	31	480	Alma? ALMA! ALMA! Elliot! You idiot! The God-damn training facility is there! What are they doing, sleeping?! And the mine! Oh, Elliot, what now!	알마? 알마! 알마! 엘리엇! 이 멍청아! 그 망할 훈련 시설이 거기 있잖아! 놈들은 뭐 하는 거야, 잠이라도 자고 있었어?! 광산까지! 아, 엘리엇, 이제 어떡할 거야!	번역완료	batch RowID 288-487
394	Data/NPCData/075.EDT	32	480	I provide the best in armor, do I not? The best weapons, the best training and the best soldiers that money can buy.	내가 최고의 방어구를 지급하지 않나? 최고의 무기, 최고의 훈련, 돈으로 살 수 있는 최고의 병사까지.	번역완료	batch RowID 288-487
395	Data/NPCData/075.EDT	33	480	Yet, you tell me we have lost a city, a mine and an entire training facility to a little band of guns for hire?	그런데 고작 돈 받고 싸우는 몇 놈에게 도시와 광산, 훈련 시설 하나를 통째로 빼앗겼다는 말이야?	번역완료	batch RowID 288-487
396	Data/NPCData/075.EDT	34	480	Oh, I don't believe this! This time, should we fail there will be hell to pay! Let the soldiers know that. I want all the mercenaries dead. Do you have any idea how much losing a mine costs me?	아, 믿을 수가 없군! 이번에도 실패하면 대가가 얼마나 끔찍한지 보여주겠어! 병사들에게 똑똑히 전해. 용병들은 전부 죽여야 해. 광산 하나를 잃으면 내 손해가 얼마인지 알아?	번역완료	batch RowID 288-487
397	Data/NPCData/075.EDT	35	480	More than you'll ever make in your entire life, Elliot! In fact, from now on, you can forget your regular paycheck! Now get out of here and give me time to think.	네가 평생 벌 돈보다 많아, 엘리엇! 사실 이제부터 네 정기 급여도 없는 줄 알아! 나가. 생각할 시간이 필요해.	번역완료	batch RowID 288-487
398	Data/NPCData/075.EDT	36	480	Oh, allow me to hazard a guess. You bring me bad news.	어디 한번 맞혀볼까. 또 나쁜 소식을 가져왔겠지.	번역완료	batch RowID 288-487
399	Data/NPCData/075.EDT	37	480	Elliot! You idiot! That's not good news! Grumm! For God's sake, when will this end!?	엘리엇! 이 멍청아! 그게 어떻게 좋은 소식이야! 그룸까지! 맙소사, 대체 언제 끝나는 거지?!	번역완료	batch RowID 288-487
400	Data/NPCData/075.EDT	38	480	Maybe I should recruit children! They'd do a better job of it.	차라리 애들을 징집해야겠군! 그 편이 더 잘하겠어.	번역완료	batch RowID 288-487
401	Data/NPCData/075.EDT	39	480	Elliot! You idiot! Don't be so stupid. Now, spare nothing, no expense. These mercenaries must be killed. All of them. And bring me the bodies.	엘리엇! 이 멍청아! 바보 같은 소리 하지 마. 이제 비용이 얼마가 들든 상관없어. 그 용병들은 반드시 죽여. 전부. 그리고 시체를 가져와.	번역완료	batch RowID 288-487
402	Data/NPCData/075.EDT	40	480	What is it, Elliot?	뭐야, 엘리엇?	번역완료	batch RowID 288-487
403	Data/NPCData/075.EDT	41	480	How bad, Elliot? And might I add that my nerves are especially edgy right now.	얼마나 나쁜 소식인데, 엘리엇? 참고로 지금 내 신경은 아주 날카로워져 있어.	번역완료	batch RowID 288-487
404	Data/NPCData/075.EDT	42	480	I am not interested in valiant efforts! I am interested in maintaining my POWER and making MONEY. I can't make money if those mines are not MINE. Don't you see?	난 '용감하게 노력했다'는 따위엔 관심 없어! 내 권력을 유지하고 돈을 버는 데 관심이 있지. 광산이 내 것이 아니면 돈을 벌 수가 없잖아. 아직도 모르겠어?	번역완료	batch RowID 288-487
405	Data/NPCData/075.EDT	43	480	Elliot! You idiot! And as for those mercenaries! Well now...	엘리엇! 이 멍청아! 그리고 그 용병들 말인데! 좋아...	번역완료	batch RowID 288-487
406	Data/NPCData/075.EDT	44	480	Obviously, they are more experienced than I had anticipated. Gather my advisors, Elliot. I'll send these pathetic rebels and their goons a surprise they are not likely to forget.	분명 놈들은 내가 생각했던 것보다 경험이 많아. 참모들을 불러, 엘리엇. 그 한심한 반란군과 앞잡이들에게 평생 잊지 못할 선물을 보내주지.	번역완료	batch RowID 288-487
407	Data/NPCData/075.EDT	45	480	You are becoming synonymous with trouble, Elliot.	엘리엇, 이젠 네 이름 자체가 골칫거리와 동의어가 되어가는군.	번역완료	batch RowID 288-487
408	Data/NPCData/075.EDT	46	480	Elliot! You idiot! Is anyone out there actually doing what I pay them to do? Do you have any idea what this MEANS? Do you know how dangerous this is?	엘리엇! 이 멍청아! 밖에서 내 돈을 받는 놈들 중 제대로 일하는 놈이 하나라도 있어? 이게 무슨 뜻인지 알아? 얼마나 위험한 상황인지 아느냐고!	번역완료	batch RowID 288-487
409	Data/NPCData/075.EDT	47	480	All right. First, send my elite soldiers to the occupied site and reinforce the others. I want anything that flies or moves shot on sight!	좋아. 우선 점령당한 곳에 내 정예병을 보내고 다른 부대도 증원해. 날거나 움직이는 건 뭐든 보는 즉시 쏴버려!	번역완료	batch RowID 288-487
410	Data/NPCData/075.EDT	48	480	Okay. Listen closely, Elliot. The third site must be guarded carefully. I want my best teams on it around the clock. As for these other two, God! How does this happen!	잘 들어, 엘리엇. 세 번째 기지는 반드시 철저히 지켜야 해. 최정예 팀을 24시간 배치해. 다른 두 곳은... 맙소사! 어떻게 이런 일이 생겨!	번역완료	batch RowID 288-487
411	Data/NPCData/075.EDT	49	480	Send in my elite forces and tell them to do whatever is necessary!	정예부대를 투입하고, 필요한 건 뭐든 하라고 해!	번역완료	batch RowID 288-487
412	Data/NPCData/075.EDT	50	480	They control all three, now, do they? For this, there will be hell, absolute hell, to pay! I want everyone on this! All my troops. Hold nothing back.	이제 세 곳을 전부 장악했다고? 이 일의 대가는 지옥, 완전한 지옥이 될 거야! 전 병력을 투입해. 하나도 남겨두지 마.	번역완료	batch RowID 288-487
413	Data/NPCData/075.EDT	51	480	Those rebels will cry for the day they started with me. Count on it.	반란군 놈들은 나한테 덤빈 날을 뼈저리게 후회하게 될 거야. 두고 봐.	번역완료	batch RowID 288-487
414	Data/NPCData/075.EDT	52	480	Am I making myself clear, Elliot? This is completely unacceptable to me!	내 말 알아들었어, 엘리엇? 난 이 상황을 절대 용납할 수 없어!	번역완료	batch RowID 288-487
415	Data/NPCData/075.EDT	53	480	Well, go on then. What are you waiting for?	그럼 가! 뭘 꾸물거리고 있어?	번역완료	batch RowID 288-487
416	Data/NPCData/075.EDT	54	480	What is it now, Elliot?	이번엔 또 뭐야, 엘리엇?	번역완료	batch RowID 288-487
417	Data/NPCData/075.EDT	55	480	And they were defeated?	그래서 놈들은 패배했나?	번역완료	batch RowID 288-487
418	Data/NPCData/075.EDT	56	480	By surprise? By SURPRISE! Elliot! You idiot! It's a GODDAMN war, Elliot! What's so surprising about being attacked! Oh, I knew I should have sent more forces.	기습당했다고? 기습?! 엘리엇! 이 멍청아! 이건 망할 전쟁이야, 엘리엇! 공격받는 게 뭐가 놀라워! 아, 진작 병력을 더 보냈어야 했어.	번역완료	batch RowID 288-487
419	Data/NPCData/075.EDT	57	480	Now get out of here and see to it that my orders are carried out.	이제 나가서 내 명령이 제대로 시행되게 해.	번역완료	batch RowID 288-487
420	Data/NPCData/075.EDT	58	480	Hello, Elliot. I am really beginning to dread our little meetings.	안녕, 엘리엇. 이제 너와 이렇게 만나는 게 정말 두려워지기 시작하는군.	번역완료	batch RowID 288-487
421	Data/NPCData/075.EDT	59	480	And what progress have you to report?	그래서 보고할 만한 진전은?	번역완료	batch RowID 288-487
422	Data/NPCData/075.EDT	60	480	Did not anticipate it?! Elliot! You idiot! That's not progress! I can't believe this!	예상하지 못했다고?! 엘리엇! 이 멍청아! 그게 무슨 진전이야! 믿을 수가 없군!	번역완료	batch RowID 288-487
423	Data/NPCData/075.EDT	61	480	It's... it's... unacceptable! Someone must pay for this. And they will! Aghhhh.	이건... 이건... 용납할 수 없어! 누군가는 대가를 치러야 해. 반드시! 아아악!	번역완료	batch RowID 288-487
424	Data/NPCData/075.EDT	62	480	The Central SAM is critical, Elliot. Be certain to tell my advisors that this time they had better not fail! Otherwise, they know what punishment they face... and I think they fear that more than death.	중앙 SAM 기지는 아주 중요해, 엘리엇. 이번에는 절대 실패하지 말라고 참모들에게 확실히 전해! 아니면 어떤 벌을 받을지 그들도 알겠지... 죽음보다 그걸 더 무서워할걸.	번역완료	batch RowID 288-487
425	Data/NPCData/075.EDT	63	480	What is it now, Elliot? I... Oh! Flowers! How lovely and so thoughtful! From my troops, no doubt.	이번엔 또 뭐야, 엘리엇? 내가... 오! 꽃이잖아! 정말 예쁘고 사려 깊군! 틀림없이 내 병사들이 보냈겠지.	번역완료	batch RowID 288-487
426	Data/NPCData/075.EDT	64	480	WHAT?!?	뭐라고?!	번역완료	batch RowID 288-487
427	Data/NPCData/075.EDT	65	480	Elll-eee-ooot! You IDIOT! Idiot! Idiot!	엘리이이엇! 이 멍청아! 멍청이! 멍청이!	번역완료	batch RowID 288-487
428	Data/NPCData/075.EDT	66	480	Is this some kind of joke? Some twisted and sick sense of humor? Oh, yes, this is EXTREMELY funny! I shoot them, I shoot them not. I shoot them!	이게 무슨 농담이야? 뒤틀리고 역겨운 유머라도 되는 거야? 그래, 정말 웃겨 죽겠군! 쏠까, 말까... 쏴버려!	번역완료	batch RowID 288-487
429	Data/NPCData/075.EDT	67	480	"Elliot! You idiot! Say it! Say, ""I am an idiot!"" Do it, Elliot."	엘리엇! 이 멍청아! 말해! '나는 멍청이다'라고 말해! 해봐, 엘리엇.	번역완료	batch RowID 288-487
430	Data/NPCData/075.EDT	68	480	Yes, yes you are! Now, listen to me! First, I want my elite soldiers to shoot the messenger who brought these.	그래, 그래. 넌 멍청이야! 이제 잘 들어! 우선 이 꽃을 가져온 전령부터 정예병들에게 쏴 죽이라고 해.	번역완료	batch RowID 288-487
431	Data/NPCData/075.EDT	69	480	And then, when we kill these little commandos, I want a single flower placed in their mouths as they die. A rose, I think. A blood, red rose, Ha ha. Now, do as you're told, and leave me be.	그리고 저 보잘것없는 특공대 놈들을 죽일 때, 죽어가는 놈들 입에 꽃 한 송이씩 꽂아. 장미가 좋겠군. 피처럼 붉은 장미. 하하. 이제 시키는 대로 하고 날 내버려둬.	번역완료	batch RowID 288-487
432	Data/NPCData/075.EDT	70	480	And, for God Sakes Elliot, don't bring me any more of these stupid presents. Elliot! You idiot!	제발, 엘리엇. 이런 멍청한 선물은 다시는 가져오지 마. 엘리엇! 이 멍청아!	번역완료	batch RowID 288-487
433	Data/NPCData/075.EDT	71	480	Elliot, I do have things to do, you know.	엘리엇, 나도 할 일이 있다는 건 알지?	번역완료	batch RowID 288-487
434	Data/NPCData/075.EDT	72	480	Well, Elliot! This is indeed a change of pace.	그래, 엘리엇! 이번에는 분위기가 좀 다르군.	번역완료	batch RowID 288-487
435	Data/NPCData/075.EDT	73	480	Elliot! You idiot! Getting something back that is already MINE is not good news! It shouldn't have been lost in the first place! Now get out of here and leave me be.	엘리엇! 이 멍청아! 원래부터 내 것이었던 걸 되찾는 게 무슨 좋은 소식이야! 애초에 빼앗기지 말았어야지! 이제 꺼져서 날 내버려둬.	번역완료	batch RowID 288-487
436	Data/NPCData/075.EDT	74	480	Hello, Elliot.... Joe. Oh! And, my? What do we have here?	안녕, 엘리엇... 조. 어머! 이게 누구지?	번역완료	batch RowID 288-487
437	Data/NPCData/075.EDT	75	480	Elliot! Yes it is! Heh, heh, heh. Well, where shall I begin with YOU, hm? You know, you have put me through much trouble, and for what? Money? Hah. I could pay you more than those rebels could ever afford.	엘리엇! 그래, 바로 그자야! 후후후. 자, 너부터 어디를 손봐줄까? 네가 날 얼마나 귀찮게 했는지 알아? 대체 뭘 위해서였지? 돈? 하! 반란군이 감당할 수 있는 것보다 훨씬 많이 줄 수도 있었어.	번역완료	batch RowID 288-487
438	Data/NPCData/075.EDT	76	480	Or, let me guess... you've taken on a moral cause? Aw... how mighty righteous of you. Well, listen here! This is NOT your country, and it's NONE of your business.	아니면... 정의감이라도 생겼나? 아, 참 고결하시기도 하지. 잘 들어! 여긴 네 나라가 아니고, 네가 끼어들 일이 아니야.	번역완료	batch RowID 288-487
439	Data/NPCData/075.EDT	77	480	You will not be the first to die, nor the last. I will get every one of you. Mark my words. I ALWAYS get what I want. Don't I, Joe?	넌 처음 죽는 놈도, 마지막으로 죽는 놈도 아닐 거야. 네 동료도 전부 잡아내겠어. 내 말을 기억해. 나는 언제나 원하는 걸 손에 넣어. 그렇지, 조?	번역완료	batch RowID 288-487
440	Data/NPCData/075.EDT	78	480	Just enough to be receptive, I think.	내 말을 들을 정신은 남아 있을 정도면 충분해.	번역완료	batch RowID 288-487
441	Data/NPCData/075.EDT	79	480	That's good, Joe. Now, where shall I start with you?	좋아, 조. 자, 넌 어디부터 손봐줄까?	번역완료	batch RowID 288-487
442	Data/NPCData/075.EDT	80	480	Oh, look! You bruise easily. Good thing I stopped him. God forbid you'd get hurt... or maybe... DIE. Let's not let that happen again. Now, tell me, who is it you're working for? Is it the rebels?	어머, 멍이 잘 드는 체질이군. 내가 조를 멈춰줘서 다행이지? 다치기라도 하면 큰일이잖아... 아니면... 죽기라도 하면. 그런 일은 다시 없게 해야겠군. 자, 말해. 넌 누구 밑에서 일하지? 반란군인가?	번역완료	batch RowID 288-487
443	Data/NPCData/075.EDT	81	480	Heh. As I thought. And won't they be disappointed. Elliot? Send an attack on their camp, the elite forces, heh, heh. And be certain they know the reason behind it. I will have no more of their little games.	후후. 역시 그랬군. 그들이 얼마나 실망할까. 엘리엇? 반란군 야영지에 정예부대를 보내 공격해. 후후. 왜 공격받는지 놈들도 확실히 알게 하고. 이제 그런 장난은 더 못 봐줘.	번역완료	batch RowID 288-487
444	Data/NPCData/075.EDT	82	480	Not quite ready to tell the truth, are you? I already know who's employing you. That was just a little test of your honesty and I see you haven't much. Maybe Joe can knock some sense into you.	아직 사실대로 말할 준비가 안 됐나 보군? 누가 널 고용했는지는 이미 알아. 방금 건 네 정직함을 시험한 것뿐인데, 정직함은 별로 없는 모양이군. 조가 정신이 들도록 좀 두들겨주면 어떨까.	번역완료	batch RowID 288-487
445	Data/NPCData/075.EDT	83	480	Elliot! Find out if this is true!	엘리엇! 이 말이 사실인지 확인해!	번역완료	batch RowID 288-487
446	Data/NPCData/075.EDT	84	480	And if I find out you're lying, it will be hell to pay! Ahhh...	거짓말이었다는 걸 알게 되면 지옥이 뭔지 보여주겠어! 아아...	번역완료	batch RowID 288-487
447	Data/NPCData/075.EDT	85	480	All right. Let's try another, shall we? Now, how many mercenaries have the rebels hired?	좋아. 다른 질문으로 가보지. 반란군은 용병을 몇 명이나 고용했지?	번역완료	batch RowID 288-487
448	Data/NPCData/075.EDT	86	480	Hmm. It is more than I had thought. How are they doing this? It's, it's unacceptable! That's what it is! Obviously, I will require more troops. You are aware of my elite forces, I gather? Heh.	흠. 내가 생각했던 것보다 많군. 어떻게 이럴 수 있지? 용납할 수 없어! 그래, 바로 그거야! 병력을 더 늘려야겠군. 내 정예부대에 대해서는 알고 있겠지? 후후.	번역완료	batch RowID 288-487
449	Data/NPCData/075.EDT	87	480	You should be. They will be the last people you see just before you die, you and all your little friends... and now I know just how many bullets we will require.	알고 있는 게 좋을 거야. 너와 네 친구들이 죽기 직전에 마지막으로 보게 될 사람들이니까... 이제 총알이 정확히 몇 발 필요한지도 알겠군.	번역완료	batch RowID 288-487
450	Data/NPCData/075.EDT	88	480	Listen to me. I am tiring of this. And when I get tired, Joe gets angry. Very, very angry. Maybe, Joe, you'd like to show how angry you can get?	잘 들어. 이젠 지쳤어. 내가 지치면 조가 화를 내지. 아주, 아주 많이. 조, 얼마나 화낼 수 있는지 보여주고 싶지 않나?	번역완료	batch RowID 288-487
451	Data/NPCData/075.EDT	89	480	I'll find out soon enough when I count the bodies.	시체를 세어보면 곧 알게 되겠지.	번역완료	batch RowID 288-487
452	Data/NPCData/075.EDT	90	480	Good. I told my advisors that there were only a few of you, but they doubted me. ME! I'll be certain they get a little thank you for all the undue stress they've caused. Elliot, you know what to send them.	좋아. 내가 참모들에게 너희는 몇 명 안 된다고 했는데, 감히 나를 의심하더군. 나를! 괜한 스트레스를 준 데 대해 감사 표시를 해줘야겠어. 엘리엇, 뭘 보내야 하는지 알지.	번역완료	batch RowID 288-487
453	Data/NPCData/075.EDT	91	480	Good. I told my advisors that there were only a few of you, but they...	좋아. 내가 참모들에게 너희는 몇 명 안 된다고 했는데, 그들이...	번역완료	batch RowID 288-487
454	Data/NPCData/075.EDT	92	480	WHAT!? You're lying to me! I never... Perhaps Joe can teach you the manners your mother missed!	뭐라고?! 나한테 거짓말을 해! 내가 이런... 조가 네 어머니가 못 가르친 예의를 몸으로 가르쳐주면 되겠군!	번역완료	batch RowID 288-487
455	Data/NPCData/075.EDT	93	480	Okay. Now, listen closely. I want to know where your troops are located.	좋아. 이제 잘 들어. 네 병력이 어디에 배치되어 있는지 말해.	번역완료	batch RowID 288-487
456	Data/NPCData/075.EDT	94	480	Very good. Then it is as we suspected. We need to revise our strategies. Joe? Come with me. Elliot? Summon my military advisors.	아주 좋아. 역시 우리가 예상한 대로군. 전략을 수정해야겠어. 조, 따라와. 엘리엇, 군사 참모들을 불러.	번역완료	batch RowID 288-487
457	Data/NPCData/075.EDT	95	480	Elliot! You idiot! Do you have any brains in your head? NO I don't want you to release anyone!	엘리엇! 이 멍청아! 머릿속에 뇌가 있기는 한 거야? 아니, 아무도 풀어주라는 소리가 아니야!	번역완료	batch RowID 288-487
458	Data/NPCData/075.EDT	96	480	You're going to regret ever coming here! Joe, follow me. And Elliot? Don't forget to lock up.	여기 온 걸 평생 후회하게 해주지! 조, 따라와. 그리고 엘리엇? 문 잠그는 거 잊지 마.	번역완료	batch RowID 288-487
459	Data/NPCData/075.EDT	97	480	Do you think I am some kind of fool? Lying to me? Well...	내가 바보로 보여? 감히 내게 거짓말을 해? 좋아...	번역완료	batch RowID 288-487
460	Data/NPCData/075.EDT	98	480	There is no end to this for you, is there? You are going to die this day for a war that you have no personal stake in! Is this what you call intelligent?	너한텐 끝이 없군, 그렇지? 아무 상관도 없는 전쟁 때문에 오늘 여기서 죽게 될 거야! 그게 현명한 짓이라고 생각하나?	번역완료	batch RowID 288-487
461	Data/NPCData/075.EDT	99	480	Well, if Joe can't beat it out of you, I know someTHING that can. Hasn't failed me yet. Joe? Do your thing, heh... and then, come with me. And Elliot? Summon my military advisors.	조가 때려서도 말이 안 나오면, 다른 방법이 있지. 아직 한 번도 실패한 적이 없어. 조, 할 일을 해... 후후. 끝나면 따라와. 엘리엇, 군사 참모들을 불러.	번역완료	batch RowID 288-487
462	Data/NPCData/075.EDT	100	480	Elliot! You idiot! Do you have any brains in your head? NO I don't want you to call a doctor!	엘리엇! 이 멍청아! 머릿속에 뇌가 있기는 해? 아니, 의사를 부르라는 게 아니야!	번역완료	batch RowID 288-487
463	Data/NPCData/075.EDT	101	480	You're going to regret ever coming here! Joe, follow me. And Elliot? Don't forget to lock up.	여기 온 걸 평생 후회하게 해주지! 조, 따라와. 그리고 엘리엇? 문 잠그는 거 잊지 마.	번역완료	batch RowID 288-487
464	Data/NPCData/075.EDT	102	480	Damn it, Joe! That BODY could have known something. Elliot, arrange for it to be transported.	젠장, 조! 저 녀석이 뭔가 알고 있었을 수도 있잖아. 엘리엇, 시체를 운반하도록 조치해.	번역완료	batch RowID 288-487
465	Data/NPCData/075.EDT	103	480	If it isn't the Messenger of Gloom himself.	불길한 소식의 전령께서 또 오셨군.	번역완료	batch RowID 288-487
466	Data/NPCData/075.EDT	104	480	Well, out with it Elliot.	그래, 말해봐 엘리엇.	번역완료	batch RowID 288-487
467	Data/NPCData/075.EDT	105	480	Elliot! You idiot! Say it already!	엘리엇! 이 멍청아! 빨리 말해!	번역완료	batch RowID 288-487
468	Data/NPCData/075.EDT	106	480	Against ME?!?	감히 나를 상대로?!	번역완료	batch RowID 288-487
469	Data/NPCData/075.EDT	107	480	Agggghhhh....	아아아악....	번역완료	batch RowID 288-487
470	Data/NPCData/075.EDT	108	480	Well now. When there ARE no rebels, there will be no rebel movement, will there, Elliot? I think the direction we must take is pretty clear, then.	좋아. 반란군이 없어지면 반란 운동도 없어지는 거겠지, 엘리엇? 우리가 가야 할 길은 아주 분명해졌군.	번역완료	batch RowID 288-487
471	Data/NPCData/075.EDT	109	480	Kill the rebels, kill their little hired hands, and the people, heh, they won't have a choice! Tell my advisors, Elliot. And leave me alone.	반란군을 죽이고, 그들이 고용한 앞잡이들도 죽여. 그러면 백성들은, 후후, 선택의 여지가 없어지겠지! 참모들에게 전해, 엘리엇. 그리고 날 혼자 있게 해.	번역완료	batch RowID 288-487
472	Data/NPCData/075.EDT	110	480	Elliot, good. I'm glad you've come. It seems you've forgotten to tell me something.	엘리엇, 잘 왔어. 마침 네가 빼먹고 보고하지 않은 게 있는 것 같더군.	번역완료	batch RowID 288-487
473	Data/NPCData/075.EDT	111	480	Yes. When did the new helicopter arrive? And how much has it cost me?	그래. 새 헬리콥터는 언제 도착했지? 그리고 나한테 얼마나 들었나?	번역완료	batch RowID 288-487
474	Data/NPCData/075.EDT	112	480	WHAT?	뭐라고?	번역완료	batch RowID 288-487
475	Data/NPCData/075.EDT	113	480	Elliot! You idiot! Why didn't you say so immediately! Do you know what this means? They can just drop in from anywhere! I want this helicopter grounded - permanently! And if Mr. Bullock lives... shoot him.	엘리엇! 이 멍청아! 왜 즉시 보고하지 않았어! 이게 무슨 뜻인지 알아? 놈들이 어디든 마음대로 날아들 수 있다는 거야! 그 헬리콥터를 영원히 못 뜨게 해. 그리고 불록 씨가 살아 있다면... 쏴버려.	번역완료	batch RowID 288-487
476	Data/NPCData/075.EDT	114	480	Elliot.	엘리엇.	번역완료	batch RowID 288-487
477	Data/NPCData/075.EDT	115	480	Let me guess, an urgent report that will undoubtedly upset me. Why can't you ever bring good news, Elliot?	어디 보자. 또 급한 보고가 있고, 틀림없이 내 기분을 망칠 내용이겠지. 넌 왜 좋은 소식은 한 번도 못 가져오니, 엘리엇?	번역완료	batch RowID 288-487
478	Data/NPCData/075.EDT	116	480	Try me, Elliot.	어디 한번 말해봐, 엘리엇.	번역완료	batch RowID 288-487
479	Data/NPCData/075.EDT	117	480	That so, Elliot.	그래, 그렇단 말이지, 엘리엇.	번역완료	batch RowID 288-487
480	Data/NPCData/075.EDT	118	480	Well... Elliot! You idiot! He is the CORE of my team there! The most important one! How could this happen! Bring me the person responsible... and Elliot? I don't care what my elite forces are doing.	뭐... 엘리엇! 이 멍청아! 그는 그곳에 있는 내 팀의 핵심이야! 가장 중요한 사람이라고! 어떻게 이런 일이 생겨! 책임자를 찾아 내게 데려와... 그리고 엘리엇? 내 정예부대가 지금 뭘 하고 있든 상관없어.	번역완료	batch RowID 288-487
481	Data/NPCData/075.EDT	119	480	I need him found, and I need him found at once! Do I make myself clear?	그를 찾아야 해. 당장 찾아! 내 말 알아들었어?	번역완료	batch RowID 288-487
482	Data/NPCData/075.EDT	120	480	Hello, Elliot.	안녕, 엘리엇.	번역완료	batch RowID 288-487
483	Data/NPCData/075.EDT	121	480	Not today, Elliot. I can't bear any more bad news. I have important decisions to make.	오늘은 안 돼, 엘리엇. 더는 나쁜 소식을 견딜 수 없어. 중요한 결정을 내려야 하거든.	번역완료	batch RowID 288-487
484	Data/NPCData/075.EDT	122	480	On the outskirts of MEDUNA! For Christ's sake Elliot! They're practically in my back yard! Maybe we should have a barbeque! Invite them over! Have some champagne to celebrate their little victories!	메두나 외곽이라고! 맙소사, 엘리엇! 놈들이 거의 내 뒷마당까지 왔잖아! 차라리 바비큐라도 열까! 놈들을 초대해서 작은 승리들을 축하하는 샴페인이라도 터뜨리지 그래!	번역완료	batch RowID 288-487
485	Data/NPCData/075.EDT	123	480	How can I conceivably make any new plans when all the plans I've made have failed! Maybe I should have hired these mercenaries rather than the stumps calling themselves my soldiers!	내가 세운 계획이 죄다 실패했는데 무슨 새 계획을 세우라는 거야! 차라리 내 병사 행세나 하는 그 얼간이들 대신 저 용병들을 고용했어야 했어!	번역완료	batch RowID 288-487
486	Data/NPCData/075.EDT	124	480	Aghhhhh! Elliot! You id-EEEE-IT!	아아아악! 엘리엇! 이 멍처어어엉아!	번역완료	batch RowID 288-487
487	Data/NPCData/075.EDT	125	480	Hm. Well now. Joe?	흠. 그래. 조?	번역완료	batch RowID 288-487
488	Data/NPCData/075.EDT	126	480	Make sure all my soldiers know their whereabouts, and see to it that these mercenaries are executed. I want their remains, such as they may be, when my forces are finished with them. Oh, and clean up that mess.	내 병사 전부에게 놈들의 위치를 알리고, 그 용병들을 반드시 처형해. 우리 병력이 끝낸 뒤 남은 게 무엇이든 내게 가져와. 아, 그리고 저 난장판도 치워.	번역완료	batch RowID 488-687
489	Data/NPCData/075.EDT	127	480	What?! Oh my lord! Elliot! You idiot! Are you so stupid that you don't even know how to die properly?! Can't you do anything right?	뭐라고?! 맙소사! 엘리엇! 이 멍청아! 제대로 죽는 법조차 모를 만큼 멍청한 거야?! 대체 뭘 제대로 할 줄 아는 게 있어?	번역완료	batch RowID 488-687
490	Data/NPCData/075.EDT	128	480	Wait. Elliot, I've just had an idea.	잠깐. 엘리엇, 좋은 생각이 났어.	번역완료	batch RowID 488-687
491	Data/NPCData/075.EDT	129	480	Stop feeding bodies to the creatures.	시체를 그 괴물들에게 먹이는 걸 중단해.	번역완료	batch RowID 488-687
492	Data/NPCData/075.EDT	130	480	Yes, I want to give the people a little lesson! They no longer support me, do they? This will change their pathetic little minds!	그래. 백성들에게 작은 교훈을 줘야겠어! 이제 나를 지지하지 않지? 그러면 그 한심한 생각이 바뀌게 해주지!	번역완료	batch RowID 488-687
493	Data/NPCData/075.EDT	131	480	Elliot, I don't care. I truly... don't... care. Now get out of here, and do as I say.	엘리엇, 난 상관없어. 정말로... 아무... 상관없어. 이제 나가서 내가 시키는 대로 해.	번역완료	batch RowID 488-687
494	Data/NPCData/075.EDT	132	480	You have served your purpose. Now leave.	넌 네 쓸모를 다했어. 이제 나가.	번역완료	batch RowID 488-687
495	Data/NPCData/075.EDT	133	480	Burn with your friends in hell!	네 친구들과 함께 지옥에서 불타라!	번역완료	batch RowID 488-687
496	Data/NPCData/075.EDT	134	480	Heh. A pathetic little tithe. Don't insult me!	후훗. 고작 이 정도 조공이라고? 날 모욕하지 마!	번역완료	batch RowID 488-687
497	Data/NPCData/075.EDT	135	480	Did they capture the entire town?	놈들이 도시 전체를 장악했나?	번역완료	batch RowID 488-687
498	Data/NPCData/075.EDT	136	480	Aghhh... Let me think.	아아악... 생각 좀 하게 해.	번역완료	batch RowID 488-687
499	Data/NPCData/075.EDT	137	480	Aghhh... Give me a minute.	아아악... 잠깐만.	번역완료	batch RowID 488-687
500	Data/NPCData/075.EDT	138	480	Okay...	좋아...	번역완료	batch RowID 488-687
501	Data/NPCData/075.EDT	139	480	Elliot, it seems you and my advisors are not keeping me informed.	엘리엇, 너와 내 참모들이 내게 제대로 보고하지 않는 모양이군.	번역완료	batch RowID 488-687
502	Data/NPCData/075.EDT	140	480	Balime, Elliot! Those GODDAMN mercenaries have captured BALIME!	발라임이야, 엘리엇! 그 빌어먹을 용병들이 발라임을 점령했어!	번역완료	batch RowID 488-687
503	Data/NPCData/075.EDT	141	480	How do I know? Elliot, you idiot! Have you tried to use a bathroom in the palace? The whole town of Balime is living in my palace, Elliot. There are children crawling all over my throne.	내가 어떻게 아냐고? 엘리엇, 이 멍청아! 궁전 화장실을 써보긴 했어? 발라임 주민 전체가 내 궁전에서 살고 있다고, 엘리엇. 내 왕좌 위를 애들이 기어다니고 있어!	번역완료	batch RowID 488-687
504	Data/NPCData/075.EDT	142	480	Elliot, you idiot! They are not visiting, they're LIVING here. Listen carefully, Elliot. I've had just about enough of you. I want you to send the best of my elite guards to Balime to get that town back.	엘리엇, 이 멍청아! 방문한 게 아니라 여기서 살고 있다고! 잘 들어, 엘리엇. 나도 이제 네게 질릴 대로 질렸어. 최정예 경비병들을 발라임에 보내서 도시를 되찾아!	번역완료	batch RowID 488-687
505	Data/NPCData/075.EDT	143	480	NOW, Elliot! RIGHT NOW!	지금 당장, 엘리엇! 당장!	번역완료	batch RowID 488-687
506	Data/NPCData/076.EDT	1	480	What? What do you want from me? Oh please, whatever you do, don't shoot. I... I will not cause you any problems.	뭐, 뭘 원하는 거죠? 제발, 무슨 짓을 하든 쏘지만 마세요. 저... 저는 아무 문제도 일으키지 않을게요.	번역완료	batch RowID 488-687
507	Data/NPCData/076.EDT	2	480	Oh, good to see you again.	아, 다시 만나서 반갑군요.	번역완료	batch RowID 488-687
508	Data/NPCData/076.EDT	3	480	I wish I could leave this country, at least until the war is over. All this, these guns, they do us no good.	전쟁이 끝날 때까지만이라도 이 나라를 떠날 수 있으면 좋겠어요. 이런 일도, 총도 우리한테는 아무 도움도 안 됩니다.	번역완료	batch RowID 488-687
509	Data/NPCData/076.EDT	4	480	Alma is good city! Don't let all this war fool you. It is home to many families, and they all want peace. I know this.	알마는 좋은 도시예요! 이 전쟁만 보고 알마를 오해하지 마세요. 많은 가족이 살아가고 있고, 모두 평화를 원합니다. 제가 잘 알아요.	번역완료	batch RowID 488-687
510	Data/NPCData/076.EDT	5	480	Oh, no. I have no need of it, but thank you.	아뇨. 제게는 필요 없지만, 고맙습니다.	번역완료	batch RowID 488-687
511	Data/NPCData/076.EDT	6	480	I will say this, Arulco is good country, but it has not been safe for many many years. It is not just the Queen, and you never heard me say that, but the company she keeps. I can say no more of it.	이 말만 하죠. 아룰코는 좋은 나라지만 아주 오랫동안 안전하지 않았어요. 문제는 여왕만이 아닙니다. 이건 제가 한 말이 아닌 걸로 해주세요. 여왕 곁에 있는 자들도 문제예요. 더는 말할 수 없습니다.	번역완료	batch RowID 488-687
512	Data/NPCData/076.EDT	7	480	Please, I am no threat to you. None.	제발, 저는 당신들에게 아무 위협도 되지 않아요. 정말입니다.	번역완료	batch RowID 488-687
513	Data/NPCData/076.EDT	8	480	Not in my condition. I can't.	지금 제 몸 상태로는 안 됩니다. 못 해요.	번역완료	batch RowID 488-687
514	Data/NPCData/076.EDT	9	480	I... think... I'm dying.	저... 죽어가는... 것 같아요.	번역완료	batch RowID 488-687
515	Data/NPCData/076.EDT	10	480	You have much to do, and I do not wish to stand in your way.	당신들은 할 일이 많잖아요. 제가 발목을 잡고 싶진 않습니다.	번역완료	batch RowID 488-687
516	Data/NPCData/076.EDT	11	480	You are so kind to me.	정말 친절하시군요.	번역완료	batch RowID 488-687
517	Data/NPCData/076.EDT	12	480	Why me? What did I do?	왜 저한테 이러는 거죠? 제가 뭘 했다고요?	번역완료	batch RowID 488-687
518	Data/NPCData/076.EDT	13	480	It is not safe to talk now, not safe at all.	지금은 이야기하면 안 됩니다. 정말 위험해요.	번역완료	batch RowID 488-687
519	Data/NPCData/076.EDT	14	480	I... I know it's not your job here, but I don't know who else to ask. The Queen, well, she promises, but we have seen nothing, and just last night, another boy died. A baby really, only five years old.	저... 이게 당신들 일이 아니라는 건 알아요. 하지만 달리 누구에게 부탁해야 할지 모르겠어요. 여왕은 약속만 할 뿐 아무것도 해주지 않았고, 바로 어젯밤에도 아이 하나가 또 죽었습니다. 겨우 다섯 살짜리 어린아이였어요.	번역완료	batch RowID 488-687
520	Data/NPCData/076.EDT	15	480	Oh, what am I thinking? You haven't even heard. How could you? It's everything to us, the people of Alma. Our children, four of them, have been killed by the Bloodcats, and we... well, what can we do?	아, 제가 무슨 생각을... 아직 못 들으셨겠군요. 어떻게 아시겠어요? 알마 사람들에겐 모든 것이 걸린 문제입니다. 우리 아이 넷이 블러드캣에게 죽었어요. 그런데 우리는... 대체 뭘 할 수 있겠어요?	번역완료	batch RowID 488-687
521	Data/NPCData/076.EDT	16	480	We try to stop them, and it causes even more death! But we were thinking that perhaps you could help us. See, they have a lair east of my house. And, perhaps you could, well, kill them for us. It is our hope.	우리가 막아보려 하면 오히려 더 많은 사람이 죽습니다! 그래서 혹시 당신들이 도와줄 수 있지 않을까 생각했어요. 놈들 소굴이 제 집 동쪽에 있습니다. 가능하다면... 그놈들을 죽여주세요. 그게 우리 모두의 바람입니다.	번역완료	batch RowID 488-687
522	Data/NPCData/076.EDT	17	480	The Bloodcats are vicious. They have EARNED their name. And lately, they have lost their fear of things human, drawing closer and closer to town. There is nothing we can do. Without your help, that is.	블러드캣은 흉포합니다. 이름값을 톡톡히 하지요. 요즘은 인간을 두려워하지도 않고 점점 마을 가까이 다가오고 있어요. 우리가 할 수 있는 건 아무것도 없습니다. 당신들이 도와주지 않는다면요.	번역완료	batch RowID 488-687
523	Data/NPCData/076.EDT	18	480	The people of Alma will be so grateful to you! I can hardly wait to tell them what you've done for us! It's a small piece of freedom, yes, but it means everything to us, to our children. Somehow, we will reward you.	알마 사람들이 정말 감사해할 겁니다! 당신들이 우리를 위해 해준 일을 어서 모두에게 알리고 싶군요! 작은 자유를 되찾은 것뿐일지 몰라도, 우리와 우리 아이들에겐 무엇보다 소중해요. 어떻게든 보답하겠습니다.	번역완료	batch RowID 488-687
524	Data/NPCData/076.EDT	19	480	I had hopes for you, you know. But, I suppose you haven't heard. Another boy died. Bloodcats got him. Eventually, the people of Alma won't worry about Bloodcats. We'll all be dead. But it's not too late, you know.	당신들에게 기대를 걸고 있었어요. 그런데 아마 아직 못 들으셨나 보군요. 남자아이가 또 하나 죽었습니다. 블러드캣에게 당했어요. 이러다간 언젠가 알마 사람들은 블러드캣을 걱정할 필요도 없어지겠죠. 다 죽고 없을 테니까요. 그래도 아직 늦진 않았습니다.	번역완료	batch RowID 488-687
525	Data/NPCData/076.EDT	20	480	People are talking about you, about the Bloodcats.	사람들이 당신들 이야기를 하고 있어요. 블러드캣 일 말입니다.	번역완료	batch RowID 488-687
526	Data/NPCData/076.EDT	21	480	It's not safe to stay near Alma. The Bloodcats are getting braver every day.	알마 근처에 머무는 건 안전하지 않아요. 블러드캣이 날마다 더 대담해지고 있습니다.	번역완료	batch RowID 488-687
527	Data/NPCData/076.EDT	22	480	The Queen is hardly our worry. It's the Bloodcats that cause our fear. We've tried to kill them, but it was the hunters who died instead.	지금은 여왕이 걱정거리가 아닙니다. 우리가 두려워하는 건 블러드캣이에요. 잡으려고 해봤지만, 오히려 사냥꾼들이 죽었습니다.	번역완료	batch RowID 488-687
528	Data/NPCData/076.EDT	23	480	Fine, I'll speak my mind, then. If these hell cats aren't killed, we're all in serious trouble, and not just the people of Alma.	좋아요, 솔직히 말하죠. 저 지옥 같은 블러드캣들을 죽이지 않으면 우리 모두 큰일입니다. 알마 사람들만의 문제가 아니에요.	번역완료	batch RowID 488-687
529	Data/NPCData/076.EDT	24	480	Please, you have nothing to gain by scaring me. Everyone here lives in fear of the Bloodcats. Can't you be more kind?	제발, 절 겁줘봐야 얻을 건 아무것도 없어요. 여기 사람들은 모두 블러드캣을 두려워하며 삽니다. 조금만 친절하게 대해주면 안 되나요?	번역완료	batch RowID 488-687
530	Data/NPCData/076.EDT	25	480	It is kind of you, and unexpected.	뜻밖이네요. 정말 친절하시군요.	번역완료	batch RowID 488-687
531	Data/NPCData/076.EDT	26	480	It is not your money I need, it is your help.	제게 필요한 건 돈이 아니라 당신들의 도움입니다.	번역완료	batch RowID 488-687
532	Data/NPCData/078.EDT	1	480	Carmen Dancio. International bounty hunter.	카르멘 단시오. 국제 현상금 사냥꾼이지.	번역완료	batch RowID 488-687
533	Data/NPCData/078.EDT	2	480	You have news?	소식 있나?	번역완료	batch RowID 488-687
534	Data/NPCData/078.EDT	3	480	Ya. This place is really special.	그래. 이곳은 정말 특별하지.	번역완료	batch RowID 488-687
535	Data/NPCData/078.EDT	4	480	A word of advice. The country is crawling with people that cannot be trusted.	충고 하나 하지. 이 나라엔 믿어선 안 될 인간들이 널려 있어.	번역완료	batch RowID 488-687
536	Data/NPCData/078.EDT	5	480	I am only interested... in heads.	난 오직... 머리통에만 관심이 있지.	번역완료	batch RowID 488-687
537	Data/NPCData/078.EDT	6	480	It is a living.	이것도 먹고사는 일이야.	번역완료	batch RowID 488-687
538	Data/NPCData/078.EDT	7	480	Take it down a bit...	좀 진정해...	번역완료	batch RowID 488-687
539	Data/NPCData/078.EDT	8	480	No. I enjoy what I'm doing.	아니. 난 지금 하는 일이 마음에 들어.	번역완료	batch RowID 488-687
540	Data/NPCData/078.EDT	9	480	Oooh, I've been wounded. Someone is going to pay...	으윽, 부상을 입었군. 누군가는 대가를 치르게 될 거야...	번역완료	batch RowID 488-687
541	Data/NPCData/078.EDT	10	480	Things are hot right now... Have to keep moving. Another time.	지금은 상황이 험악해... 계속 움직여야 해. 다음에 이야기하지.	번역완료	batch RowID 488-687
542	Data/NPCData/078.EDT	11	480	I am not sure what you're up to, but I'll take the cash.	무슨 꿍꿍이인지는 모르겠지만, 돈은 받지.	번역완료	batch RowID 488-687
543	Data/NPCData/078.EDT	12	480	Ya, that's really nice. But just whose freakin' head is it?	그래, 아주 멋지군. 그런데 대체 어느 빌어먹을 놈 머리야?	번역완료	batch RowID 488-687
544	Data/NPCData/078.EDT	13	480	I have a little sideline for you, if you're interested. This country is crawlin' with wanted terrorists. Terrorists with a price on their heads. Arulco is known as a safe haven for crazies.	관심 있으면 부업 하나 소개하지. 이 나라에는 수배 중인 테러리스트들이 널려 있어. 머리에 현상금이 걸린 놈들이지. 아룰코는 미친놈들의 안전한 은신처로 유명하거든.	번역완료	batch RowID 488-687
545	Data/NPCData/078.EDT	14	480	That's what I'm doing here. I have reliable information that there could be as many as three or four of 'em hiding out in this country at this very moment. You get any of them for me, and I'm willing to split the reward with you.	내가 여기 있는 이유도 그거야. 믿을 만한 정보에 따르면 지금 이 나라에 서너 명쯤 숨어 있을 수도 있어. 그중 누구든 잡아서 내게 가져오면 현상금을 나눠주지.	번역완료	batch RowID 488-687
546	Data/NPCData/078.EDT	15	480	I have everything you need to know right here. Study it carefully. You need to find me, I'm usually in the northern part of the country. I feel more comfortable near the border or the airport.	필요한 정보는 여기 다 있어. 잘 살펴봐. 다시 날 찾을 일이 있으면, 난 대개 이 나라 북쪽에 있어. 국경이나 공항 근처가 마음이 편하거든.	번역완료	batch RowID 488-687
547	Data/NPCData/078.EDT	16	480	Oh... One other thing, they're not wanted alive. I'll need their heads as proof that the deed's been done. Shouldn't be too distasteful for you. You are a mercenary.	아... 한 가지 더. 놈들은 생포 대상이 아니야. 일이 끝났다는 증거로 머리가 필요해. 용병인 자네라면 그 정도는 별로 역겹지도 않겠지.	번역완료	batch RowID 488-687
548	Data/NPCData/078.EDT	17	480	Good! This little souvenir is going to put money in both of our pockets.	좋아! 이 작은 기념품 덕분에 우리 둘 다 돈 좀 만지겠군.	번역완료	batch RowID 488-687
549	Data/NPCData/078.EDT	18	480	I need some time to get the cash together. Nobody thinking right would walk around this country with that kind of money. Give me 24 hours, and meet me at the bar in Drassen.	현금을 마련할 시간이 좀 필요해. 제정신인 놈이라면 이 나라에서 그런 거액을 들고 다니진 않지. 24시간 뒤 드라센의 술집에서 만나.	번역완료	batch RowID 488-687
550	Data/NPCData/078.EDT	19	480	I'll need to keep the head. You will just have to trust me.	머리는 내가 보관해야 해. 그냥 날 믿어.	번역완료	batch RowID 488-687
551	Data/NPCData/078.EDT	20	480	Jackpot! Looks like we've got even more money coming to us.	대박이군! 돈이 더 들어오게 생겼어.	번역완료	batch RowID 488-687
552	Data/NPCData/078.EDT	21	480	I believe this is yours...	이건 자네 몫인 것 같군...	번역완료	batch RowID 488-687
553	Data/NPCData/078.EDT	22	480	I knew you'd show up sooner or later.	언젠간 올 줄 알았어.	번역완료	batch RowID 488-687
554	Data/NPCData/078.EDT	23	480	Here's your money... It has been a pleasure doing business, and my offer is valid if you run into anybody else with a price on their head.	여기 자네 돈이야... 거래해서 즐거웠네. 머리에 현상금이 걸린 놈을 또 만나면 내 제안은 여전히 유효해.	번역완료	batch RowID 488-687
555	Data/NPCData/078.EDT	24	480	Slay Ruttwen, your head is mine...	슬레이 러트웬, 네 머리는 내 거다...	번역완료	batch RowID 488-687
556	Data/NPCData/078.EDT	25	480	Next time... I just want the head, you understand? I thought we were clear on this.	다음부터는... 머리만 가져와. 알겠나? 이건 분명히 말해둔 줄 알았는데.	번역완료	batch RowID 488-687
557	Data/NPCData/078.EDT	26	480	I hear rumors... You have twenty-four hours to bring me the head of Slay Ruttwen. If I do not see it on the table in the bar in Drassen, you and I have no business left to do.	소문이 들리더군... 24시간 안에 슬레이 러트웬의 머리를 가져와. 드라센 술집 탁자 위에서 그 머리를 보지 못하면 우리 거래는 끝이야.	번역완료	batch RowID 488-687
558	Data/NPCData/078.EDT	27	480	You know what I want.	내가 뭘 원하는지는 알겠지.	번역완료	batch RowID 488-687
559	Data/NPCData/078.EDT	28	480	I knew you'd think things through. God... Ruttwen's even uglier in person.	현명하게 판단할 줄 알았어. 맙소사... 러트웬은 실제로 보니 더 못생겼군.	번역완료	batch RowID 488-687
560	Data/NPCData/078.EDT	29	480	This is not Slay's head.	이건 슬레이의 머리가 아니야.	번역완료	batch RowID 488-687
561	Data/NPCData/078.EDT	30	480	For the last time, I want Slay's head, and I want it now!	마지막으로 말하지. 슬레이의 머리를 당장 가져와!	번역완료	batch RowID 488-687
562	Data/NPCData/078.EDT	31	480	You and I are through. All arrangements are off!	우리 사이는 끝이야. 모든 거래도 취소다!	번역완료	batch RowID 488-687
563	Data/NPCData/078.EDT	32	480	You made a big mistake, you fool!	큰 실수를 했군, 멍청이!	번역완료	batch RowID 488-687
564	Data/NPCData/078.EDT	33	480	I don't have that kind of cash on me right now. Give me twenty-four hours, and meet me back here. I'll have it for you then.	지금 당장은 그런 현금이 없어. 24시간 뒤 여기서 다시 만나. 그때 돈을 준비해두지.	번역완료	batch RowID 488-687
565	Data/NPCData/078.EDT	34	480	It's not my war. You clean up your mess, and then we'll talk.	내 전쟁이 아니야. 자네가 벌인 일부터 정리하고 나서 이야기하지.	번역완료	batch RowID 488-687
566	Data/NPCData/078.EDT	35	480	You might want to consider a career as a bounty hunter. You get to travel all over the world like an international garbage collector taking the trash out.	현상금 사냥꾼 일을 해보는 것도 생각해봐. 국제 청소부처럼 전 세계를 돌아다니며 쓰레기를 치우는 직업이지.	번역완료	batch RowID 488-687
567	Data/NPCData/078.EDT	36	480	I was blind-sided. A stupidity. Never saw it coming.	완전히 허를 찔렸어. 멍청하게 당했지. 전혀 눈치 못 챘어.	번역완료	batch RowID 488-687
568	Data/NPCData/079.EDT	1	480	Who the hell?	누구야, 젠장?	번역완료	batch RowID 488-687
569	Data/NPCData/079.EDT	2	480	What's your problem?	뭐가 문제야?	번역완료	batch RowID 488-687
570	Data/NPCData/079.EDT	3	480	Bet every goddamn one of you is an American. You can't stay out of anything can you? You sons-of-a-bitches.	너희 전부 미국 놈들이지? 대체 남의 일에 안 끼는 법이 없어? 이 개자식들.	번역완료	batch RowID 488-687
571	Data/NPCData/079.EDT	4	480	I'm not looking to make new friends.	새 친구를 사귈 생각은 없어.	번역완료	batch RowID 488-687
572	Data/NPCData/079.EDT	5	480	Keep your own shit.	네 쓰레기는 네가 가져.	번역완료	batch RowID 488-687
573	Data/NPCData/079.EDT	6	480	You know how it ends. Let's get it started.	결말이 뭔지 알잖아. 시작하지.	번역완료	batch RowID 488-687
574	Data/NPCData/079.EDT	7	480	I am going to put a huge hole in your midsection.	네 배 한가운데에 큼지막한 구멍을 내주마.	번역완료	batch RowID 488-687
575	Data/NPCData/079.EDT	8	480	I not looking to join you! But I can be had for a price.	너희랑 합류할 생각은 없어! 하지만 값만 맞으면 얘기는 다르지.	번역완료	batch RowID 488-687
576	Data/NPCData/079.EDT	9	480	Ugh! Bandage this!	으윽! 여기 붕대 좀 감아!	번역완료	batch RowID 488-687
577	Data/NPCData/079.EDT	10	480	Enough talking!	말은 됐어!	번역완료	batch RowID 488-687
578	Data/NPCData/079.EDT	11	480	At least you're trained.	그래도 훈련은 받았군.	번역완료	batch RowID 488-687
579	Data/NPCData/079.EDT	12	480	Life is a bitch!	인생 참 엿 같군!	번역완료	batch RowID 488-687
580	Data/NPCData/079.EDT	13	480	If you're willing to part with more, maybe we can work something out.	돈을 더 내놓을 생각이라면, 뭔가 합의를 볼 수도 있지.	번역완료	batch RowID 488-687
581	Data/NPCData/079.EDT	14	480	She is all yours. I'm out of here.	그 여자는 너희한테 넘기지. 난 빠지겠어.	번역완료	batch RowID 488-687
582	Data/NPCData/079.EDT	15	480	Those mercenaries, Queen. The ones causing all the trouble. You wanted them.	여왕님, 저 용병들입니다. 계속 문제를 일으키던 놈들. 원하셨잖습니까.	번역완료	batch RowID 488-687
583	Data/NPCData/079.EDT	16	480	Yeah, Queen. You do. You want me to tenderize them?	그래요, 여왕님. 원하셨죠. 좀 두들겨서 부드럽게 만들어드릴까요?	번역완료	batch RowID 488-687
584	Data/NPCData/079.EDT	17	480	Gladly Queen. How do you like this?	기꺼이 하죠, 여왕님. 이건 어떻습니까?	번역완료	batch RowID 488-687
585	Data/NPCData/079.EDT	18	480	Yeah! I'll star-spangle you!	좋아! 눈앞에 별이 번쩍이게 해주지!	번역완료	batch RowID 488-687
586	Data/NPCData/079.EDT	19	480	Aw, come on! You are full of it! Queen, just look at them!	아, 됐어! 헛소리하지 마! 여왕님, 저놈들 꼴 좀 보세요!	번역완료	batch RowID 488-687
587	Data/NPCData/079.EDT	20	480	Right, Queen!	그렇습니다, 여왕님!	번역완료	batch RowID 488-687
588	Data/NPCData/079.EDT	21	480	Queen?	여왕님?	번역완료	batch RowID 488-687
589	Data/NPCData/080.EDT	1	480	I'm Doctor Willis. Can I help ya?	윌리스 박사입니다. 뭘 도와드릴까요?	번역완료	batch RowID 488-687
590	Data/NPCData/080.EDT	2	480	What seems to be the problem this time?	이번에는 무슨 문제죠?	번역완료	batch RowID 488-687
591	Data/NPCData/080.EDT	3	480	Between you and me, this war has been necessary for a long time. I wish you the best of luck.	우리끼리 하는 말이지만, 이 전쟁은 오래전부터 필요했습니다. 행운을 빌죠.	번역완료	batch RowID 488-687
592	Data/NPCData/080.EDT	4	480	I cannot tell ya how many times I've thought of retiring to a quiet family practice in some other country.	다른 나라에서 조용히 가정의로 일하며 은퇴할 생각을 몇 번이나 했는지 모릅니다.	번역완료	batch RowID 488-687
593	Data/NPCData/080.EDT	5	480	I appreciate it, but I cannot accept it.	마음은 고맙지만 받을 수 없습니다.	번역완료	batch RowID 488-687
594	Data/NPCData/080.EDT	6	480	The sooner this conflict is over the better.	이 분쟁은 빨리 끝날수록 좋습니다.	번역완료	batch RowID 488-687
595	Data/NPCData/080.EDT	7	480	We're in a hospital. There's no need to raise your voice. I have already decided to offer my full cooperation.	여긴 병원입니다. 목소리를 높일 필요 없어요. 이미 전적으로 협조하기로 했습니다.	번역완료	batch RowID 488-687
596	Data/NPCData/080.EDT	8	480	I've taken quite the risk to offer you treatment. It's as involved as I care to be.	당신들을 치료해주는 것만으로도 상당한 위험을 감수하고 있습니다. 제가 관여할 수 있는 건 여기까지예요.	번역완료	batch RowID 488-687
597	Data/NPCData/080.EDT	9	480	I cannot treat my injuries... I need assistance.	제 상처는 제가 치료할 수가 없군요... 도움이 필요합니다.	번역완료	batch RowID 488-687
598	Data/NPCData/080.EDT	10	480	I'm sorry, but I have patients to attend to.	미안하지만 돌봐야 할 환자들이 있습니다.	번역완료	batch RowID 488-687
599	Data/NPCData/080.EDT	11	480	Thank you.	고맙습니다.	번역완료	batch RowID 488-687
600	Data/NPCData/080.EDT	12	480	I'm sure we can handle another patient.	환자 한 명 정도는 더 받을 수 있을 겁니다.	번역완료	batch RowID 488-687
601	Data/NPCData/080.EDT	13	480	You're going to be keeping me busy for a while. I hope things are going better for you than they appear to be.	한동안 꽤 바빠지겠군요. 겉보기보다는 상황이 잘 풀리고 있기를 바랍니다.	번역완료	batch RowID 488-687
602	Data/NPCData/080.EDT	14	480	I'll attend to it, though I will have to charge you for my services. The money will allow me to give the people around here the medical attention they need.	치료해드리죠. 다만 진료비는 받아야 합니다. 그 돈으로 이곳 주민들에게 필요한 치료를 제공할 수 있으니까요.	번역완료	batch RowID 488-687
603	Data/NPCData/080.EDT	15	480	Seeing how you're fighting for the betterment of Arulco, I'll give you a bit of a break on the price.	아룰코를 위해 싸우고 계시니 비용을 조금 깎아드리겠습니다.	번역완료	batch RowID 488-687
604	Data/NPCData/080.EDT	16	480	I wanted to let you know that we all appreciate what you're doing. And just to show you what I mean, I'm only asking you to cover the cost of the treatment.	당신들이 하는 일을 우리 모두 고맙게 생각한다는 말을 하고 싶었습니다. 그 뜻으로 치료에 들어가는 비용만 받겠습니다.	번역완료	batch RowID 488-687
605	Data/NPCData/080.EDT	17	480	We've all decided to waive any fees for our services. This treatment is on the hospital.	우리 모두 진료비를 받지 않기로 했습니다. 이번 치료는 병원에서 부담하죠.	번역완료	batch RowID 488-687
606	Data/NPCData/080.EDT	18	480	Of course, as distasteful as it is, there will be a charge for the treatment.	유감스럽지만, 치료비는 받을 수밖에 없습니다.	번역완료	batch RowID 488-687
607	Data/NPCData/080.EDT	19	480	Seeing how you've helped the Grahams with their son, there'll be no charge for this treatment, and I'll keep my fees to a minimum from here on in.	그레이엄 부부의 아들을 도와주셨으니 이번 치료는 무료로 해드리겠습니다. 앞으로도 진료비는 가능한 한 낮게 받죠.	번역완료	batch RowID 488-687
608	Data/NPCData/080.EDT	20	480	Very well... I'll be right there.	좋습니다... 바로 가죠.	번역완료	batch RowID 488-687
609	Data/NPCData/080.EDT	21	480	Very well, then... leave everything to me, and I'll get things fixed up right.	좋습니다. 제게 맡기세요. 제대로 치료해놓겠습니다.	번역완료	batch RowID 488-687
610	Data/NPCData/080.EDT	22	480	Okay, leave them with me. I'll get them all back on their feet before you know it.	좋아요, 제게 맡겨두세요. 금방 다들 다시 일어설 수 있게 해드리죠.	번역완료	batch RowID 488-687
611	Data/NPCData/080.EDT	23	480	Well... If you change your mind or things take a turn for the worst, you know where to find me.	음... 마음이 바뀌거나 상태가 더 나빠지면 어디로 와야 할지 아시겠죠.	번역완료	batch RowID 488-687
612	Data/NPCData/080.EDT	24	480	Once you get the fighting under control, maybe then, we can talk.	우선 총격부터 잠잠하게 하세요. 그러고 나면 이야기할 수 있을 겁니다.	번역완료	batch RowID 488-687
613	Data/NPCData/080.EDT	25	480	I just hope I don't run out of medical supplies. It seems someone's been stealing from us. They're probably selling it on the black market.	의료품이 바닥나지 않기만을 바랄 뿐입니다. 누군가 계속 훔쳐가는 것 같아요. 아마 암시장에서 팔아먹고 있겠죠.	번역완료	batch RowID 488-687
614	Data/NPCData/080.EDT	26	480	I'm terribly sorry, but I don't have the necessary supplies to heal anyone. We were cleaned out. Hopefully, we'll get a shipment in the next couple of days.	정말 미안하지만 지금은 누구도 치료할 물자가 없습니다. 완전히 털렸어요. 며칠 안에 새 물자가 들어오길 바랄 뿐입니다.	번역완료	batch RowID 488-687
615	Data/NPCData/080.EDT	27	480	I can't take medical supplies or medicine from you. You'll have to clear it with administration.	당신들에게서 의료품이나 약을 직접 받을 수는 없습니다. 행정실과 먼저 이야기하세요.	번역완료	batch RowID 488-687
616	Data/NPCData/080.EDT	28	480	You are demented!	정신이 나갔군요!	번역완료	batch RowID 488-687
617	Data/NPCData/080.EDT	29	480	It is too dangerous right now to help you. We are being watched.	지금은 당신들을 돕기엔 너무 위험합니다. 누군가 우리를 감시하고 있어요.	번역완료	batch RowID 488-687
618	Data/NPCData/080.EDT	30	480	I have to tell you, I had my doubts when you first got here. But you've proven that you're out to win this war, and the town of Cambria stands solidly behind you.	솔직히 말하죠. 처음 당신들이 왔을 때는 의심했습니다. 하지만 이 전쟁에서 이기려 한다는 걸 증명했고, 이제 캄브리아 사람들은 확실히 당신들 편입니다.	번역완료	batch RowID 488-687
619	Data/NPCData/080.EDT	31	480	Just thought I'd mention that I realize you're mercenaries and you're in this for money, but we need you. We need you to stay with it. You're the last hope for this country.	당신들이 돈 받고 싸우는 용병이라는 건 압니다. 그래도 우리에겐 당신들이 필요해요. 끝까지 싸워주세요. 당신들이 이 나라의 마지막 희망입니다.	번역완료	batch RowID 488-687
620	Data/NPCData/080.EDT	32	480	Thanks. Feels a little strange to be on the receiving end.	고맙습니다. 제가 치료를 받는 쪽이 되니 좀 이상하군요.	번역완료	batch RowID 488-687
621	Data/NPCData/080.EDT	33	480	Of course, you'll have to pay for the treatment, now, in cash.	물론 치료비는 지금 현금으로 지불해야 합니다.	번역완료	batch RowID 488-687
622	Data/NPCData/080.EDT	34	480	I'll need all of it.	전액이 필요합니다.	번역완료	batch RowID 488-687
623	Data/NPCData/081.EDT	1	480	Don't bother me, okay? It isn't The Rat you're looking for, whatever it is.	귀찮게 하지 마, 알겠어? 뭘 찾는진 몰라도 '랫'은 아니잖아.	번역완료	batch RowID 488-687
624	Data/NPCData/081.EDT	2	480	What do you want...	뭘 원하는데...	번역완료	batch RowID 488-687
625	Data/NPCData/081.EDT	3	480	Heh-heh-heh-heh. You ever seen a man... eaten alive? They shake and quiver, depending on whether you start at the head or the feet. Heh-heh-heh-heh.	헤헤헤헤. 사람이... 산 채로 먹히는 걸 본 적 있어? 머리부터 먹느냐 발부터 먹느냐에 따라 몸을 부들부들 떨지. 헤헤헤헤.	번역완료	batch RowID 488-687
626	Data/NPCData/081.EDT	4	480	You've probably heard the rumors, and they're true. If you haven't... well, I'm not telling you.	소문은 들었겠지. 전부 사실이야. 못 들었다면... 뭐, 내가 말해줄 생각은 없어.	번역완료	batch RowID 488-687
627	Data/NPCData/081.EDT	5	480	No, no, no, nothing. I don't want it...	아니, 아니, 아니. 아무것도 필요 없어...	번역완료	batch RowID 488-687
628	Data/NPCData/081.EDT	6	480	I'll tell you this, but keep it quiet. Here, the people? They die twice. You think about that.	이것만은 말해주지. 대신 조용히 해. 여기 사람들은 말이야... 두 번 죽어. 잘 생각해봐.	번역완료	batch RowID 488-687
629	Data/NPCData/081.EDT	7	480	Oh, c'mon. Leave... leave me alone. Humans are the last thing I'd be afraid of.	아, 제발. 날... 날 좀 내버려둬. 인간 따윈 전혀 안 무서워.	번역완료	batch RowID 488-687
630	Data/NPCData/081.EDT	8	480	No, but I'll be around to pick you up after... heh-heh-heh-heh.	아니. 하지만 끝나고 나면 네 시체 주우러 나타나지... 헤헤헤헤.	번역완료	batch RowID 488-687
631	Data/NPCData/081.EDT	9	480	Help me here... I... I can't die...	좀 도와줘... 나... 난 죽을 수 없어...	번역완료	batch RowID 488-687
632	Data/NPCData/081.EDT	10	480	You best not be seen in my company.	나와 같이 있는 모습은 남들 눈에 안 띄는 게 좋을 거야.	번역완료	batch RowID 488-687
633	Data/NPCData/081.EDT	11	480	You have no idea. Thank you.	얼마나 고마운지 넌 모를 거야. 고맙다.	번역완료	batch RowID 488-687
634	Data/NPCData/081.EDT	12	480	Guess where your body's going! Heh-heh-heh-heh.	네 시체가 어디로 갈지 맞혀봐! 헤헤헤헤.	번역완료	batch RowID 488-687
635	Data/NPCData/081.EDT	13	480	Settle the shooting first! I don't want to die, especially talking to you.	총격부터 끝내! 난 죽기 싫어. 특히 너랑 얘기하다 죽는 건 더 싫다고.	번역완료	batch RowID 488-687
636	Data/NPCData/081.EDT	14	480	Okay! So you know who I am. So what if I worked for the Queen? I just happened to enjoy working with insects. Big insects! She told me I was working too hard. I needed a vacation.	좋아! 내가 누군지 안다는 거지. 내가 여왕 밑에서 일한 게 뭐 어때서? 난 그냥 벌레를 다루는 게 좋았어. 큰 벌레 말이야! 여왕은 내가 너무 열심히 일한다며 휴가가 필요하다고 했지.	번역완료	batch RowID 488-687
637	Data/NPCData/081.EDT	15	480	I already confessed, I fed the Crepitus. Fed them Arulco's dead. Queen wants them to stay underground, so she makes sure they don't get hungry and start wandering around.	이미 자백했잖아. 내가 크레피투스에게 먹이를 줬어. 아룰코에서 죽은 사람들을 먹였지. 여왕은 놈들이 지하에만 있길 바라니까, 배고파서 밖으로 돌아다니지 않도록 먹이를 대는 거야.	번역완료	batch RowID 488-687
638	Data/NPCData/081.EDT	16	480	She also has me burn the larvae so they don't get to be too many. You see, I'm a good guy just trying to keep things under control.	유충이 너무 많아지지 않게 불태우는 일도 내가 했어. 봐, 난 그저 상황을 통제하려는 좋은 사람이라고.	번역완료	batch RowID 488-687
639	Data/NPCData/081.EDT	17	480	Okay, okay... I'll tell you all I know about the Crepitus. Just relax... They reproduce quicker than rabbits. A lot quicker. They grow damn fast, too. And the older they get, the more dangerous they are.	알았어, 알았다고... 크레피투스에 대해 아는 걸 다 말해줄게. 진정해... 놈들은 토끼보다 빨리 번식해. 훨씬 빨리. 성장도 엄청 빠르고. 나이를 먹을수록 더 위험해져.	번역완료	batch RowID 488-687
640	Data/NPCData/081.EDT	18	480	The big difference between the males and the females, these insects got it backwards. The males take care of the young larvae, while the females are the hunters and the aggressors.	이 벌레들은 암수가 하는 일이 완전히 반대야. 수컷이 어린 유충을 돌보고, 암컷이 사냥하고 공격하지.	번역완료	batch RowID 488-687
641	Data/NPCData/081.EDT	19	480	Ya find yourself in deep trouble with either one of them, ya shoot 'em in the butt. That's their weak point.	어느 쪽이든 만나서 큰일 났다 싶으면 엉덩이를 쏴. 거기가 약점이야.	번역완료	batch RowID 488-687
642	Data/NPCData/081.EDT	20	480				
643	Data/NPCData/081.EDT	21	480	Okay! Enough already... There's an old fellow I used to work with named Gabby. He knows how to make this stuff that lets you sneak around the insects without them bothering you.	알았어! 이제 됐잖아... 예전에 같이 일하던 개비라는 늙은이가 있어. 벌레들이 눈치채지 못하게 돌아다닐 수 있는 약을 만들 줄 알지.	번역완료	batch RowID 488-687
644	Data/NPCData/081.EDT	22	480	Think he lives alone in the woods somewhere, which is kinda strange for a guy who won't shut up. If you find him, you let me know, 'cause I could use some more of that stuff myself.	아마 숲 어딘가에서 혼자 살 거야. 입을 다물 줄 모르는 양반치고는 좀 이상하지. 찾으면 나한테도 알려줘. 나도 그 약이 좀 더 필요하거든.	번역완료	batch RowID 488-687
645	Data/NPCData/081.EDT	23	480	I don't want nothin' from you.	너한테 아무것도 필요 없어.	번역완료	batch RowID 488-687
646	Data/NPCData/082.EDT	1	480	Hello there.	안녕.	번역완료	batch RowID 488-687
647	Data/NPCData/082.EDT	2	480	Dinnae think I'd see ya again.	다시 보게 될 줄은 몰랐네.	번역완료	batch RowID 488-687
648	Data/NPCData/082.EDT	3	480	Cannae say I'm in love with this place.	이곳이 마음에 든다고는 못 하겠군.	번역완료	batch RowID 488-687
649	Data/NPCData/082.EDT	4	480	Ye should just take out the whole bleedin' country. Just be lettin' me know first.	이 빌어먹을 나라를 통째로 날려버리는 게 낫겠어. 그러기 전에 나한테만 알려줘.	번역완료	batch RowID 488-687
650	Data/NPCData/082.EDT	5	480	Now what would I want with that, then.	내가 그걸 어디에 쓰겠어?	번역완료	batch RowID 488-687
651	Data/NPCData/082.EDT	6	480	If it's anything to ya, I'm doing a research study for Scotland Yard.	관심이 있다면 말이지, 난 스코틀랜드 야드 의뢰로 연구를 하고 있어.	번역완료	batch RowID 488-687
652	Data/NPCData/082.EDT	7	480	Yer pushin' it.	선을 넘고 있군.	번역완료	batch RowID 488-687
653	Data/NPCData/082.EDT	8	480	No thanks. I've got to complete ma study here.	사양하지. 여기서 연구를 마쳐야 해.	번역완료	batch RowID 488-687
654	Data/NPCData/082.EDT	9	480	Need... a physician.	의사가... 필요해.	번역완료	batch RowID 488-687
655	Data/NPCData/082.EDT	10	480	I got lots to be thinking about, so I'll cut you loose.	생각할 게 많으니 이만 가봐.	번역완료	batch RowID 488-687
656	Data/NPCData/082.EDT	11	480	Kind of ya.	친절하군.	번역완료	batch RowID 488-687
657	Data/NPCData/082.EDT	12	480	Ya fixed yerself fine this time!	이번엔 자네 스스로 잘 고쳤군!	번역완료	batch RowID 488-687
658	Data/NPCData/082.EDT	13	480	Course I'll take it! Won't do nothing for it.	물론 받지! 하지만 그 대가로 뭘 해주진 않아.	번역완료	batch RowID 488-687
659	Data/NPCData/082.EDT	14	480	First, it's gonna be you. Then your buddies, and then your whole damn family! They dinnae call me Mayhem for nothing!	먼저 너다. 그다음 네 친구들, 그다음엔 네 가족 전부야! 괜히 날 '메이헴'이라고 부르는 게 아니라고!	번역완료	batch RowID 488-687
660	Data/NPCData/082.EDT	15	480	Think there be other problems here ya better contend with first, before we be talking.	우리 얘기부터 하기 전에 자네가 처리해야 할 문제가 따로 있는 것 같은데.	번역완료	batch RowID 488-687
661	Data/NPCData/083.EDT	1	480	Hi there.	안녕.	번역완료	batch RowID 488-687
662	Data/NPCData/083.EDT	2	480	Out and about again, eh?	또 돌아다니는 중인가?	번역완료	batch RowID 488-687
663	Data/NPCData/083.EDT	3	480	Hardware store's got duty-free kitchen utensils. There's something good about this place anyway.	철물점에서 주방용품을 면세로 팔더군. 그래도 이곳에 좋은 점 하나는 있네.	번역완료	batch RowID 488-687
664	Data/NPCData/083.EDT	4	480	"Nosy assholes here. Guy says, ""So, you're American?"" and I says, ""No, Scottish. Raised in Canada. I lost my accent, eh?"" Like it's his business."	여긴 오지랖 넓은 개자식들이 많아. 어떤 놈이 '그래서, 미국인이요?'라고 묻길래 내가 '아니, 스코틀랜드인이다. 캐나다에서 자라서 억양을 잃었지, 응?'이라고 했어. 지가 무슨 상관이라고.	번역완료	batch RowID 488-687
665	Data/NPCData/083.EDT	5	480	I got no use for it.	그건 쓸 데 없어.	번역완료	batch RowID 488-687
666	Data/NPCData/083.EDT	6	480	People been leaving left and right. I kinda like it. Gives the place more room.	사람들이 여기저기 떠나고 있더군. 난 오히려 좋아. 좀 널찍해지잖아.	번역완료	batch RowID 488-687
667	Data/NPCData/083.EDT	7	480	Look, I haven't got any problem with you.	이봐, 난 자네한테 아무 불만 없어.	번역완료	batch RowID 488-687
668	Data/NPCData/083.EDT	8	480	I'm Canadian. We're just peacekeepers, eh?	난 캐나다인이야. 우린 그냥 평화유지군이라고, 응?	번역완료	batch RowID 488-687
669	Data/NPCData/083.EDT	9	480	I... need... a... doctor.	나... 의사가... 필요해.	번역완료	batch RowID 488-687
670	Data/NPCData/083.EDT	10	480	Well, it's been real, eh?	뭐, 나름 즐거웠네. 그렇지?	번역완료	batch RowID 488-687
671	Data/NPCData/083.EDT	11	480	Thanks, eh? Feeling better, eh.	고마워. 좀 나아진 것 같군.	번역완료	batch RowID 488-687
672	Data/NPCData/083.EDT	12	480	Number's up, sucker.	운 다했어, 이 자식아.	번역완료	batch RowID 488-687
673	Data/NPCData/083.EDT	13	480	Thanks, eh? I was running a little low.	고마워. 마침 좀 부족하던 참이었어.	번역완료	batch RowID 488-687
674	Data/NPCData/083.EDT	14	480	I'm gonna chop you up in little pieces, man!	잘게 토막 내주마, 이 자식아!	번역완료	batch RowID 488-687
675	Data/NPCData/083.EDT	15	480	I don't want to be a target, eh? You quiet things down first.	표적이 되고 싶진 않거든. 먼저 주변부터 조용히 해.	번역완료	batch RowID 488-687
676	Data/NPCData/084.EDT	1	480	You..you don't look like a doctor.	당... 당신은 의사처럼 안 보이는데.	번역완료	batch RowID 488-687
677	Data/NPCData/084.EDT	2	480	I saw another... another one... I'm sure of it.	또 하나를 봤어... 또 다른 놈을... 틀림없어.	번역완료	batch RowID 488-687
678	Data/NPCData/084.EDT	3	480	They're big... Big and ugly...	놈들은 커... 크고 흉측해...	번역완료	batch RowID 488-687
679	Data/NPCData/084.EDT	4	480	I..I don't...don't...know how I... I got away.	내가... 내가 어떻게... 어떻게 도망쳤는지... 모르겠어.	번역완료	batch RowID 488-687
680	Data/NPCData/084.EDT	5	480	Get that...that away from me.	그... 그거 내 눈앞에서 치워.	번역완료	batch RowID 488-687
681	Data/NPCData/084.EDT	6	480	They smell...smell terrible.	놈들은 냄새가... 냄새가 끔찍해.	번역완료	batch RowID 488-687
682	Data/NPCData/084.EDT	7	480	It tried...tr-tried...tried to eat me.	그게 날... 먹으려... 먹으려고 했어.	번역완료	batch RowID 488-687
683	Data/NPCData/084.EDT	8	480	I'm staying...staying right here.	난 여기... 여기 그대로 있을 거야.	번역완료	batch RowID 488-687
684	Data/NPCData/084.EDT	9	480	It...It...hurts.	아... 아파.	번역완료	batch RowID 488-687
685	Data/NPCData/084.EDT	10	480	I don't feel...feel up to talking.	지금은... 말할 힘이 없어.	번역완료	batch RowID 488-687
686	Data/NPCData/084.EDT	11	480	All...right....	알...겠어....	번역완료	batch RowID 488-687
687	Data/NPCData/084.EDT	12	480	I was just looking...looking for gold dust in the mines. And...and I saw a hole that...that went down...down below the mines. I saw it...it attacked me fa...fa...fast.	난 그냥 광산에서... 금가루를 찾고 있었어. 그런데... 광산 밑으로... 밑으로 내려가는 구멍을 봤어. 거기서 놈을 봤고... 놈이 나한테 빠... 빠... 빠르게 달려들었어.	번역완료	batch RowID 488-687
688	Data/NPCData/084.EDT	13	480	It was spitting...spitting...spitting and grabbing. It was scary... terrible. I don't know...know what happened after that.	침을 뱉고... 뱉고... 또 뱉으면서 붙잡아댔어. 무서웠어... 끔찍했어. 그다음엔... 무슨 일이 있었는지 모르겠어.	번역완료	batch RowID 688-887
689	Data/NPCData/084.EDT	14	480	If...I could...I'd kill you.	내가... 할 수만 있다면... 널 죽일 텐데.	번역완료	batch RowID 688-887
690	Data/NPCData/085.EDT	1	480	You come here often?	여기 자주 와?	번역완료	batch RowID 688-887
691	Data/NPCData/085.EDT	2	480	What's up?	무슨 일이야?	번역완료	batch RowID 688-887
692	Data/NPCData/085.EDT	3	480	I've got to get a satellite dish so I can pull in the all-girl channel.	여자들만 나오는 채널을 잡으려면 위성 접시 하나 장만해야겠어.	번역완료	batch RowID 688-887
693	Data/NPCData/085.EDT	4	480	You don't want to buy any of the products in this place. I've gotten some really bad rashes.	여기 물건은 아무것도 사지 마. 나 완전 심한 발진이 났거든.	번역완료	batch RowID 688-887
694	Data/NPCData/085.EDT	5	480	What do ya want me to do with that?	나더러 그걸 어쩌라고?	번역완료	batch RowID 688-887
695	Data/NPCData/085.EDT	6	480	You like my earrings? I got twelve of them. And I still got an ear left to fill.	내 귀걸이 어때? 열두 개나 있어. 그래도 아직 한쪽 귀는 더 뚫을 데가 남았지.	번역완료	batch RowID 688-887
696	Data/NPCData/085.EDT	7	480	Take a pill, soldier boy!	약이나 먹어, 군인 양반!	번역완료	batch RowID 688-887
697	Data/NPCData/085.EDT	8	480	You gotta be kidding! I don't like guns. They're just phallic symbols for you coward macho types.	농담하지 마! 난 총이 싫어. 겁쟁이 마초들이 들고 다니는 남근 상징일 뿐이잖아.	번역완료	batch RowID 688-887
698	Data/NPCData/085.EDT	9	480	I'm in pain... serious pain... but there's a hint of pleasure to it.	아파... 엄청 아픈데... 묘하게 쾌감도 좀 있네.	번역완료	batch RowID 688-887
699	Data/NPCData/085.EDT	10	480	Don't you got somewhere else to be?	너 다른 데 가볼 곳 없어?	번역완료	batch RowID 688-887
700	Data/NPCData/085.EDT	11	480	I won't do nuthin' for it. That, you can be sure of.	그걸 줘도 내가 뭘 해줄 일은 없어. 그건 확실해.	번역완료	batch RowID 688-887
701	Data/NPCData/085.EDT	12	480	You never have nuthin' Hans! Your For Woman By Woman section is next to empty. You got the same three films...all starring Twin Peakes. She's been dead for more than five years, Hans!	한스, 넌 늘 물건이 없잖아! '여성에 의한, 여성을 위한' 코너는 거의 텅 비었어. 똑같은 영화 세 편뿐이고... 전부 트윈 피크스 주연이잖아. 그 여자 죽은 지 5년도 넘었어, 한스!	번역완료	batch RowID 688-887
702	Data/NPCData/085.EDT	13	480	What about ordering some new stuff, huh... Like Titanik, or Bad Jill Humping, or As Sore as it Gets...	새 작품 좀 주문하면 안 돼? '타이태닉', '배드 질 험핑', '애즈 소어 애즈 잇 게츠' 같은 거 말이야...	번역완료	batch RowID 688-887
703	Data/NPCData/085.EDT	14	480	Yeah, yeah, yeah, you're just lucky you're the only Adult store in this backwoods country.	그래, 그래. 이런 촌구석 나라에 성인용품점이 여기 하나뿐인 걸 다행으로 알아.	번역완료	batch RowID 688-887
704	Data/NPCData/085.EDT	15	480	Woah! PANTSUIT LORETTA 6: THE MEN ARE AWAY. I haven't seen this one. Thanks!	와! '팬츠수트 로레타 6: 남자들은 집을 비웠다'잖아. 이건 못 봤는데. 고마워!	번역완료	batch RowID 688-887
705	Data/NPCData/085.EDT	16	480	Well, that's it, Hans. I'm tired of your poor selection. I'm leaving, and I'm not coming back until you get some new stock.	됐어, 한스. 이 형편없는 물건 구성도 지긋지긋해. 새 물건 들어올 때까지 다시는 안 올 거야.	번역완료	batch RowID 688-887
706	Data/NPCData/085.EDT	17	480	Get out of here!	꺼져!	번역완료	batch RowID 688-887
707	Data/NPCData/085.EDT	18	480	If I had a gun, you'd be dead, you weeny bastard!	나한테 총만 있었으면 넌 벌써 죽었어, 이 쪼다 자식아!	번역완료	batch RowID 688-887
708	Data/NPCData/085.EDT	19	480	Wanna wait until it calms down around here?	여기 좀 잠잠해질 때까지 기다리는 게 어때?	번역완료	batch RowID 688-887
709	Data/NPCData/086.EDT	1	480	Peter Klaus. Some of my closer friends call me Kingpin.	피터 클라우스. 가까운 친구들은 날 킹핀이라 부르지.	번역완료	batch RowID 688-887
710	Data/NPCData/086.EDT	2	480	I trust you are enjoying my town.	내 도시를 즐기고 있겠지.	번역완료	batch RowID 688-887
711	Data/NPCData/086.EDT	3	480	Your small talk is of little interest to me.	자네의 잡담에는 별 관심이 없네.	번역완료	batch RowID 688-887
712	Data/NPCData/086.EDT	4	480	My time is limited.	내 시간은 한정돼 있어.	번역완료	batch RowID 688-887
713	Data/NPCData/086.EDT	5	480	Your gift is of no value to me.	자네 선물은 내게 아무 가치도 없어.	번역완료	batch RowID 688-887
714	Data/NPCData/086.EDT	6	480	Everything in San Mona belongs to me. The responsibility is enormous.	산모나의 모든 것은 내 것이지. 그만큼 책임도 막중하고.	번역완료	batch RowID 688-887
715	Data/NPCData/086.EDT	7	480	We'll pretend you are ignorant, and you do not know who you are threatening. Do it again, and we'll pretend that you are dead.	자네가 무지해서 누구를 협박하는지도 모른 걸로 해두지. 한 번 더 그러면, 이번엔 자네가 죽은 걸로 해두겠네.	번역완료	batch RowID 688-887
716	Data/NPCData/086.EDT	8	480	Hahahah... You can't be serious!	하하하... 설마 진심은 아니겠지!	번역완료	batch RowID 688-887
717	Data/NPCData/086.EDT	9	480	Son-of-a-bitch...	개자식...	번역완료	batch RowID 688-887
718	Data/NPCData/086.EDT	10	480	You can leave now.	이제 가봐도 되네.	번역완료	batch RowID 688-887
719	Data/NPCData/086.EDT	11	480	I will put this money towards improving my little town.	이 돈은 내 작은 도시를 더 좋게 만드는 데 쓰지.	번역완료	batch RowID 688-887
720	Data/NPCData/086.EDT	12	480	I understand we're in for some entertainment. I never miss a good bout, especially not when there's new blood in the battle.	오늘 재미있는 구경거리가 있다더군. 난 좋은 시합을 절대 놓치지 않지. 특히 링에 새 피가 들어올 때는 말이야.	번역완료	batch RowID 688-887
721	Data/NPCData/086.EDT	13	480	I run a nice little town here. You are welcome to enjoy the facilities. We have everything... I am sure you will find something that caters to your needs.	여기 꽤 괜찮은 작은 도시를 운영하고 있지. 시설은 마음껏 즐기게. 없는 게 없어... 자네 취향에 맞는 것도 분명 찾을 수 있을 걸세.	번역완료	batch RowID 688-887
722	Data/NPCData/086.EDT	14	480	Just keep in mind that you are my guest. While you take your well-deserved break from the rigors of war, I expect you to behave as such.	다만 자네는 내 손님이라는 걸 잊지 말게. 전쟁의 고생에서 잠시 쉬는 동안은 손님답게 행동하길 바라네.	번역완료	batch RowID 688-887
723	Data/NPCData/086.EDT	15	480	Very well then. Let's get on with this exhibition...	좋아. 그럼 이 시범 경기를 시작하지...	번역완료	batch RowID 688-887
724	Data/NPCData/086.EDT	16	480	You were warned...	경고했을 텐데...	번역완료	batch RowID 688-887
725	Data/NPCData/086.EDT	17	480	You're messing with the wrong man...	상대를 잘못 골랐군...	번역완료	batch RowID 688-887
726	Data/NPCData/086.EDT	18	480	Good. However, we have a minor problem. It seems someone has found out where I do my banking. This certain someone has made, let's say, an unauthorized withdrawl.	좋아. 다만 사소한 문제가 하나 있어. 누군가 내가 돈을 어디에 맡기는지 알아낸 모양이야. 그리고 그 누군가가, 말하자면, 허가받지 않은 인출을 했지.	번역완료	batch RowID 688-887
727	Data/NPCData/086.EDT	19	480	I'm not a finger-pointing type of fellow, but I do expect YOU to give it back to me. As a matter of fact, I was hoping we could settle this right now, put it behind us. Of course, there will be a 25 percent service fee.	난 함부로 남을 탓하는 사람은 아니지만, 그 돈은 자네가 내게 돌려주길 바라네. 사실 지금 여기서 깔끔히 정리하고 이 일은 잊고 싶군. 물론 25%의 수수료는 붙겠지만.	번역완료	batch RowID 688-887
728	Data/NPCData/086.EDT	20	480	Something to cover my inconvenience, you understand. I'm a reasonable man. I'll give you 48 hours to deliver it to me. To me personally, or I'll hunt you down and kill you.	내가 겪은 불편에 대한 보상이라고 생각하게. 난 합리적인 사람이야. 48시간을 주지. 직접 내게 가져와. 그러지 않으면 자네를 찾아내서 죽이겠네.	번역완료	batch RowID 688-887
729	Data/NPCData/086.EDT	21	480	I knew you were a sensible person. And to show you I am the same, I will erase this whole episode from my mind. I mean, how could you have known it was my money? And you are enjoying San Mona, are you not?	자네가 현명한 사람인 줄 알았지. 나도 그렇다는 걸 보여주기 위해 이 일은 머릿속에서 깨끗이 지우겠네. 내 돈인 줄 자네가 어떻게 알았겠나? 그리고 산모나는 즐기고 있겠지?	번역완료	batch RowID 688-887
730	Data/NPCData/086.EDT	22	480	A downpayment, but we are not quite squared off yet.	일부는 갚았군. 하지만 아직 완전히 정산된 건 아니야.	번역완료	batch RowID 688-887
731	Data/NPCData/086.EDT	23	480	You impressed me. Showed a determination I did not believe you had. You know, you should drop by my house sometime. It is south of here. Not very far, within walking distance.	자넨 날 놀라게 했어. 내가 생각했던 것보다 훨씬 강한 의지를 보여줬지. 언제 한번 내 집에 들르게. 여기서 남쪽이야. 멀지 않아, 걸어갈 만하지.	번역완료	batch RowID 688-887
732	Data/NPCData/086.EDT	24	480	I'll tell Damon to be expecting you. We might just be able to help each other out. You think about it.	데이먼에게 자네가 올 수도 있다고 말해두지. 어쩌면 서로 도움이 될 수 있을 거야. 생각해보게.	번역완료	batch RowID 688-887
733	Data/NPCData/086.EDT	25	480	We will have to pick this up another time...	이 얘기는 다음에 계속하지...	번역완료	batch RowID 688-887
734	Data/NPCData/086.EDT	26	480	I built it from nothing, by doing people favors. I am a generous man who enjoys seeing people entertained. I am also an avid collector who appreciates the rarity of some of the finer things in life.	난 아무것도 없는 데서 이걸 일궜네. 사람들에게 도움을 베풀면서 말이지. 난 사람들이 즐거워하는 걸 좋아하는 관대한 사람이야. 그리고 인생의 좋은 것들, 특히 희귀한 물건을 알아보는 열성적인 수집가이기도 하지.	번역완료	batch RowID 688-887
735	Data/NPCData/086.EDT	27	480	I have a proposition I want you to consider. There is a museum in Balime. On display is a rather precious piece of Arulcan history. The diamond-encrusted Golden Chalice of Chance.	자네가 고려해볼 제안이 하나 있네. 발라임에 박물관이 있어. 그곳에 아룰코 역사의 꽤 귀중한 유물이 전시되어 있지. 다이아몬드가 박힌 '행운의 황금 성배'야.	번역완료	batch RowID 688-887
736	Data/NPCData/086.EDT	28	480	It is encased there for the benefit of the rich. Balime is a town inhabited by friends and associates of Deidranna. Since she is a sworn enemy of yours, I thought perhaps you might be willing to get it for me.	부자들의 눈요깃거리로 유리장 안에 갇혀 있지. 발라임은 데이드라나의 친구와 측근들이 사는 도시야. 그녀는 자네의 철천지원수니, 혹시 나를 위해 그걸 가져올 생각이 있지 않을까 했네.	번역완료	batch RowID 688-887
737	Data/NPCData/086.EDT	29	480	I would reward you, of course, and you would surely feel better knowing that the common folk, the working people of San Mona, would be given the opportunity to share in a piece of their ancient history.	물론 보상은 하겠네. 그리고 산모나의 평범한 사람들, 땀 흘려 일하는 사람들이 자신들의 오랜 역사를 함께 누릴 기회를 얻게 된다는 걸 알면 자네도 마음이 놓이겠지.	번역완료	batch RowID 688-887
738	Data/NPCData/086.EDT	30	480	I would do it myself, or rather, have my people do it, but I can't have Deidranna believing I am in any way involved. She and I have a special, unique relationship and something like this would no doubt sour it.	내가 직접 하거나 내 사람을 시킬 수도 있지만, 데이드라나에게 내가 연루됐다는 인상을 줘선 안 돼. 그녀와 나는 특별하고 독특한 관계거든. 이런 일이면 틀림없이 사이가 틀어질 거야.	번역완료	batch RowID 688-887
739	Data/NPCData/086.EDT	31	480	Whether this is something that interests you, or not, is entirely up to you. But keep in mind during your travels that I will pay twenty thousand dollars in cash for the Chalice.	관심이 있든 없든 전적으로 자네 자유야. 다만 여행하다가 성배를 손에 넣게 되면 현금 2만 달러를 주겠다는 건 기억해두게.	번역완료	batch RowID 688-887
740	Data/NPCData/086.EDT	32	480	Let's get right to the point. Did you manage to get me the Golden Chalice of Chance or not? I can barely wait to see it.	본론으로 가지. 행운의 황금 성배는 구했나, 못 구했나? 어서 보고 싶어 견딜 수가 없군.	번역완료	batch RowID 688-887
741	Data/NPCData/086.EDT	33	480	Ah... It is just like I remembered it. Magnificent, simply magnificent.	아... 기억하던 그대로군. 훌륭해. 정말 훌륭해.	번역완료	batch RowID 688-887
742	Data/NPCData/086.EDT	34	480	And this, my dear friend, is for you. Perhaps, you will find some of the attractions in town to be worthy of your hard earned dollars.	그리고 이건 자네 몫이네, 친구. 힘들게 번 돈을 쓸 만한 산모나의 즐길 거리를 찾을 수 있겠지.	번역완료	batch RowID 688-887
743	Data/NPCData/086.EDT	35	480	Another bout. I am looking forward to a close one.	또 한 판이군. 팽팽한 승부를 기대하지.	번역완료	batch RowID 688-887
744	Data/NPCData/086.EDT	36	480	A most enjoyable event. Whenever you wish to partake in another, please make the necessary arrangements with my assistant, Darren.	아주 즐거운 구경이었네. 또 참가하고 싶으면 내 보좌관 대런과 필요한 준비를 하게.	번역완료	batch RowID 688-887
745	Data/NPCData/086.EDT	37	480	I hope you are bringing me good news and money. Time is running out, and so is my patience.	좋은 소식과 돈을 가져왔길 바라네. 시간도, 내 인내심도 거의 바닥이야.	번역완료	batch RowID 688-887
746	Data/NPCData/087.EDT	1	480	Darren Van Haussen. Club Manager.	대런 반 하우센입니다. 클럽 매니저죠.	번역완료	batch RowID 688-887
747	Data/NPCData/087.EDT	2	480	Ah, yes. You have returned.	아, 예. 다시 오셨군요.	번역완료	batch RowID 688-887
748	Data/NPCData/087.EDT	3	480	Yes. It is a slow night, but things may pick up shortly.	예. 오늘은 한산하지만 곧 손님이 늘지도 모르죠.	번역완료	batch RowID 688-887
749	Data/NPCData/087.EDT	4	480	The club is nothing fancy, you understand, but neither is our clientele.	클럽이 그리 고급스러운 곳은 아닙니다만, 손님들도 그리 고급스러운 분들은 아니니까요.	번역완료	batch RowID 688-887
750	Data/NPCData/087.EDT	5	480	If you wish to make any contributions, you will have to deal directly with Mr. Klaus.	기부를 하고 싶으시다면 클라우스 씨와 직접 거래하셔야 합니다.	번역완료	batch RowID 688-887
751	Data/NPCData/087.EDT	6	480	I do not wish to overstate this, but people fly in from everywhere to partake in our extreme fighting competitions.	과장하고 싶진 않지만, 저희 익스트림 격투 대회에 참가하려고 세계 각지에서 사람들이 날아옵니다.	번역완료	batch RowID 688-887
752	Data/NPCData/087.EDT	7	480	Another slip of your tongue with me, I will not tolerate.	제 앞에서 한 번만 더 말실수하시면 용납하지 않겠습니다.	번역완료	batch RowID 688-887
753	Data/NPCData/087.EDT	8	480	I am hardly honored, I have status. As Mr. Klaus' assistant, I am like the deputy mayor of San Mona.	전 명예직 따위가 아닙니다. 엄연한 지위가 있죠. 클라우스 씨의 보좌관이니 산모나의 부시장쯤 되는 셈입니다.	번역완료	batch RowID 688-887
754	Data/NPCData/087.EDT	9	480	This is no way to be. Do something! Help me!	이런 꼴로 있을 순 없어! 뭐라도 해요! 도와줘요!	번역완료	batch RowID 688-887
755	Data/NPCData/087.EDT	10	480	I have a club to run.	전 클럽을 운영해야 합니다.	번역완료	batch RowID 688-887
756	Data/NPCData/087.EDT	11	480	Very good. We shall have ourselves some fun now.	아주 좋습니다. 이제 재미 좀 보겠군요.	번역완료	batch RowID 688-887
757	Data/NPCData/087.EDT	12	480	It is passed last call, Gentleman. I get very little sleep as it is.	신사 여러분, 마지막 주문 시간은 이미 지났습니다. 안 그래도 잠이 부족하거든요.	번역완료	batch RowID 688-887
758	Data/NPCData/087.EDT	13	480	How dare you! You were told...	감히! 분명 경고했을 텐데...	번역완료	batch RowID 688-887
759	Data/NPCData/087.EDT	14	480	You will pay dearly.	아주 비싼 대가를 치르게 될 겁니다.	번역완료	batch RowID 688-887
760	Data/NPCData/087.EDT	15	480	The only money I handle is fight-related. You have a problem with this, you take it up with Mr. Klaus.	제가 다루는 돈은 격투와 관련된 것뿐입니다. 불만이 있으면 클라우스 씨에게 직접 말씀하시죠.	번역완료	batch RowID 688-887
761	Data/NPCData/087.EDT	16	480	I would imagine you are here due to our extreme fighting competition. I would also wager a guess that you, yourself, wish to participate in this battle of courage.	익스트림 격투 대회 때문에 오신 것 같군요. 그리고 감히 짐작하자면, 직접 용기를 시험해보고 싶으신 모양이고요.	번역완료	batch RowID 688-887
762	Data/NPCData/087.EDT	17	480	All you must do is decide how much money you wish to bet. I will accept any amount between $1,000 and $5,000 dollars. Do you feel you are capable of taking on one of my fighters?	얼마를 걸지 정하시면 됩니다. 1,000달러에서 5,000달러 사이면 얼마든 받죠. 제 선수 중 한 명을 상대할 자신이 있으십니까?	번역완료	batch RowID 688-887
763	Data/NPCData/087.EDT	18	480	Very good. Mr. Klaus, the owner of the club, is a huge fan of extreme fighting. He insists on being here for every bout. We will get the match underway the moment he arrives.	아주 좋습니다. 클럽의 주인인 클라우스 씨는 익스트림 격투의 열렬한 팬입니다. 모든 경기를 직접 보겠다고 하시죠. 도착하는 즉시 경기를 시작하겠습니다.	번역완료	batch RowID 688-887
764	Data/NPCData/087.EDT	19	480	Excellent! I shall send someone for Mr. Klaus. I am sure he will not take too long.	훌륭합니다! 클라우스 씨를 모셔오라고 사람을 보내죠. 오래 걸리진 않을 겁니다.	번역완료	batch RowID 688-887
765	Data/NPCData/087.EDT	20	480	I see... well, there will be other occasions.	그렇군요... 뭐, 다음 기회도 있겠죠.	번역완료	batch RowID 688-887
766	Data/NPCData/087.EDT	21	480	The rules are simple. Heh, there are so few of them. The fighters will enter the ring; you first, of course, 'cause you are the guest. I will ask the fighters if they are ready, and we start at the bell.	규칙은 간단합니다. 후, 몇 개 되지도 않죠. 선수들이 링에 들어갑니다. 손님이니 당연히 당신이 먼저죠. 두 선수에게 준비됐는지 묻고, 종이 울리면 시작합니다.	번역완료	batch RowID 688-887
767	Data/NPCData/087.EDT	22	480	Fighters must not have any weapons, and they must stay in the ring, or they will forfeit the match. We will fight until one is knocked out...or dead. Ah yes, and no shooting from the audience please.	선수는 무기를 지닐 수 없고, 링 밖으로 나가면 몰수패입니다. 한쪽이 기절하거나... 죽을 때까지 싸웁니다. 아, 그리고 관중석에서 총을 쏘는 건 금지입니다.	번역완료	batch RowID 688-887
768	Data/NPCData/087.EDT	23	480	We're just waiting for Mr. Klaus.	클라우스 씨를 기다리는 중입니다.	번역완료	batch RowID 688-887
769	Data/NPCData/087.EDT	24	480	Are the fighters ready?	선수들, 준비됐습니까?	번역완료	batch RowID 688-887
770	Data/NPCData/087.EDT	25	480	Ah yes, we have our winner!	좋습니다, 승자가 나왔군요!	번역완료	batch RowID 688-887
771	Data/NPCData/087.EDT	26	480	A remarkable performance. Here are your winnings.	대단한 경기였습니다. 여기 상금입니다.	번역완료	batch RowID 688-887
772	Data/NPCData/087.EDT	27	480	That is too bad. There were moments where it could have gone either way.	아쉽군요. 어느 쪽이 이겨도 이상하지 않을 순간이 있었는데.	번역완료	batch RowID 688-887
773	Data/NPCData/087.EDT	28	480	Would you care for another?	한 판 더 하시겠습니까?	번역완료	batch RowID 688-887
774	Data/NPCData/087.EDT	29	480	Kingpin has a message for you. He wants the money you stole from him. You are not welcome to fight here until then. Two other things. There is a charge of 25 per cent for your error, and you must deliver it to him personally.	킹핀이 전하랍니다. 훔쳐간 돈을 돌려달라는군요. 그전까지는 여기서 싸울 수 없습니다. 그리고 두 가지 더. 실수에 대한 수수료 25%가 붙고, 반드시 직접 킹핀에게 가져가야 합니다.	번역완료	batch RowID 688-887
775	Data/NPCData/087.EDT	30	480	That is it! You are disqualified. You have forfeited the match.	끝입니다! 실격입니다. 경기에서 몰수패하셨습니다.	번역완료	batch RowID 688-887
776	Data/NPCData/087.EDT	31	480	I am sorry about this, but there will be no fighting for a while. My fighters have taken some time off to rest and train. Give them a chance, and they will be better prepared for you.	미안하지만 당분간 경기는 없습니다. 선수들이 쉬고 훈련할 시간을 갖고 있거든요. 좀 기다려주시면 다음엔 더 잘 준비되어 있을 겁니다.	번역완료	batch RowID 688-887
777	Data/NPCData/087.EDT	32	480	As soon as you give me the cash, we shall get this underway.	현금만 주시면 바로 시작하겠습니다.	번역완료	batch RowID 688-887
778	Data/NPCData/087.EDT	33	480	I see... Have you changed your mind perhaps?	그렇군요... 혹시 생각이 바뀌셨습니까?	번역완료	batch RowID 688-887
779	Data/NPCData/087.EDT	34	480	Back so soon? My fighters are resting. If it is another extreme bout you are looking for, then you will have to come back later.	벌써 돌아오셨군요? 선수들은 쉬고 있습니다. 또 익스트림 경기를 원하신다면 나중에 다시 오셔야 합니다.	번역완료	batch RowID 688-887
780	Data/NPCData/087.EDT	35	480	There is a betting limit of $5,000 dollars per fight.	한 경기당 베팅 한도는 5,000달러입니다.	번역완료	batch RowID 688-887
781	Data/NPCData/087.EDT	36	480	Here to partake in another exhibition of your courage, no doubt? By now, you are familiar with how everything works.	또 용기를 시험하러 오셨군요? 이제 진행 방식은 잘 아실 겁니다.	번역완료	batch RowID 688-887
782	Data/NPCData/087.EDT	37	480	There is no need for a discussion. You broke the rules, you forfeit the match.	논의할 필요 없습니다. 규칙을 어겼으니 몰수패입니다.	번역완료	batch RowID 688-887
783	Data/NPCData/087.EDT	38	480	I believe I mentioned that there is a betting minimum of $1,000 per fight.	경기당 최소 베팅액이 1,000달러라고 말씀드린 것 같은데요.	번역완료	batch RowID 688-887
784	Data/NPCData/087.EDT	39	480	Kingpin should be here soon. I hope he's in a better mood. His best hooker went missing, and he's not taking it well.	킹핀이 곧 올 겁니다. 기분이 좀 나아졌으면 좋겠군요. 가장 잘 나가던 매춘부가 사라져서 기분이 영 좋지 않거든요.	번역완료	batch RowID 688-887
785	Data/NPCData/088.EDT	1	480	I'll do what you want, just don't hurt me.	원하는 대로 할게요. 제발 다치게만 하지 마세요.	번역완료	batch RowID 688-887
786	Data/NPCData/088.EDT	2	480	We meet again...	또 만났군요...	번역완료	batch RowID 688-887
787	Data/NPCData/088.EDT	3	480	I've been at the Shady Lady for over a year now.	셰이디 레이디에서 일한 지 벌써 1년이 넘었어요.	번역완료	batch RowID 688-887
788	Data/NPCData/088.EDT	4	480	I hate it here.	여긴 정말 싫어요.	번역완료	batch RowID 688-887
789	Data/NPCData/088.EDT	5	480	I cannot take that. I'm sorry.	그건 받을 수 없어요. 미안해요.	번역완료	batch RowID 688-887
790	Data/NPCData/088.EDT	6	480	This is not something I do by choice.	제가 원해서 하는 일이 아니에요.	번역완료	batch RowID 688-887
791	Data/NPCData/088.EDT	7	480	Okay! I'm not hiding anything from you.	알겠어요! 숨기는 건 아무것도 없어요.	번역완료	batch RowID 688-887
792	Data/NPCData/088.EDT	8	480	I would do just about anything to get out of here. But guns and killing... it's just not for me.	여기서 나갈 수만 있다면 뭐든 할 거예요. 하지만 총이랑 사람 죽이는 건... 저랑 안 맞아요.	번역완료	batch RowID 688-887
793	Data/NPCData/088.EDT	9	480	Help me. I need... to get to a hospital.	도와주세요. 병원에... 가야 해요.	번역완료	batch RowID 688-887
794	Data/NPCData/088.EDT	10	480	I cannot talk for too long.	오래 이야기할 수 없어요.	번역완료	batch RowID 688-887
795	Data/NPCData/088.EDT	11	480	No, Madame Layla is the only one permitted to handle money.	안 돼요. 돈을 만질 수 있는 건 마담 레일라뿐이에요.	번역완료	batch RowID 688-887
796	Data/NPCData/088.EDT	12	480	Angel sent you? We must be careful. If Madame Layla knows why you are here, Mr. Klaus' men will descend upon this place quickly. He is the real owner, and he thinks nothing of human life.	엔젤이 보냈어요? 조심해야 해요. 마담 레일라가 당신들이 왜 왔는지 알면 클라우스 씨 부하들이 금방 들이닥칠 거예요. 진짜 주인은 그 사람이고, 사람 목숨 따윈 아무렇지도 않게 생각해요.	번역완료	batch RowID 688-887
797	Data/NPCData/088.EDT	13	480	This town is also full of off-duty soldiers. The Queen sends them here on leave. Mr. Klaus and Deidranna have an arrangement. He operates this town to entertain her Army, and she leaves him alone.	이 도시엔 휴가 나온 군인도 가득해요. 여왕이 여기로 보내 쉬게 하죠. 클라우스 씨와 데이드라나는 거래가 있어요. 그가 군인들을 즐겁게 해주는 대가로 여왕은 산모나를 건드리지 않죠.	번역완료	batch RowID 688-887
798	Data/NPCData/088.EDT	14	480	In exchange, he sometimes assassinates the soldiers she wishes not to return. We must be careful of everyone, or we will not leave this place alive. Shall I follow you?	그 대가로 가끔 여왕이 돌아오길 원치 않는 군인들을 그가 암살하기도 해요. 누구든 조심해야 해요. 안 그러면 우린 여기서 살아서 못 나가요. 따라갈까요?	번역완료	batch RowID 688-887
799	Data/NPCData/088.EDT	15	480	It is hard to believe I am here with you, Angel. You mustn't worry... everything went fine. The people you sent to get me were extremely clever and discreet. It is great to see you, Angel.	엔젤, 정말 당신과 여기 있다니 믿기지 않아. 걱정하지 마... 다 잘됐어. 당신이 보내준 사람들은 정말 영리하고 조심스러웠어. 다시 보니 너무 좋아, 엔젤.	번역완료	batch RowID 688-887
800	Data/NPCData/088.EDT	16	480	It is hard to believe I am here with you, Angel... But we must hurry! There were problems getting out. Kingpin's men will not be far behind. They will kill me if they see me, Angel. Other girls have met the same fate.	엔젤, 정말 당신과 여기 있다니 믿기지 않아... 하지만 서둘러야 해! 빠져나오는 데 문제가 있었어. 킹핀의 부하들이 금방 쫓아올 거야. 날 보면 죽일 거야, 엔젤. 다른 여자들도 그렇게 됐어.	번역완료	batch RowID 688-887
801	Data/NPCData/088.EDT	17	480	Why? Why?	왜요? 왜요?	번역완료	batch RowID 688-887
802	Data/NPCData/088.EDT	18	480	We have to be going. We have already spent far too much time in San Mona.	가야 해요. 산모나에서 이미 너무 오래 있었어요.	번역완료	batch RowID 688-887
803	Data/NPCData/088.EDT	19	480	I cannot wait to see my brother.	오빠를 빨리 보고 싶어요.	번역완료	batch RowID 688-887
804	Data/NPCData/088.EDT	20	480	What are you doing? Where is Angel?	뭐 하는 거예요? 엔젤은 어디 있어요?	번역완료	batch RowID 688-887
805	Data/NPCData/088.EDT	21	480	Don't... Nooooo! Leave me alone!	안 돼... 싫어어어! 놔줘요!	번역완료	batch RowID 688-887
806	Data/NPCData/088.EDT	22	480	No, not now! The bullets... Do something about the shooting.	안 돼, 지금은 안 돼요! 총알이... 총격부터 어떻게 해주세요.	번역완료	batch RowID 688-887
807	Data/NPCData/088.EDT	23	480	I've never been so scared. Please take me to my brother now.	이렇게 무서웠던 적은 없어요. 제발 지금 오빠한테 데려다주세요.	번역완료	batch RowID 688-887
808	Data/NPCData/089.EDT	1	480	Feel free to browse. Only the finest quality leathers are available in my shop. If I can be of any help... my name is Angel.	편하게 둘러보세요. 저희 가게에는 최고급 가죽만 있습니다. 도움이 필요하시면... 제 이름은 엔젤입니다.	번역완료	batch RowID 688-887
809	Data/NPCData/089.EDT	2	480	Hello...	안녕하세요...	번역완료	batch RowID 688-887
810	Data/NPCData/089.EDT	3	480	It's a shame you are here only now. Two weeks ago, I had my pre-inventory clearance sale. The prices on everything were slashed drastically.	이제 오신 게 아쉽군요. 2주 전에 재고조사 전 떨이 세일을 했는데, 모든 물건을 대폭 할인했거든요.	번역완료	batch RowID 688-887
811	Data/NPCData/089.EDT	4	480	I have owned this store for nearly a year now.	이 가게를 운영한 지 거의 1년 됐습니다.	번역완료	batch RowID 688-887
812	Data/NPCData/089.EDT	5	480	I am not really set up for bartering. However, I do accept all the major credit cards.	물물교환은 받지 않습니다. 대신 주요 신용카드는 모두 받죠.	번역완료	batch RowID 688-887
813	Data/NPCData/089.EDT	6	480	It is best to keep your head low and go about your business in San Mona. It can be a very dangerous town otherwise. It costs me a fortune in fees just to operate my shop in peace.	산모나에서는 고개를 숙이고 자기 일만 하는 게 좋습니다. 안 그러면 아주 위험한 도시가 되죠. 가게를 조용히 운영하려고 내는 상납금만 해도 엄청납니다.	번역완료	batch RowID 688-887
814	Data/NPCData/089.EDT	7	480	Have I done something to upset you?	제가 기분 나쁘게 한 게 있습니까?	번역완료	batch RowID 688-887
815	Data/NPCData/089.EDT	8	480	I am not really a man of war.	전 싸움에 어울리는 사람은 아닙니다.	번역완료	batch RowID 688-887
816	Data/NPCData/089.EDT	9	480	I was afraid this would happen...	이런 일이 생길까 봐 두려웠습니다...	번역완료	batch RowID 688-887
817	Data/NPCData/089.EDT	10	480	I have things to attend to. If you need me, I'll be here.	할 일이 좀 있습니다. 필요하면 여기 있을게요.	번역완료	batch RowID 688-887
818	Data/NPCData/089.EDT	11	480	Thank you. I am sure you'll be satisfied with your purchase. The vest is extremely durable. It will no doubt last you a lifetime.	감사합니다. 구매하신 물건에 만족하실 겁니다. 이 조끼는 아주 튼튼해서 평생 써도 될 정도죠.	번역완료	batch RowID 688-887
819	Data/NPCData/089.EDT	12	480	I have a very unique item for sale. It is something I believe might interest you. A kevlar-treated leather vest... Very fashionable, yet extremely practical. I could let it go for, say $950 dollars.	아주 특별한 물건이 하나 있습니다. 관심이 있으실 것 같군요. 케블라 처리한 가죽 조끼입니다... 멋도 나고 실용적이죠. 950달러면 내놓겠습니다.	번역완료	batch RowID 688-887
820	Data/NPCData/089.EDT	13	480	You don't owe me any money.	제게 빚진 돈은 없습니다.	번역완료	batch RowID 688-887
821	Data/NPCData/089.EDT	14	480	And how will you be paying for that?	그건 어떻게 지불하시겠습니까?	번역완료	batch RowID 688-887
822	Data/NPCData/089.EDT	15	480	I am going to put my faith in you. You seem trustworthy, and I sense this may be my only chance... My sister, Maria, was taken from our home in Meduna just over a year ago. She is being forced to work as a prostitute.	당신을 믿어보겠습니다. 믿을 만한 분 같고, 제게 남은 유일한 기회일지도 모르겠군요... 제 여동생 마리아는 1년 조금 전에 메두나의 집에서 끌려갔습니다. 지금은 매춘부로 일하도록 강요받고 있습니다.	번역완료	batch RowID 688-887
823	Data/NPCData/089.EDT	16	480	I moved to San Mona and opened this leather shop so I could be close to the Shady Lady brothel where she is being forced to work. She once was a very innocent and naive girl. I fear that is no longer the case.	마리아가 강제로 일하는 셰이디 레이디 매음굴 가까이에 있으려고 산모나로 와 이 가죽 가게를 열었습니다. 원래는 아주 순진하고 세상 물정 모르는 아이였는데... 지금은 그렇지 않을까 두렵군요.	번역완료	batch RowID 688-887
824	Data/NPCData/089.EDT	17	480	I beg you to rescue her, to free her from the brothel and to bring her back here to me. I will give you everything I own. I can't afford to pay you cash, but I know where you can find some.	부탁입니다. 마리아를 구해서 매음굴에서 빼내 이곳으로 데려와 주세요. 제가 가진 건 전부 드리겠습니다. 현금으로 보상할 형편은 안 되지만, 돈을 구할 곳은 알고 있습니다.	번역완료	batch RowID 688-887
825	Data/NPCData/089.EDT	18	480	However, you must be careful. The Shady Lady is owned by Kingpin. If he knows it was you who spirited her away, or you engage his men in battle, he will kill us all.	하지만 아주 조심해야 합니다. 셰이디 레이디의 주인은 킹핀입니다. 당신들이 마리아를 빼돌렸다는 걸 알거나 그의 부하들과 싸우기라도 하면 우리 모두를 죽일 겁니다.	번역완료	batch RowID 688-887
826	Data/NPCData/089.EDT	19	480	Maria! Can it be true? God bless you... It is a miracle.	마리아! 정말 너구나? 하느님 감사합니다... 기적이야.	번역완료	batch RowID 688-887
827	Data/NPCData/089.EDT	20	480	You have done exactly as I asked. I am forever grateful... I no longer have need of this leather shop. It is yours to do with as you wish. Here is the deed...	부탁한 그대로 해주셨군요. 평생 감사하겠습니다... 이제 이 가죽 가게는 제게 필요 없습니다. 마음대로 쓰세요. 여기 가게 소유권 증서입니다...	번역완료	batch RowID 688-887
828	Data/NPCData/089.EDT	21	480	This treated leather vest is yours as well...	이 케블라 처리 가죽 조끼도 가지세요...	번역완료	batch RowID 688-887
829	Data/NPCData/089.EDT	22	480	Maria has told me in the past that she knows where Mr. Klaus hides his money. It was information I would never dare make use of. You, however, may be capable of stealing from Kingpin... and getting away with it.	마리아가 예전에 클라우스 씨가 돈을 숨기는 곳을 안다고 했습니다. 전 감히 이용할 생각도 못 했죠. 하지만 당신들이라면 킹핀의 돈을 훔치고... 무사히 빠져나올 수도 있겠군요.	번역완료	batch RowID 688-887
830	Data/NPCData/089.EDT	23	480	He hides it deep in San Mona's abandoned mine. There must be a fortune there. I don't how well-guarded it is, since few know about it, and those that do, would never cross him.	산모나의 버려진 광산 깊숙한 곳에 숨겨둡니다. 엄청난 돈이 있을 겁니다. 아는 사람이 적고, 아는 사람도 감히 그를 거스르지 않으니 경비가 얼마나 되는지는 모르겠습니다.	번역완료	batch RowID 688-887
831	Data/NPCData/089.EDT	24	480	We must be going. Madame Layla and Kingpin will no waste any time looking for Maria.	이제 가야 합니다. 마담 레일라와 킹핀은 마리아를 찾는 데 시간을 낭비하지 않을 겁니다.	번역완료	batch RowID 688-887
832	Data/NPCData/089.EDT	25	480	It is so good to see you, Maria. I am sorry for all that has happened. We will start over, somewhere safe. Were you able to get away quietly? Will they be looking for us?	마리아, 다시 보니 정말 좋구나. 네게 일어난 모든 일이 미안해. 안전한 곳에서 새로 시작하자. 조용히 빠져나올 수 있었니? 우리를 찾고 있을까?	번역완료	batch RowID 688-887
833	Data/NPCData/089.EDT	26	480	Nonetheless... We must move quickly. I have waited too long to lose you now, Maria. We shall leave the country immediately... I will help you put this behind you.	그래도... 서둘러야 해. 이렇게 오래 기다렸는데 이제 와서 널 잃을 순 없어, 마리아. 당장 이 나라를 떠나자... 이 일은 잊을 수 있게 내가 도와줄게.	번역완료	batch RowID 688-887
834	Data/NPCData/089.EDT	27	480	I was afraid this would happen. We must leave immediately! I warned you about this... Mr. Klaus will hunt us down like dogs! Let's go, Maria.	이럴 줄 알았어. 당장 떠나야 해! 내가 경고했잖아... 클라우스 씨가 우릴 개처럼 사냥할 거야! 가자, 마리아.	번역완료	batch RowID 688-887
835	Data/NPCData/089.EDT	28	480	Those idiots. It is exactly what I told them not to do. We will leave immediately.	그 바보들. 하지 말라고 한 짓을 그대로 했군. 당장 떠나자.	번역완료	batch RowID 688-887
836	Data/NPCData/089.EDT	29	480	Would it be all right if you came back tomorrow? It is already past my usual closing time.	내일 다시 와주실 수 있습니까? 벌써 평소 영업 종료 시간이 지났습니다.	번역완료	batch RowID 688-887
837	Data/NPCData/089.EDT	30	480	If you want me to help you, you will have to rescue my sister. Kill me if you must, but you will not get anything from me.	제 도움을 원한다면 제 여동생부터 구해주세요. 절 죽여도 좋지만, 그전엔 아무것도 얻지 못할 겁니다.	번역완료	batch RowID 688-887
838	Data/NPCData/089.EDT	31	480	I promised the soldiers who rescued you a reward. I will leave the deed to the shop here. Hopefully, they will find it. We must go now.	널 구해준 병사들에게 보상을 약속했어. 가게 소유권 증서를 여기 두고 갈게. 그들이 찾아주길 바라야지. 이제 가자.	번역완료	batch RowID 688-887
839	Data/NPCData/089.EDT	32	480	I did not know if you were coming. You have done exactly as I have asked. We are forever grateful. I left the deed to the leather shop as a token of my appreciation.	당신들이 올지 몰랐습니다. 부탁한 일을 그대로 해주셨군요. 우리는 평생 감사할 겁니다. 감사의 표시로 가죽 가게 소유권 증서를 남겨두었습니다.	번역완료	batch RowID 688-887
840	Data/NPCData/089.EDT	33	480	You are a madman!	미쳤군요!	번역완료	batch RowID 688-887
841	Data/NPCData/089.EDT	34	480	That's not enough. I said $950.	부족합니다. 950달러라고 했습니다.	번역완료	batch RowID 688-887
842	Data/NPCData/089.EDT	35	480	That's too much. I don't have change. Do you have the exact amount?	너무 많습니다. 거스름돈이 없어요. 정확한 금액은 없습니까?	번역완료	batch RowID 688-887
843	Data/NPCData/089.EDT	36	480	I don't conduct business with bullets flying.	총알이 날아다니는 중에는 장사하지 않습니다.	번역완료	batch RowID 688-887
844	Data/NPCData/090.EDT	1	480	I don't know no Joey...	난 조이라는 애 몰라...	번역완료	batch RowID 688-887
845	Data/NPCData/090.EDT	2	480	Haven't ya got something better to do? Like...isn't there a war going on or something?	다른 할 일 없어? 뭐... 전쟁 중이라든가 그런 거 있잖아?	번역완료	batch RowID 688-887
846	Data/NPCData/090.EDT	3	480	She's not my real mother, you know.	그 사람 내 친엄마 아니야, 알지?	번역완료	batch RowID 688-887
847	Data/NPCData/090.EDT	4	480	She said it was okay - I swear.	괜찮다고 했다니까. 진짜야.	번역완료	batch RowID 688-887
848	Data/NPCData/090.EDT	5	480	I don't want nothing from you.	너한테 아무것도 필요 없어.	번역완료	batch RowID 688-887
849	Data/NPCData/090.EDT	6	480	Ya know, I could show ya around. Introduce you to some of the nicer girls in San Mona.	원하면 내가 구경시켜줄 수도 있어. 산모나에서 괜찮은 여자애들도 소개해주고.	번역완료	batch RowID 688-887
850	Data/NPCData/090.EDT	7	480	Ya sound just like my dad.	우리 아빠랑 똑같이 말하네.	번역완료	batch RowID 688-887
851	Data/NPCData/090.EDT	8	480	No way. I didn't come up here to get killed, you know. I came up here to get... ah, never mind.	말도 안 돼. 죽으러 여기까지 온 게 아니거든. 난 여기 와서 좀... 아, 됐어.	번역완료	batch RowID 688-887
852	Data/NPCData/090.EDT	9	480	Uggh... mommy... mommy!	으윽... 엄마... 엄마!	번역완료	batch RowID 688-887
853	Data/NPCData/090.EDT	10	480	Just leave me alone.	그냥 날 내버려둬.	번역완료	batch RowID 688-887
854	Data/NPCData/090.EDT	11	480	I bet ya won't even give me a chance to spend it before you force me to go home.	집에 억지로 보내기 전에 이 돈 쓸 기회조차 안 줄 것 같네.	번역완료	batch RowID 688-887
855	Data/NPCData/090.EDT	12	480	Okay, I'll go with you. Just don't let anything happen to me. My mom will be really disappointed if she isn't the one that gets to kill me.	알았어, 같이 갈게. 대신 나한테 무슨 일 생기게 하지 마. 엄마가 직접 날 죽이지 못하면 정말 실망할 거야.	번역완료	batch RowID 688-887
856	Data/NPCData/090.EDT	13	480	What ya doing? You can't just leave me here! I'll be good... I swear.	뭐 하는 거야? 나 여기 두고 가면 안 되지! 얌전히 있을게... 진짜야.	번역완료	batch RowID 688-887
857	Data/NPCData/090.EDT	14	480	I hope my dad's not drunk when I get home. He's gonna kill me... Well maybe, if I'm lucky, he won't be there.	집에 갔을 때 아빠가 술 안 마셨으면 좋겠다. 날 죽이려 들 텐데... 뭐, 운 좋으면 집에 없겠지.	번역완료	batch RowID 688-887
858	Data/NPCData/090.EDT	15	480	I got lost, Mom... I took a wrong turn, and then I was a little confused as to where I was... and then they found me... I was really lucky, Mom.	길을 잃었어, 엄마... 잘못 꺾었고, 어디 있는지도 헷갈렸는데... 그러다 이 사람들이 날 찾았어. 정말 운이 좋았어, 엄마.	번역완료	batch RowID 688-887
859	Data/NPCData/090.EDT	16	480	Okay, Mom... Uhh, dad hasn't been drinking, has he?	알았어, 엄마... 어, 아빠 술 마신 건 아니지?	번역완료	batch RowID 688-887
860	Data/NPCData/090.EDT	17	480	I don't want to join you. I don't want to have anything to do with you. I just want to be left alone down here.	너희랑 합류하기 싫어. 아무 상관도 하고 싶지 않아. 그냥 여기 아래에서 혼자 있고 싶어.	번역완료	batch RowID 688-887
861	Data/NPCData/090.EDT	18	480	I tell you what... Since I know you're gonna save my skin with my mom, I'll let you in on something... Somebody's stashing cash down here. There's tons of it!	좋아, 하나 알려줄게... 엄마한테서 내 목숨 구해줄 거니까 말이지. 누가 여기 아래에 현금을 숨겨놨어. 엄청 많아!	번역완료	batch RowID 688-887
862	Data/NPCData/090.EDT	19	480	Sure, I'll take it, but I don't need it. This place is full of money.	그래, 받을게. 근데 딱히 필요하진 않아. 여긴 돈이 널렸거든.	번역완료	batch RowID 688-887
863	Data/NPCData/090.EDT	20	480	You're crazy!	너 미쳤어!	번역완료	batch RowID 688-887
864	Data/NPCData/090.EDT	21	480	No more foolin' around, okay? I'll do exactly what you tell me - I promise!	이제 장난 안 칠게, 알았지? 시키는 대로 뭐든 할게. 약속해!	번역완료	batch RowID 688-887
865	Data/NPCData/090.EDT	22	480	Make the shooting stop!	총격 좀 멈춰줘!	번역완료	batch RowID 688-887
866	Data/NPCData/091.EDT	1	480	Yes.	예.	번역완료	batch RowID 688-887
867	Data/NPCData/091.EDT	2	480	A returning customer...	다시 찾아주셨군요...	번역완료	batch RowID 688-887
868	Data/NPCData/091.EDT	3	480	The demand for firearms is growing quickly.	총기 수요가 빠르게 늘고 있습니다.	번역완료	batch RowID 688-887
869	Data/NPCData/091.EDT	4	480	Weapons. They are a good business to be in right now.	무기는 요즘 장사가 잘되는 품목이죠.	번역완료	batch RowID 688-887
870	Data/NPCData/091.EDT	5	480	I do not want that.	그건 필요 없습니다.	번역완료	batch RowID 688-887
871	Data/NPCData/091.EDT	6	480	I have nothing really to say to you.	딱히 드릴 말씀은 없군요.	번역완료	batch RowID 688-887
872	Data/NPCData/091.EDT	7	480	Keep it down. The walls are like cardboard.	조용히 하세요. 벽이 종잇장처럼 얇습니다.	번역완료	batch RowID 688-887
873	Data/NPCData/091.EDT	8	480	That will not happen. I am very comfortable here in my business.	그럴 일은 없습니다. 전 지금 하는 장사가 아주 마음에 듭니다.	번역완료	batch RowID 688-887
874	Data/NPCData/091.EDT	9	480	A doctor... A doctor soon.	의사... 빨리 의사를...	번역완료	batch RowID 688-887
875	Data/NPCData/091.EDT	10	480	I am terribly sorry. I do not have any more time.	정말 죄송하지만 더는 시간이 없습니다.	번역완료	batch RowID 688-887
876	Data/NPCData/091.EDT	11	480	Maybe you should show me what you want to buy...	사고 싶은 물건을 보여주시겠습니까?	번역완료	batch RowID 688-887
877	Data/NPCData/091.EDT	12	480	Point out what it is you are interested in.	관심 있는 물건을 가리켜 주세요.	번역완료	batch RowID 688-887
878	Data/NPCData/091.EDT	13	480	The selection this time of year is excellent.	이 시기에는 물건 구성이 아주 좋습니다.	번역완료	batch RowID 688-887
879	Data/NPCData/091.EDT	14	480	It is okay. Take your time.	괜찮습니다. 천천히 보세요.	번역완료	batch RowID 688-887
880	Data/NPCData/091.EDT	15	480	You wish to consider a trade, right?	교환을 생각하고 계신 거죠?	번역완료	batch RowID 688-887
881	Data/NPCData/091.EDT	16	480	You are interested in selling, is this correct?	물건을 파시려는 게 맞습니까?	번역완료	batch RowID 688-887
882	Data/NPCData/091.EDT	17	480	Hmm. Let me see what we have here...	흠. 어디 한번 보죠...	번역완료	batch RowID 688-887
883	Data/NPCData/091.EDT	18	480	I regret I am only interested in weapons and their accessories.	죄송하지만 무기와 그 부속품만 삽니다.	번역완료	batch RowID 688-887
884	Data/NPCData/091.EDT	19	480	Worthless...	가치가 없군요...	번역완료	batch RowID 688-887
885	Data/NPCData/091.EDT	20	480	It is third market, second market at best. There is only so much I can do.	삼류 물건이군요. 잘 쳐줘야 이류입니다. 제가 해드릴 수 있는 건 이 정도뿐이죠.	번역완료	batch RowID 688-887
886	Data/NPCData/091.EDT	21	480	There is value to this. I will pay a fair price.	이건 가치가 있군요. 적정한 값을 드리겠습니다.	번역완료	batch RowID 688-887
887	Data/NPCData/091.EDT	22	480	Unfortunately, it's not enough to buy the things you wanted.	유감이지만 원하신 물건을 사기엔 금액이 부족합니다.	번역완료	batch RowID 688-887
888	Data/NPCData/091.EDT	23	480	The deal is done. Anything else?	거래는 끝났습니다. 또 필요한 게 있습니까?	번역완료	batch RowID 888-1087
889	Data/NPCData/091.EDT	24	480	All right, there's your purchase and your change.	좋습니다. 구매하신 물건과 거스름돈입니다.	번역완료	batch RowID 888-1087
890	Data/NPCData/091.EDT	25	480	Very good. You know where to find me if you are interested in doing more business.	아주 좋습니다. 더 거래하고 싶으시면 어디로 오실지 아시겠죠.	번역완료	batch RowID 888-1087
891	Data/NPCData/091.EDT	26	480	Perhaps, next time things will be different.	다음에는 사정이 달라질지도 모르죠.	번역완료	batch RowID 888-1087
892	Data/NPCData/091.EDT	27	480	Excuse me. You are forgetting your stuff.	실례합니다. 물건을 두고 가셨습니다.	번역완료	batch RowID 888-1087
893	Data/NPCData/091.EDT	28	480	No, I cannot afford to buy anything else at the moment.	아뇨, 지금은 더 살 여유가 없습니다.	번역완료	batch RowID 888-1087
894	Data/NPCData/091.EDT	29	480	You, are a dead bastard!	넌 이제 죽은 목숨이다, 개자식아!	번역완료	batch RowID 888-1087
895	Data/NPCData/092.EDT	1	480	I'm Frank. Keeper of the ale for whatever ails you.	난 프랭크야. 뭐가 아프든 술만 한 약은 없지.	번역완료	batch RowID 888-1087
896	Data/NPCData/092.EDT	2	480	Welcome back...	다시 왔군...	번역완료	batch RowID 888-1087
897	Data/NPCData/092.EDT	3	480	I meet all kinds. Some are more interesting than others.	별별 사람을 다 만나지. 그중엔 꽤 재미있는 사람도 있고.	번역완료	batch RowID 888-1087
898	Data/NPCData/092.EDT	4	480	I don't nip at the stuff, myself. Not at work anyway... Just weekends, and only when I have friends over. Holidays, too, I guess, if they count.	난 술은 입에도 안 대. 적어도 일할 때는 말이지... 주말에 친구들이 놀러 올 때만 좀 마셔. 휴일에도 마시고, 뭐, 그것도 친다면.	번역완료	batch RowID 888-1087
899	Data/NPCData/092.EDT	5	480	I'd prefer cash.	현금이면 좋겠군.	번역완료	batch RowID 888-1087
900	Data/NPCData/092.EDT	6	480	Money talks, bullshit walks. You ever hear that?	돈이면 말이 통하고 헛소리는 꺼지는 법이지. 들어봤어?	번역완료	batch RowID 888-1087
901	Data/NPCData/092.EDT	7	480	You don't want to be pushing yourself on people in this town. We aren't like the rest of the country.	이 동네에선 남한테 억지로 들이대지 않는 게 좋아. 우린 이 나라 다른 곳이랑 다르거든.	번역완료	batch RowID 888-1087
902	Data/NPCData/092.EDT	8	480	Ya, sure, right... Think it out a bit. Surrounded by booze or bullets? It really ain't worth askin'.	그래, 뭐... 좀 생각해봐. 술에 둘러싸일래, 총알에 둘러싸일래? 물어볼 것도 없잖아.	번역완료	batch RowID 888-1087
903	Data/NPCData/092.EDT	9	480	What badass luck... Ya gotta get me something to drink for the pain...	재수도 더럽게 없네... 통증 좀 가시게 술 한잔 갖다줘...	번역완료	batch RowID 888-1087
904	Data/NPCData/092.EDT	10	480	I won't be far if you need me.	필요하면 근처에 있을게.	번역완료	batch RowID 888-1087
905	Data/NPCData/092.EDT	11	480	Muchos gracias.	무초스 그라시아스.	번역완료	batch RowID 888-1087
906	Data/NPCData/092.EDT	12	480	So, what can I get ya?	그래, 뭘 줄까?	번역완료	batch RowID 888-1087
907	Data/NPCData/092.EDT	13	480	Decisions... Decisions... Decisions...	고민되네... 고민돼... 고민돼...	번역완료	batch RowID 888-1087
908	Data/NPCData/092.EDT	14	480	Hey, we're open for a while yet - take your time.	이봐, 아직 영업시간 남았어. 천천히 골라.	번역완료	batch RowID 888-1087
909	Data/NPCData/092.EDT	15	480	Hope you aren't planning to pay for your booze with that.	설마 그걸로 술값 낼 생각은 아니겠지.	번역완료	batch RowID 888-1087
910	Data/NPCData/092.EDT	16	480	I don't want to purchase anything, man. I'm running a bar not a freakin' flea market.	난 아무것도 안 사, 친구. 여긴 술집이지 망할 벼룩시장이 아니라고.	번역완료	batch RowID 888-1087
911	Data/NPCData/092.EDT	17	480	Hmm, interesting stuff...	흠, 재미있는 물건들이군...	번역완료	batch RowID 888-1087
912	Data/NPCData/092.EDT	18	480				
913	Data/NPCData/092.EDT	19	480	But I only accept cash.	하지만 난 현금만 받아.	번역완료	batch RowID 888-1087
914	Data/NPCData/092.EDT	20	480				
915	Data/NPCData/092.EDT	21	480				
916	Data/NPCData/092.EDT	22	480				
917	Data/NPCData/092.EDT	23	480	Tipping is permitted, you know.	팁 줘도 되는 거 알지?	번역완료	batch RowID 888-1087
918	Data/NPCData/092.EDT	24	480	Here ya go. And thanks for the tip.	자, 여기. 팁 고마워.	번역완료	batch RowID 888-1087
919	Data/NPCData/092.EDT	25	480	Give me a holler when you're ready for more.	더 필요하면 불러.	번역완료	batch RowID 888-1087
920	Data/NPCData/092.EDT	26	480	Whatever... just let me know when you're ready.	뭐든... 준비되면 말만 해.	번역완료	batch RowID 888-1087
921	Data/NPCData/092.EDT	27	480	Drink up, there... or maybe you want this to go?	자, 마셔... 아니면 포장해 갈래?	번역완료	batch RowID 888-1087
922	Data/NPCData/092.EDT	28	480				
923	Data/NPCData/092.EDT	29	480	Look, I tried to be polite, but you're making it personal. Either you drop the attitude, or I drop-kick your nambyass-ass the hell out of here.	이봐, 좋게 말하려고 했는데 자꾸 개인적인 문제로 만들잖아. 그 태도 집어치우든가, 아니면 내가 네 물러터진 엉덩이를 걷어차서 밖으로 내쫓아주지.	번역완료	batch RowID 888-1087
924	Data/NPCData/092.EDT	30	480	What are you, stupid? You don't understand English? Understand this, twit!	너 바보냐? 영어도 못 알아들어? 그럼 이거나 알아먹어, 멍청아!	번역완료	batch RowID 888-1087
925	Data/NPCData/092.EDT	31	480	You weren't invited, turdfly!	누가 널 불렀다고 그래, 똥파리 자식아!	번역완료	batch RowID 888-1087
926	Data/NPCData/092.EDT	32	480	Carmen was around. Told me to pass the word... He's in Cambria, if you're looking for him.	카르멘이 왔다 갔어. 전해달라더군... 찾고 있으면 캄브리아에 있대.	번역완료	batch RowID 888-1087
927	Data/NPCData/092.EDT	33	480	If you're looking for Carmen, well ya just missed him. He's headed to Drassen.	카르멘 찾는 거면 방금 놓쳤어. 드라센으로 갔어.	번역완료	batch RowID 888-1087
928	Data/NPCData/092.EDT	34	480	Over there is someone I think you should meet. I can vouch for him. Carmen comes in here a lot.	저기 만나볼 만한 사람이 있어. 내가 보증할게. 카르멘은 여기 자주 오거든.	번역완료	batch RowID 888-1087
929	Data/NPCData/092.EDT	35	480	Have you checked out the extreme fighting at the club? I'm sure, it's...something ya'd get into. Just tell Darren that Frank sent ya. He'll take care of everything.	클럽의 익스트림 격투는 봤어? 자네라면... 꽤 좋아할 것 같은데. 대런한테 프랭크가 보냈다고만 해. 알아서 다 해줄 거야.	번역완료	batch RowID 888-1087
930	Data/NPCData/092.EDT	36	480	If you haven't had the chance to see San Mona, I recommend you put aside some time to spend at the Shady Lady. Ask about the full massage. It includes a facial which you will not soon forget.	산모나 구경할 시간이 없었다면 셰이디 레이디에 한번 들러봐. '풀 마사지'를 물어봐. 쉽게 잊지 못할 '페이셜'도 포함돼 있지.	번역완료	batch RowID 888-1087
931	Data/NPCData/092.EDT	37	480	You're lucky you ran into me... Kingpin knows it was you who stole his money. If I was in your shoes, I'd give it back to him personally within the next 48 hours. Course, he'll want more than you took, but he might spare your life.	나 만난 걸 다행으로 알아... 킹핀은 네가 자기 돈을 훔친 걸 알고 있어. 나라면 앞으로 48시간 안에 직접 돌려주겠어. 물론 훔친 것보다 더 내놓으라 하겠지만, 목숨은 살려줄지도 모르지.	번역완료	batch RowID 888-1087
932	Data/NPCData/092.EDT	38	480	Kingpin has put the word out about ya. A friendly piece of bartender advice from someone who's known him for a long time, pay every last cent of it back before they come looking for ya.	킹핀이 네 얘기를 쫙 퍼뜨렸어. 그를 오래 봐온 바텐더로서 충고 하나 하지. 놈들이 널 찾으러 오기 전에 한 푼도 빠짐없이 갚아.	번역완료	batch RowID 888-1087
933	Data/NPCData/092.EDT	39	480	Ha, ha! Liquor license? We don't need no freakin' liquor license.	하하! 주류 판매 허가증? 우리한텐 그런 망할 게 필요 없어.	번역완료	batch RowID 888-1087
934	Data/NPCData/092.EDT	40	480	The boss is driving me crazy. Kingpin's driving everybody crazy. His favorite hooker disappeared, and he's tearing up the town looking for her.	보스 때문에 미치겠어. 킹핀이 모두를 들들 볶고 있다고. 제일 아끼던 매춘부가 사라져서 온 동네를 뒤집고 다니며 찾는 중이야.	번역완료	batch RowID 888-1087
935	Data/NPCData/092.EDT	41	480	It's been last call for the last hour. C'mon, it's time to go. I got to close it up here.	마지막 주문 끝난 지 벌써 한 시간이야. 자, 이제 가. 나도 문 닫아야 해.	번역완료	batch RowID 888-1087
936	Data/NPCData/093.EDT	1	480	Name's Spike. I'm in charge of customer service.	이름은 스파이크. 고객 서비스 담당이지.	번역완료	batch RowID 888-1087
937	Data/NPCData/093.EDT	2	480	Ya, what?	그래, 뭐?	번역완료	batch RowID 888-1087
938	Data/NPCData/093.EDT	3	480	Yer not from around here, are ya?	넌 이 동네 사람이 아니지?	번역완료	batch RowID 888-1087
939	Data/NPCData/093.EDT	4	480	Did ya check out Madame Layla's yet? Nice girls...	마담 레일라네는 가봤어? 여자들이 끝내주지...	번역완료	batch RowID 888-1087
940	Data/NPCData/093.EDT	5	480	Don't need it!	필요 없어!	번역완료	batch RowID 888-1087
941	Data/NPCData/093.EDT	6	480	Ya want to know something, ya ask Mr. Van Haussen.	뭐 알고 싶으면 반 하우센 씨한테 물어봐.	번역완료	batch RowID 888-1087
942	Data/NPCData/093.EDT	7	480	Ya looking to get your ass kicked?	한 대 처맞고 싶냐?	번역완료	batch RowID 888-1087
943	Data/NPCData/093.EDT	8	480	I already got a job.	난 이미 일 있어.	번역완료	batch RowID 888-1087
944	Data/NPCData/093.EDT	9	480	I can't move too good...	몸을 제대로 못 움직이겠어...	번역완료	batch RowID 888-1087
945	Data/NPCData/093.EDT	10	480	Take a hike.	꺼져.	번역완료	batch RowID 888-1087
946	Data/NPCData/093.EDT	11	480	A tip... It must be my smile.	팁이라... 내 미소가 마음에 들었나 보군.	번역완료	batch RowID 888-1087
947	Data/NPCData/093.EDT	12	480	Maybe this will make ya understand.	이러면 알아듣겠지.	번역완료	batch RowID 888-1087
948	Data/NPCData/093.EDT	13	480	Yer goose is cooked!	넌 이제 끝장이야!	번역완료	batch RowID 888-1087
949	Data/NPCData/093.EDT	14	480	What ya doing here? Mr. Van Haussen told ya it's closing time!	여기서 뭐 해? 반 하우센 씨가 문 닫을 시간이라고 했잖아!	번역완료	batch RowID 888-1087
950	Data/NPCData/093.EDT	15	480	I'll get him, Boss.	제가 처리하겠습니다, 보스.	번역완료	batch RowID 888-1087
951	Data/NPCData/093.EDT	16	480	You took money from Kingpin. He's says ya got 48 hours to give it back to him. If ya don't, he wants me to kill ya. Be prepared to pay more than ya took, cause that's the way the boss works these things. Ya been warned.	네가 킹핀 돈을 가져갔지. 보스가 48시간 안에 돌려주래. 안 그러면 내가 널 죽이라고 했어. 가져간 것보다 더 내야 할 거야. 보스는 원래 이런 식으로 처리하거든. 경고했다.	번역완료	batch RowID 888-1087
952	Data/NPCData/093.EDT	17	480	Guess you want to go in, hunh? Well, I guess you look okay.	들어가고 싶은 모양이군, 응? 뭐, 꼴은 괜찮아 보이네.	번역완료	batch RowID 888-1087
953	Data/NPCData/094.EDT	1	480	I'm Damon! Kingpin's personal bodyguard. Who the hell are you?	난 데이먼! 킹핀의 개인 경호원이지. 넌 대체 누구야?	번역완료	batch RowID 888-1087
954	Data/NPCData/094.EDT	2	480	You're back.	또 왔군.	번역완료	batch RowID 888-1087
955	Data/NPCData/094.EDT	3	480	Ya, whatever.	그래, 어쩌라고.	번역완료	batch RowID 888-1087
956	Data/NPCData/094.EDT	4	480	That's nice.	좋네.	번역완료	batch RowID 888-1087
957	Data/NPCData/094.EDT	5	480	I don't want it.	필요 없어.	번역완료	batch RowID 888-1087
958	Data/NPCData/094.EDT	6	480	Give it a rest.	그만 좀 해.	번역완료	batch RowID 888-1087
959	Data/NPCData/094.EDT	7	480	Threaten me again, and I'll be the last person you ever threaten!	한 번만 더 협박하면, 네가 마지막으로 협박한 사람이 내가 될 거다!	번역완료	batch RowID 888-1087
960	Data/NPCData/094.EDT	8	480	Already got a job.	이미 일 있어.	번역완료	batch RowID 888-1087
961	Data/NPCData/094.EDT	9	480	Heal me up, so I can kick your ass.	치료나 해줘. 그래야 네 엉덩이를 걷어차주지.	번역완료	batch RowID 888-1087
962	Data/NPCData/094.EDT	10	480	Why don't you go play your little war games somewhere else.	네 꼬맹이 전쟁놀이는 딴 데 가서 해.	번역완료	batch RowID 888-1087
963	Data/NPCData/094.EDT	11	480	I can't be bought.	난 돈으로 못 사.	번역완료	batch RowID 888-1087
964	Data/NPCData/094.EDT	12	480	Kingpin is expecting you. You'll find him in his gaming room to your right.	킹핀이 기다리고 있다. 오른쪽 게임실에 있어.	번역완료	batch RowID 888-1087
965	Data/NPCData/094.EDT	13	480	Oh, yeah?	오, 그래?	번역완료	batch RowID 888-1087
966	Data/NPCData/094.EDT	14	480	Suck on this, sleezeball!	이거나 처먹어, 쓰레기 자식아!	번역완료	batch RowID 888-1087
967	Data/NPCData/094.EDT	15	480	You're not expected, so you're not welcome.	약속된 손님이 아니니 환영 못 받아.	번역완료	batch RowID 888-1087
968	Data/NPCData/095.EDT	1	480	Well... who have we here?	어머... 이게 누구야?	번역완료	batch RowID 888-1087
969	Data/NPCData/095.EDT	2	480	Look who the cat dragged in.	어머, 누가 굴러들어 왔나 했더니.	번역완료	batch RowID 888-1087
970	Data/NPCData/095.EDT	3	480	So uh, you're a soldier...	그래서, 어... 군인이구나...	번역완료	batch RowID 888-1087
971	Data/NPCData/095.EDT	4	480	The country is beautiful this time of year, don't you think?	이맘때 이 나라 참 아름답지, 안 그래?	번역완료	batch RowID 888-1087
972	Data/NPCData/095.EDT	5	480	Well... thank you, but I'm already spoken for. I can't be taking gifts from just anyone.	어머... 고맙긴 한데, 난 이미 짝이 있어. 아무한테나 선물을 받을 순 없지.	번역완료	batch RowID 888-1087
973	Data/NPCData/095.EDT	6	480	My...aren't we the hurried one.	어머... 성격도 참 급하시네.	번역완료	batch RowID 888-1087
974	Data/NPCData/095.EDT	7	480	If you're trying to excite me with your forcefulness, it's working.	그렇게 거칠게 몰아붙여서 날 흥분시키려는 거라면, 제대로 먹히고 있어.	번역완료	batch RowID 888-1087
975	Data/NPCData/095.EDT	8	480	Me? A mercenary? Oh, I don't think so... I am an artiste.	나? 용병? 어머, 그럴 리가... 난 예술가야.	번역완료	batch RowID 888-1087
976	Data/NPCData/095.EDT	9	480	Oh... ah... ah... the PAIN!	오... 아... 아... 아파!	번역완료	batch RowID 888-1087
977	Data/NPCData/095.EDT	10	480	I'm so sorry, but you'll have to come back another time.	정말 미안하지만 다음에 다시 와줘.	번역완료	batch RowID 888-1087
978	Data/NPCData/095.EDT	11	480	I'll be sure to put this in my tip jar.	팁통에 잘 넣어둘게.	번역완료	batch RowID 888-1087
979	Data/NPCData/095.EDT	12	480	Look at those muscles... I bet you work out... Everything looks so tight.	저 근육 좀 봐... 운동 꽤 하나 봐... 온몸이 아주 탄탄하네.	번역완료	batch RowID 888-1087
980	Data/NPCData/095.EDT	13	480	So many big burly men... And it's not even my birthday.	덩치 큰 남자들이 이렇게나 많다니... 내 생일도 아닌데.	번역완료	batch RowID 888-1087
981	Data/NPCData/095.EDT	14	480	I hope you're not here to get an eagle on your shoulder. Simply everybody wants the eagle. Boring, boring, boring...they're so passe.	설마 어깨에 독수리 문신 하러 온 건 아니겠지. 너도나도 독수리만 찾는다니까. 지루해, 지루해, 지루해... 너무 한물갔어.	번역완료	batch RowID 888-1087
982	Data/NPCData/095.EDT	15	480	The moment I saw you, I saw wild peacock. A vibrant multi-colored peacock spreading its feathers of manhood across your...right buttock. Dancing euphoric, yet sitting determined, declaring its presence.	널 처음 본 순간, 야생 공작이 보였어. 화려한 색의 공작이 남성미 넘치는 깃털을 활짝 펴고 자네의... 오른쪽 엉덩이에 자리 잡는 거지. 황홀하게 춤추면서도 단단히 앉아 자기 존재를 선언하는 거야.	번역완료	batch RowID 888-1087
983	Data/NPCData/095.EDT	16	480	It won't hurt a bit... I promise.	조금도 안 아플 거야... 약속해.	번역완료	batch RowID 888-1087
984	Data/NPCData/095.EDT	17	480	I won't be doing tattoos forever, you know. No, my big burly man, Kyle Lemmons will one day be the proprietor of his own leather boutique... with custom embroidery done by you know who... Kyle Lemmons - artiste.	나도 평생 문신만 새기진 않을 거야. 아니지, 내 우람한 친구. 언젠가 이 카일 레먼스는 자기 이름을 건 가죽 부티크의 주인이 될 거라고... 맞춤 자수는 누가 하냐고? 바로 카일 레먼스, 예술가지.	번역완료	batch RowID 888-1087
985	Data/NPCData/095.EDT	18	480	That's why I am renting this place from Mr. Klaus. I've had my left eye on that leather shop in town, but there's just no convincing that cute little Angel to sell. Oh, maybe one day...my dreams will come true.	그래서 지금은 클라우스 씨한테 이곳을 빌려 쓰는 거야. 시내 가죽 가게를 계속 눈여겨보고 있는데, 귀여운 엔젤을 아무리 설득해도 팔 생각이 없더라고. 아, 언젠가는... 내 꿈도 이루어지겠지.	번역완료	batch RowID 888-1087
986	Data/NPCData/095.EDT	19	480	Oh, my...oh, my...stop my panting heart! The deed to Angel's leather shop. Can it be? Why, yes... of course I'll buy it from you. I'll give you everything I have for it.	어머나... 어머나... 두근거리는 내 심장 좀 누가 말려줘! 엔젤의 가죽 가게 소유권 증서잖아. 이게 정말? 어머, 그럼... 당연히 사지! 내가 가진 걸 전부 줄게.	번역완료	batch RowID 888-1087
987	Data/NPCData/095.EDT	20	480	Here you go... ten thousand dollars. Oh, I can't believe this! I will never, ever, forget you. You made my dreams come true. You sweetheart, you.	자... 1만 달러야. 어머, 믿을 수가 없어! 널 절대, 절대로 잊지 않을게. 내 꿈을 이뤄줬어. 정말 사랑스러운 사람이네.	번역완료	batch RowID 888-1087
988	Data/NPCData/095.EDT	21	480	I don't mean to be pushy... but I'll have to close the shop soon. I have to rush off home to feed my pussycats.	재촉하려는 건 아닌데... 곧 가게를 닫아야 해. 집에 서둘러 가서 우리 고양이들 밥 줘야 하거든.	번역완료	batch RowID 888-1087
989	Data/NPCData/095.EDT	22	480	You raving lunatic, you. You...you bully!	이 미친 인간! 이... 이 폭력배!	번역완료	batch RowID 888-1087
990	Data/NPCData/095.EDT	23	480	Oh! Oh! Oh my! What? Talk now? Are you crazy?	어머! 어머! 세상에! 뭐? 지금 얘기하자고? 미쳤어?	번역완료	batch RowID 888-1087
991	Data/NPCData/096.EDT	1	480	Micky O'Brien's the name! Pleasure to meet ya!	미키 오브라이언이네! 만나서 반갑구먼!	번역완료	batch RowID 888-1087
992	Data/NPCData/096.EDT	2	480	Aye, me favorite soldier!	오, 내가 좋아하는 군인 양반이군!	번역완료	batch RowID 888-1087
993	Data/NPCData/096.EDT	3	480	You ask me, there's not a problem that can't be cured by some fine Irish whiskey!	내가 보기에 좋은 아일랜드 위스키로 못 고칠 문제는 없다네!	번역완료	batch RowID 888-1087
994	Data/NPCData/096.EDT	4	480	Ye be comin' across any sea turtle eggs, ye be sure to let me know. There be a good market for those. Be right up there with the charmers from a black bear.	바다거북 알을 구하게 되면 꼭 내게 알려주게. 그거 시장이 꽤 좋아. 흑곰에서 나오는 인기품목만큼이나 값이 나가지.	번역완료	batch RowID 888-1087
995	Data/NPCData/096.EDT	5	480	Aye, no, there's nothin' I be needin'.	그래, 아니. 지금 필요한 건 없네.	번역완료	batch RowID 888-1087
996	Data/NPCData/096.EDT	6	480	Aye, too many Brits down here, I be telling ya. They drink up what's better left for a proper Irishman!	그래, 여기 영국놈들이 너무 많다니까. 제대로 된 아일랜드인이 마셔야 할 술을 죄다 축내고 있어!	번역완료	batch RowID 888-1087
997	Data/NPCData/096.EDT	7	480	Aye! No doubt yer not aware of me glowing reputation. You don't be lookin' to get on me bad side.	이봐! 내 화려한 평판을 모르는 모양이군. 괜히 내 눈 밖에 나는 짓은 하지 마.	번역완료	batch RowID 888-1087
998	Data/NPCData/096.EDT	8	480	Aye, it's not really me line a work.	그래, 이건 내 일이 아니야.	번역완료	batch RowID 888-1087
999	Data/NPCData/096.EDT	9	480	Aye, could ya stitch a wounded friend?	그래, 다친 친구 좀 꿰매줄 수 있겠나?	번역완료	batch RowID 888-1087
1000	Data/NPCData/096.EDT	10	480	Aye, so that's that then.	그래, 그럼 끝난 거군.	번역완료	batch RowID 888-1087
1001	Data/NPCData/096.EDT	11	480	Aye. Ya did owe me a couple of dollars, didn't ya?	그래. 자네 나한테 몇 달러 빚졌었지, 안 그런가?	번역완료	batch RowID 888-1087
1002	Data/NPCData/096.EDT	12	480	Ya got something for me.	내게 줄 게 있나 보군.	번역완료	batch RowID 888-1087
1003	Data/NPCData/096.EDT	13	480	Got me reputation to think of. You won't get a better dollar anywhere else.	내 평판도 생각해야지. 어디 가도 나보다 좋은 값은 못 받을 거야.	번역완료	batch RowID 888-1087
1004	Data/NPCData/096.EDT	14	480	Aye, did ya forget where ya placed her?	그래, 어디다 뒀는지 잊었나?	번역완료	batch RowID 888-1087
1005	Data/NPCData/096.EDT	15	480				
1006	Data/NPCData/096.EDT	16	480	Aye, would that be everything then?	그래, 그게 전부인가?	번역완료	batch RowID 888-1087
1007	Data/NPCData/096.EDT	17	480	Let me have a look at what ya got here.	자네가 뭘 가져왔는지 한번 보자고.	번역완료	batch RowID 888-1087
1008	Data/NPCData/096.EDT	18	480	Aye, can't do. I only be dealin' in animals and their parts now.	그래, 그건 안 돼. 이제 난 동물이나 동물 부위만 취급하거든.	번역완료	batch RowID 888-1087
1009	Data/NPCData/096.EDT	19	480	Aye, no value to me.	그래, 내겐 가치가 없네.	번역완료	batch RowID 888-1087
1010	Data/NPCData/096.EDT	20	480	Aye... I can't give you good dollar fer it. Only be able to make a couple of baseball mitts at best.	그래... 이건 좋은 값 못 쳐주겠어. 잘해야 야구 글러브 두 개쯤 만들겠군.	번역완료	batch RowID 888-1087
1011	Data/NPCData/096.EDT	21	480	Aye, you be quite the hunter! I'll make ya a good deal for it.	그래, 자네 꽤 훌륭한 사냥꾼이군! 좋은 값 쳐주지.	번역완료	batch RowID 888-1087
1012	Data/NPCData/096.EDT	22	480				
1013	Data/NPCData/096.EDT	23	480	Aye, perfect!	그래, 완벽해!	번역완료	batch RowID 888-1087
1014	Data/NPCData/096.EDT	24	480				
1015	Data/NPCData/096.EDT	25	480	Aye! I be grateful to ya.	그래! 고맙네.	번역완료	batch RowID 888-1087
1016	Data/NPCData/096.EDT	26	480	Aye! Maybe ya find it and be back.	그래! 찾게 되면 다시 오게.	번역완료	batch RowID 888-1087
1017	Data/NPCData/096.EDT	27	480	You be forgetting something here.	뭔가 두고 가는 게 있군.	번역완료	batch RowID 888-1087
1018	Data/NPCData/096.EDT	28	480	Think I got my limit for this shipment. They only give me so much room to send the stuff, ya know.	이번 선적분은 한도가 찬 것 같아. 저쪽에서도 실어 보낼 공간을 많이 안 주거든.	번역완료	batch RowID 888-1087
1019	Data/NPCData/096.EDT	29	480	Ya bloody fool!	이 망할 바보야!	번역완료	batch RowID 888-1087
1020	Data/NPCData/096.EDT	30	480	Oh, how kind of ya.	오, 참 친절하군.	번역완료	batch RowID 888-1087
1021	Data/NPCData/096.EDT	31	480	You look a wee bit familiar. Did I not run into ya in me gun running days? Aye, a nasty business that was, just to be scrapin' together nickels and dimes here and there.	어디서 본 얼굴 같은데. 내가 무기 밀매하던 시절에 만난 적 없나? 그래, 그땐 참 더러운 장사였지. 여기저기서 푼돈이나 긁어모으고 말이야.	번역완료	batch RowID 888-1087
1022	Data/NPCData/096.EDT	32	480	Stumbled upon something a wee bit more lucrative. Animals and their parts. The Asians and bloody collectors pay a fortune for the rare gems of the animal kingdom. And not a bloody one of 'em is armed at that.	그러다 훨씬 돈 되는 걸 우연히 찾았어. 동물과 그 부위지. 아시아인들과 망할 수집가들이 희귀한 동물 표본에는 큰돈을 써. 게다가 그놈들 중 총 든 놈은 하나도 없고.	번역완료	batch RowID 888-1087
1023	Data/NPCData/096.EDT	33	480	I was just passing through seeing if I could bag me-self a couple of elusive Bloodcat pelts. Those felines can only be found in Arulco, ya know.	난 그냥 지나가다가 보기 드문 블러드캣 가죽 몇 장 잡아볼까 해서 들른 거야. 그 고양잇과 놈들은 아룰코에서만 볼 수 있거든.	번역완료	batch RowID 888-1087
1024	Data/NPCData/096.EDT	34	480	And I also caught a rumor that there may be some type of strange creature movin' about the mines. Wish I could confirm it. Aye... If she be true, I'm bettin' there be a pretty penny in a piece of such a beast.	또 광산에 이상한 생물이 돌아다닌다는 소문도 들었네. 사실인지 확인만 할 수 있으면 좋으련만. 그래... 진짜라면 그 괴물의 일부만 있어도 꽤 짭짤한 돈이 될 거야.	번역완료	batch RowID 888-1087
1025	Data/NPCData/096.EDT	35	480	Aye... If ya be finding yourself possessing anything I might be looking for, you come a callin'. I be givin' ya top-dollar for it. You can find me in one of the bars. You might even find me still in this one.	그래... 내가 찾을 만한 걸 손에 넣게 되면 찾아오게. 최고가로 쳐주지. 난 술집 중 한 군데에 있을 거야. 운 좋으면 아직 이 술집에 있을 수도 있고.	번역완료	batch RowID 888-1087
1026	Data/NPCData/096.EDT	36	480	Could I interest you in buying a poor, thirsty, brother-in-arms a drink?	목마른 가난한 전우에게 술 한잔 사줄 생각 없나?	번역완료	batch RowID 888-1087
1027	Data/NPCData/096.EDT	37	480	Aye. A wee somethin' to quell the nerves.	그래. 긴장 좀 풀게 한잔 말이지.	번역완료	batch RowID 888-1087
1028	Data/NPCData/096.EDT	38	480	Aye, not right now! You finish what ya started first!	그래, 지금은 안 돼! 시작한 일부터 끝내!	번역완료	batch RowID 888-1087
1029	Data/NPCData/098.EDT	1	480	I'm Pablo Greco. I run cargo department at airport. You want something, you see me.	난 파블로 그레코야. 공항 화물부를 맡고 있지. 필요한 게 있으면 나한테 와.	번역완료	batch RowID 888-1087
1030	Data/NPCData/098.EDT	2	480	You again.	또 너군.	번역완료	batch RowID 888-1087
1031	Data/NPCData/098.EDT	3	480	Ya... It's nice talking to you, but I got a lot of friends. What I never got enough of is spending money.	그래... 이야기하는 건 좋은데, 친구는 이미 많아. 내가 늘 부족한 건 쓸 돈이지.	번역완료	batch RowID 888-1087
1032	Data/NPCData/098.EDT	4	480	I never stop, I tell you. Pace around here would bury somebody like you.	난 쉴 틈이 없어, 진짜야. 여기 일 돌아가는 속도면 너 같은 사람은 나가떨어질걸.	번역완료	batch RowID 888-1087
1033	Data/NPCData/098.EDT	5	480	I already got enough stuff to keep track of.	이미 챙겨야 할 물건이 너무 많아.	번역완료	batch RowID 888-1087
1034	Data/NPCData/098.EDT	6	480	I really don't care who you are or why you're here.	네가 누군지, 왜 여기 있는지 별로 관심 없어.	번역완료	batch RowID 888-1087
1035	Data/NPCData/098.EDT	7	480	Relax...	진정해...	번역완료	batch RowID 888-1087
1036	Data/NPCData/098.EDT	8	480	Nah...	됐어...	번역완료	batch RowID 888-1087
1037	Data/NPCData/098.EDT	9	480	It hurts... I fraggin' hurt.	아파... 빌어먹게 아프다고.	번역완료	batch RowID 888-1087
1038	Data/NPCData/098.EDT	10	480	I got a lot of work to do.	할 일이 산더미야.	번역완료	batch RowID 888-1087
1039	Data/NPCData/098.EDT	11	480	Coffee money. Help me keep my eyes open, if you know what I mean.	커피값 좀 줘. 눈 좀 뜨고 있게, 무슨 뜻인지 알지?	번역완료	batch RowID 888-1087
1040	Data/NPCData/098.EDT	12	480	Well... Whatever you were expecting isn't here. Could try again tomorrow.	글쎄... 네가 기대한 물건은 여기 없어. 내일 다시 와봐.	번역완료	batch RowID 888-1087
1041	Data/NPCData/098.EDT	13	480	Ya... I got something for you.	그래... 네 물건이 하나 들어왔어.	번역완료	batch RowID 888-1087
1042	Data/NPCData/098.EDT	14	480	A small package came in...uh, just hope I didn't misplace it somewhere...	작은 소포 하나가 왔는데... 어, 어디 잘못 두진 않았겠지...	번역완료	batch RowID 888-1087
1043	Data/NPCData/098.EDT	15	480	If I remember right, it was a decent size, too...	기억이 맞다면 제법 큰 것도 있었고...	번역완료	batch RowID 888-1087
1044	Data/NPCData/098.EDT	16	480	Oh, it's fraggin' heavy, too. Nearly pulled out my back. You movin' down here or something?	아, 빌어먹게 무겁기도 하더라. 허리 나가는 줄 알았어. 여기로 이사라도 오는 거야?	번역완료	batch RowID 888-1087
1045	Data/NPCData/098.EDT	17	480	And, ah... In case you're not aware, I'm, ah... we're not responsible for anything that might be missing.	그리고, 어... 혹시 몰랐다면 말해두는데, 어... 뭐가 없어져도 우린 책임 안 져.	번역완료	batch RowID 888-1087
1046	Data/NPCData/098.EDT	18	480	It wasn't me, man, I swear.	내가 그런 거 아냐, 진짜야.	번역완료	batch RowID 888-1087
1047	Data/NPCData/098.EDT	19	480	You don't scare me. I don't care what you do to me. I don't know nothing about your missing stuff.	날 겁줄 순 없어. 뭘 하든 상관없어. 네 없어진 물건에 대해선 아무것도 모른다고.	번역완료	batch RowID 888-1087
1048	Data/NPCData/098.EDT	20	480	Okay, don't go crazy on me. I'll see what I can do... I'll ask around. But I'll need time. Uh, maybe you can come back tomorrow.	알았어, 나한테 미쳐 날뛰진 마. 어떻게든 해볼게... 여기저기 물어보지. 하지만 시간이 필요해. 어, 내일 다시 와보든가.	번역완료	batch RowID 888-1087
1049	Data/NPCData/098.EDT	21	480	I have good news for you. It wasn't easy, but I managed to find your missing stuff. Even threw in a couple of extra things I found lying around just to make up for the inconvenience.	좋은 소식이 있어. 쉽진 않았지만 네 없어진 물건을 찾았어. 불편 끼친 보상으로 주변에 굴러다니던 물건도 몇 개 더 넣어뒀지.	번역완료	batch RowID 888-1087
1050	Data/NPCData/098.EDT	22	480	A lot of people come in and out of here, you know. I can't be babysitting your shipments. Well, at least not for free.	여긴 사람들이 워낙 많이 드나들어. 내가 네 화물을 일일이 지켜줄 순 없잖아. 뭐, 공짜로는 말이지.	번역완료	batch RowID 888-1087
1051	Data/NPCData/098.EDT	23	480	Ah, thank you for your help.	아, 도와줘서 고마워.	번역완료	batch RowID 888-1087
1052	Data/NPCData/098.EDT	24	480	Take care of the fighting, then I take care of you.	싸움부터 처리해. 그러면 나도 네 일 처리해주지.	번역완료	batch RowID 888-1087
1053	Data/NPCData/098.EDT	25	480	Personally, I don't care who wins the war. I just don't want no more shooting near the airport.	개인적으론 전쟁에서 누가 이기든 상관없어. 그냥 공항 근처에서 총질만 더 안 했으면 좋겠어.	번역완료	batch RowID 888-1087
1054	Data/NPCData/098.EDT	26	480	We, uh, have a problem with your shipment. I wasn't here, you understand, but when the plane landed, some people in Drassen would not let your stuff be unloaded. The pilot left with your goods still on the plane.	어, 네 화물에 문제가 생겼어. 난 그때 여기 없었어, 알겠지? 비행기가 내렸는데 드라센의 어떤 사람들이 네 짐을 내리지 못하게 했대. 결국 조종사가 네 물건을 실은 채로 떠나버렸어.	번역완료	batch RowID 888-1087
1055	Data/NPCData/098.EDT	27	480	What is wrong with you!	너 대체 뭐가 문제야!	번역완료	batch RowID 888-1087
1056	Data/NPCData/099.EDT	1	480	My name Salvatore. I run airport now.	내 이름 살바토레. 이제 공항 내가 맡는다.	번역완료	batch RowID 888-1087
1057	Data/NPCData/099.EDT	2	480	Yes.	예.	번역완료	batch RowID 888-1087
1058	Data/NPCData/099.EDT	3	480	One day I going to run big airport, La Guardia maybe.	언젠가 나 큰 공항 맡는다. 라과디아 같은 데.	번역완료	batch RowID 888-1087
1059	Data/NPCData/099.EDT	4	480	It almost time for coffee break.	거의 커피 쉬는 시간이다.	번역완료	batch RowID 888-1087
1060	Data/NPCData/099.EDT	5	480	I do not want this.	나 이거 필요 없다.	번역완료	batch RowID 888-1087
1061	Data/NPCData/099.EDT	6	480	You are customer like anyone.	당신도 다른 사람과 똑같은 손님이다.	번역완료	batch RowID 888-1087
1062	Data/NPCData/099.EDT	7	480	Do not get in panic.	당황하지 마라.	번역완료	batch RowID 888-1087
1063	Data/NPCData/099.EDT	8	480	I have job. I have much responsibility. I cannot leave.	나 일 있다. 책임 아주 많다. 떠날 수 없다.	번역완료	batch RowID 888-1087
1064	Data/NPCData/099.EDT	9	480	Must see doctor... Much blood.	의사 봐야 한다... 피 많이 난다.	번역완료	batch RowID 888-1087
1065	Data/NPCData/099.EDT	10	480	I have busy, busy day. You come 'nother time.	오늘 아주 바쁘다, 바빠. 다음에 와라.	번역완료	batch RowID 888-1087
1066	Data/NPCData/099.EDT	11	480	In front of line for you.	당신은 줄 맨 앞으로 세워준다.	번역완료	batch RowID 888-1087
1067	Data/NPCData/099.EDT	12	480	I have nothing for you today. Maybe come soon on plane.	오늘 당신 물건 없다. 아마 곧 비행기로 온다.	번역완료	batch RowID 888-1087
1068	Data/NPCData/099.EDT	13	480	I have something for you in warehouse. I take good care of it.	창고에 당신 물건 있다. 내가 잘 보관했다.	번역완료	batch RowID 888-1087
1069	Data/NPCData/099.EDT	14	480	I have big delivery for you. It very heavy.	당신 큰 배송 왔다. 아주 무겁다.	번역완료	batch RowID 888-1087
1070	Data/NPCData/099.EDT	15	480	Plane just make delivery. I no have time to check yet for you.	비행기 방금 배송 왔다. 아직 확인할 시간 없다.	번역완료	batch RowID 888-1087
1071	Data/NPCData/099.EDT	16	480	Bad news. Plane with delivery crash in mountains. I make little mistake. Pilot make bad turn...everything gone. Many pieces... Big mess.	나쁜 소식. 배송 비행기 산에서 추락했다. 내가 작은 실수 했다. 조종사 잘못 돌아갔다... 전부 사라졌다. 조각 많이... 엉망이다.	번역완료	batch RowID 888-1087
1072	Data/NPCData/099.EDT	17	480	We have problem. Delivery go to bad airport. I check on this for you.	문제 있다. 배송이 잘못된 공항으로 갔다. 내가 확인해본다.	번역완료	batch RowID 888-1087
1073	Data/NPCData/099.EDT	18	480	I do everything I can do. Delivery comin', but keep going to bad airport. I think it in Bulgaria.	내가 할 수 있는 건 다 한다. 배송은 오고 있는데 자꾸 잘못된 공항으로 간다. 지금 불가리아에 있는 것 같다.	번역완료	batch RowID 888-1087
1074	Data/NPCData/099.EDT	19	480	Bad news. Delivery disappear. I talk to many people, many airports. It nowhere. I sorry about this, but I can do nothing.	나쁜 소식. 배송 사라졌다. 사람 많이, 공항 많이 연락했다. 어디에도 없다. 미안하지만 내가 할 수 있는 것 없다.	번역완료	batch RowID 888-1087
1075	Data/NPCData/099.EDT	20	480	I have very good news for you. I find your delivery. It go everywhere in world, but I find it for you.	아주 좋은 소식 있다. 당신 배송 찾았다. 세계 여기저기 돌아다녔지만 내가 찾았다.	번역완료	batch RowID 888-1087
1076	Data/NPCData/099.EDT	21	480	Why you do this?	왜 이런 짓 하나?	번역완료	batch RowID 888-1087
1077	Data/NPCData/099.EDT	22	480	I no do nothing until shooting stops.	총질 멈출 때까지 나 아무것도 안 한다.	번역완료	batch RowID 888-1087
1078	Data/NPCData/099.EDT	23	480	I will remember this.	이 일 기억하겠다.	번역완료	batch RowID 888-1087
1079	Data/NPCData/099.EDT	24	480	I wish you victory in Meduna. The whole country wishes you much luck.	메두나에서 승리하길 빈다. 온 나라가 당신에게 큰 행운 바란다.	번역완료	batch RowID 888-1087
1080	Data/NPCData/099.EDT	25	480	I am very new at this job. But I start at right time. With much luck, you will make Arulco good place.	나 이 일 시작한 지 얼마 안 됐다. 하지만 좋은 때 시작했다. 운이 따르면, 당신이 아룰코 좋은 곳으로 만들 것이다.	번역완료	batch RowID 888-1087
1081	Data/NPCData/099.EDT	26	480	I sorry. But many people in Drassen do not... like... trust you. I must work and live in Drassen. It is not easy. Talking with you will make it hard.	미안하다. 하지만 드라센 많은 사람이 당신을... 좋아하지... 믿지 않는다. 나는 드라센에서 일하고 살아야 한다. 쉽지 않다. 당신과 이야기하면 더 어려워진다.	번역완료	batch RowID 888-1087
1082	Data/NPCData/100.EDT	1	480	I am Father John Walker. You may call me Father John.	저는 존 워커 신부입니다. 존 신부라고 부르셔도 됩니다.	번역완료	batch RowID 888-1087
1083	Data/NPCData/100.EDT	2	480	Don't I know you? You look familiar.	우리 전에 만난 적 있지 않습니까? 낯이 익군요.	번역완료	batch RowID 888-1087
1084	Data/NPCData/100.EDT	3	480	Let there be no question of conscience, the Lord be with you.	양심에 거리낄 일은 없기를. 주님께서 함께하시길.	번역완료	batch RowID 888-1087
1085	Data/NPCData/100.EDT	4	480	Queen Deidranna would not approve of this meeting.	데이드라나 여왕이라면 우리가 만나는 걸 달가워하지 않겠지요.	번역완료	batch RowID 888-1087
1086	Data/NPCData/100.EDT	5	480	I have no need for possessions.	제게 소유물은 필요 없습니다.	번역완료	batch RowID 888-1087
1087	Data/NPCData/100.EDT	6	480	Not one for small talk, are you?	잡담을 즐기는 분은 아니군요?	번역완료	batch RowID 888-1087
1088	Data/NPCData/100.EDT	7	480	If I had more to tell you, I would. Please... I beg of you, I am a man of the cloth, do not harm me.	더 말씀드릴 게 있었다면 이미 말씀드렸을 겁니다. 제발... 부탁입니다. 저는 성직자입니다. 해치지 말아주십시오.	번역완료	batch RowID 1088-1287
1089	Data/NPCData/100.EDT	8	480	I will bless you, but I cannot go with you.	축복은 해드리겠습니다만, 함께 갈 수는 없습니다.	번역완료	batch RowID 1088-1287
1090	Data/NPCData/100.EDT	9	480	Holy Mother of Mary... I, I'm bleeding everywhere.	성모 마리아시여... 저, 온몸에서 피가 나고 있습니다.	번역완료	batch RowID 1088-1287
1091	Data/NPCData/100.EDT	10	480	Sorry, I have a sermon to prepare.	죄송하지만 설교를 준비해야 합니다.	번역완료	batch RowID 1088-1287
1092	Data/NPCData/100.EDT	11	480	Ah...a contribution. I... I'll have to mail you the receipt. I don't have any with me.	아... 헌금이군요. 영수증은... 우편으로 보내드려야겠습니다. 지금은 가진 게 없어서요.	번역완료	batch RowID 1088-1287
1093	Data/NPCData/100.EDT	12	480	Well, that's mighty thoughtful of you. A little something to pick up the spirits.	이런, 정말 사려 깊으시군요. 기운을 좀 북돋아주겠군요.	번역완료	batch RowID 1088-1287
1094	Data/NPCData/100.EDT	13	480	Miguel Cordona needs my assistance? Well... I think I can put together some food and supplies. Fuel, as Miguel is probably well aware, remains next to impossible to acquire.	미겔 코르도나가 제 도움이 필요하다고요? 음... 음식과 보급품은 좀 마련할 수 있을 겁니다. 연료는, 미겔도 잘 알겠지만, 여전히 구하기가 거의 불가능합니다.	번역완료	batch RowID 1088-1287
1095	Data/NPCData/100.EDT	14	480	The rest will take time. I do have some things hidden away, but I'll need to call upon the generosity of the faithful. Moving too quickly will only bring us all... unnecessary attention.	나머지는 시간이 좀 걸릴 겁니다. 숨겨둔 물자가 조금 있긴 하지만, 신자들의 선의에도 기대야 합니다. 너무 서두르면 우리 모두에게... 쓸데없는 이목만 끌 테니까요.	번역완료	batch RowID 1088-1287
1096	Data/NPCData/100.EDT	15	480	I'll get word to Miguel when everything is in order.	모든 준비가 끝나면 미겔에게 소식을 전하겠습니다.	번역완료	batch RowID 1088-1287
1097	Data/NPCData/100.EDT	16	480	It's too bad that young woman, Ira, isn't with you. I haven't seen her in a while. She's quite something, you know. I really enjoy conversing with her.	그 젊은 아가씨, 아이라가 함께 안 왔군요. 한동안 못 봤습니다. 참 인상적인 사람이죠. 그 아가씨와 이야기 나누는 걸 정말 좋아합니다.	번역완료	batch RowID 1088-1287
1098	Data/NPCData/100.EDT	17	480	I haven't seen you around, Ira. I was worried, perhaps, something had happened to you. You are looking well, as always.	아이라, 한동안 안 보이더군요. 무슨 일이라도 생긴 건 아닐까 걱정했습니다. 늘 그렇듯 건강해 보이는군요.	번역완료	batch RowID 1088-1287
1099	Data/NPCData/100.EDT	18	480	Deidranna does not approve of organized religion. She only tolerates me and my congregation because she does not want the attention of outsiders, especially the Holy Father.	데이드라나는 조직 종교를 탐탁지 않게 여깁니다. 저와 신도들을 내버려두는 건 외부의 관심, 특히 교황 성하의 관심을 끌고 싶지 않아서일 뿐입니다.	번역완료	batch RowID 1088-1287
1100	Data/NPCData/100.EDT	19	480	The Pope has a knack for getting in the way of dictators. It's something of a hobby of his.	교황 성하는 독재자들의 앞길을 가로막는 데 일가견이 있으시죠. 거의 취미라고 할 만합니다.	번역완료	batch RowID 1088-1287
1101	Data/NPCData/100.EDT	20	480	The food supplies have made it to Omerta. I've developed a network of people to keep them fed for the next little while.	식량은 오메르타에 무사히 도착했습니다. 당분간 그들이 굶지 않도록 사람들을 연결해 공급망을 마련해뒀습니다.	번역완료	batch RowID 1088-1287
1102	Data/NPCData/100.EDT	21	480	If you're looking for Carmen, he left word that he was headed over to San Mona. Which seems like an appropriate place for him.	카르멘을 찾는 거라면, 산모나로 간다고 전해달라더군요. 그에게는 꽤 어울리는 곳 같기도 하고요.	번역완료	batch RowID 1088-1287
1103	Data/NPCData/100.EDT	22	480	A gentleman named Carmen was here not too long ago asking about you fellows. He said I should tell you that you could find him in Cambria.	얼마 전 카르멘이라는 신사가 와서 여러분을 찾았습니다. 캄브리아에 가면 자신을 만날 수 있다고 전해달더군요.	번역완료	batch RowID 1088-1287
1104	Data/NPCData/100.EDT	23	480	Deidranna will burn slow..ly in Hell. That, ya can put your money in the bank on...  Ever notice there's no cemeteries in Arulco? She lays claim to the dead... Takes them right, right off the grieving families.	데이드라나는 지옥에서 천천히... 아주 천천히 타오를 겁니다. 그건 돈 걸어도 돼요... 아룰코에 묘지가 하나도 없다는 거 눈치챘습니까? 그 여자는 죽은 자들까지 자기 것이라 주장합니다... 슬픔에 잠긴 가족에게서 시신을 그대로 빼앗아가죠.	번역완료	batch RowID 1088-1287
1105	Data/NPCData/100.EDT	24	480	And don't believe her state funeral bullshit! Pardon my unholiness... She's doing something with the bodies. She's infringing upon the souls of the dead. And for that, she will burn, burn slowly like a pig on a spit.	그리고 그 여자의 국장 어쩌고 하는 헛소리도 믿지 마십시오! 이런 불경한 말을 용서하시길... 그 여자는 시신으로 뭔가를 하고 있어요. 죽은 자들의 영혼까지 침범하고 있습니다. 그 죄로 불타겠죠. 꼬챙이에 꿴 돼지처럼 천천히, 아주 천천히.	번역완료	batch RowID 1088-1287
1106	Data/NPCData/100.EDT	25	480	I've said too much... And haven't drank enough.	제가 말을 너무 많이 했군요... 술은 너무 적게 마셨고.	번역완료	batch RowID 1088-1287
1107	Data/NPCData/100.EDT	26	480	I seem to have run out of sacramental wine. You wouldn't happen to have any would you? I mean...ah, any type of alcoholic beverage will do.	성찬용 포도주가 다 떨어진 모양입니다. 혹시 가진 게... 없겠죠? 그러니까... 아, 술이라면 뭐든 괜찮습니다.	번역완료	batch RowID 1088-1287
1108	Data/NPCData/100.EDT	27	480	God will get you for this!	하느님께서 이 일을 그냥 넘기지 않으실 겁니다!	번역완료	batch RowID 1088-1287
1109	Data/NPCData/100.EDT	28	480	You are truly God's child.	당신은 참으로 하느님의 자녀군요.	번역완료	batch RowID 1088-1287
1110	Data/NPCData/100.EDT	29	480	Holy tabernacle! Have the hostilities ceased?	오, 거룩한 감실이여! 싸움이 끝난 겁니까?	번역완료	batch RowID 1088-1287
1111	Data/NPCData/100.EDT	30	480	She's an evil woman, that Queen Deidranna... A surefire candidate for hell. She, you know, she kills everyone that gets sick... or was born less than perfect. There aren't no sick people in Meduna. That's a fact...	데이드라나 여왕은 사악한 여자입니다... 지옥행이 확정된 사람이지요. 그 여자는, 있잖습니까, 병든 사람이나... 온전치 못하게 태어난 사람은 모조리 죽입니다. 메두나에는 아픈 사람이 하나도 없어요. 사실입니다...	번역완료	batch RowID 1088-1287
1112	Data/NPCData/100.EDT	31	480	It's the healthiest city in the world... No sir, ya don't want to be complaining about your ailments in Meduna. The doctors in Cambria can be trusted though. Nurse Jenny has been fudging the paperwork for years.	세계에서 가장 건강한 도시인 셈이죠... 예, 메두나에서는 어디가 아프다는 소릴 하지 않는 게 좋습니다. 하지만 캄브리아의 의사들은 믿어도 돼요. 간호사 제니가 몇 년째 서류를 적당히 손봐주고 있으니까요.	번역완료	batch RowID 1088-1287
1113	Data/NPCData/100.EDT	32	480	Things were different before... The Chivaldori family were good people. They must all be turning uncomfortably in their graves. Trying to rest, troubled souls, knowing what has happened to their beloved country.	예전엔 달랐습니다... 치발도리 가문은 좋은 사람들이었어요. 지금 나라 꼴을 알면 무덤에서도 편히 못 누워 뒤척이고 있을 겁니다. 사랑하던 조국이 이렇게 된 걸 알고, 그 괴로운 영혼들이 어찌 편히 쉬겠습니까.	번역완료	batch RowID 1088-1287
1114	Data/NPCData/100.EDT	33	480	Nah... things aren't what they used to be. Maybe one day... Must be positive. There are still plenty of good-intentioned souls in the world.	아니... 예전 같지는 않죠. 그래도 언젠가는... 긍정적으로 생각해야 합니다. 세상에는 아직 선의를 가진 영혼이 많으니까요.	번역완료	batch RowID 1088-1287
1115	Data/NPCData/101.EDT	1	480	Why are you here?	왜 여기 왔죠?	번역완료	batch RowID 1088-1287
1116	Data/NPCData/101.EDT	2	480	I am surprised to see that you are still here.	아직도 여기 있다니 놀랍군요.	번역완료	batch RowID 1088-1287
1117	Data/NPCData/101.EDT	3	480	The children and the people of Omerta have put their faith in you. We wish you the best.	아이들과 오메르타 사람들은 당신들을 믿고 있어요. 행운을 빌어요.	번역완료	batch RowID 1088-1287
1118	Data/NPCData/101.EDT	4	480	I wish I could be of more help. But it is not possible.	더 도울 수 있으면 좋겠지만, 그럴 수가 없어요.	번역완료	batch RowID 1088-1287
1119	Data/NPCData/101.EDT	5	480	No thank you.	아니요, 괜찮아요.	번역완료	batch RowID 1088-1287
1120	Data/NPCData/101.EDT	6	480	I would like to spend more time, but I must feed my children.	좀 더 이야기하고 싶지만, 아이들에게 먹을 것을 챙겨줘야 해요.	번역완료	batch RowID 1088-1287
1121	Data/NPCData/101.EDT	7	480	There is no need to threaten me. I shall not cause you harm.	절 협박할 필요 없어요. 당신들에게 해를 끼치지 않을 테니까요.	번역완료	batch RowID 1088-1287
1122	Data/NPCData/101.EDT	8	480	Me? No. My children are in need of me.	저요? 안 돼요. 아이들에게 제가 필요해요.	번역완료	batch RowID 1088-1287
1123	Data/NPCData/101.EDT	9	480	I mu-must seek h-help...	저... 저, 도-도움을 받아야...	번역완료	batch RowID 1088-1287
1124	Data/NPCData/101.EDT	10	480	Well, I'm a very busy woman.	글쎄요, 저도 아주 바쁜 사람이에요.	번역완료	batch RowID 1088-1287
1125	Data/NPCData/101.EDT	11	480	Why are you scaring the child? What is your purpose in Omerta? You are not regular soldiers.	왜 아이를 겁주는 거죠? 오메르타에는 무슨 일로 왔어요? 당신들은 정규군이 아니군요.	번역완료	batch RowID 1088-1287
1126	Data/NPCData/101.EDT	12	480	You are being watched. If you cause any harm, you will not leave Omerta alive.	우리가 지켜보고 있어요. 조금이라도 해를 끼치면 살아서 오메르타를 떠나지 못할 거예요.	번역완료	batch RowID 1088-1287
1127	Data/NPCData/101.EDT	13	480	How could it be that you were sent by Enrico? He has been dead for more than... ten years.	엔리코가 당신들을 보냈다니 어떻게 그럴 수 있죠? 그는 죽은 지... 10년이 넘었어요.	번역완료	batch RowID 1088-1287
1128	Data/NPCData/101.EDT	14	480	Very few people are aware that he's alive. As far as most of the people in Arulco are concerned, he was murdered over a decade ago.	그가 살아 있다는 걸 아는 사람은 거의 없어요. 아룰코 사람 대부분은 그가 10년도 더 전에 살해당했다고 믿고 있죠.	번역완료	batch RowID 1088-1287
1129	Data/NPCData/101.EDT	15	480	We had given up hope of ever hearing from Enrico again. Who would believe that someone living in the comforts of exile would care about this dismal country?	우린 엔리코의 소식을 다시 들을 희망을 버린 지 오래예요. 편안한 망명 생활을 하는 사람이 이 비참한 나라를 아직 신경 쓸 거라고 누가 믿겠어요?	번역완료	batch RowID 1088-1287
1130	Data/NPCData/101.EDT	16	480	Very well, then...	좋아요, 그럼...	번역완료	batch RowID 1088-1287
1131	Data/NPCData/101.EDT	17	480	Follow me. Do not make any quick moves. Miguel's men will be nervous. You do not wish to intimidate them. Deidranna has brutally bombed and attacked us for over two straight months.	따라오세요. 갑작스러운 행동은 하지 말아요. 미겔의 부하들은 예민해져 있어요. 괜히 위협적으로 보이면 안 돼요. 데이드라나는 두 달이 넘도록 우리를 무자비하게 폭격하고 공격해 왔어요.	번역완료	batch RowID 1088-1287
1132	Data/NPCData/101.EDT	18	480	You want me to believe that you are working for a dead man? I would suggest that you leave Omerta before you, yourself, become one.	죽은 사람을 위해 일한다고 믿으라는 건가요? 당신들까지 죽은 사람이 되기 전에 오메르타를 떠나는 게 좋을 거예요.	번역완료	batch RowID 1088-1287
1133	Data/NPCData/101.EDT	19	480	Give me a reason to believe that Enrico sent you, and perhaps I will have reason to speak with you.	엔리코가 당신들을 보냈다는 걸 믿을 이유를 주세요. 그러면 당신들과 이야기할 이유도 생길지 모르죠.	번역완료	batch RowID 1088-1287
1134	Data/NPCData/101.EDT	20	480	They have been sent by Enrico Chivaldori. They are here to help us, Dimitri. They must speak with Miguel. I would never bring them here without proof of this.	엔리코 치발도리가 이들을 보냈어요. 우릴 도우러 왔어요, 디미트리. 미겔과 이야기해야 해요. 증거도 없이 이들을 여기 데려오진 않았을 거예요.	번역완료	batch RowID 1088-1287
1135	Data/NPCData/101.EDT	21	480	Enrico has enlisted mercenaries to aid us in the struggle. I have a letter addressed to Miguel. It is signed by Enrico himself and contains details of the night we helped him flee Arulco. Details only he would know.	엔리코가 우리 싸움을 돕기 위해 용병들을 고용했어요. 미겔 앞으로 온 편지가 있어요. 엔리코 본인이 서명했고, 우리가 그를 아룰코에서 탈출시키던 밤의 이야기도 적혀 있어요. 그 사람만 알 수 있는 내용이에요.	번역완료	batch RowID 1088-1287
1136	Data/NPCData/101.EDT	22	480	Here...	여기...	번역완료	batch RowID 1088-1287
1137	Data/NPCData/101.EDT	23	480	Who are you? What is this?	당신은 누구죠? 이건 뭐예요?	번역완료	batch RowID 1088-1287
1138	Data/NPCData/101.EDT	24	480	Hmmm... A letter from Enrico Chivaldori. He has not forgotten us...	흠... 엔리코 치발도리의 편지군요. 그는 우릴 잊지 않았어요...	번역완료	batch RowID 1088-1287
1139	Data/NPCData/101.EDT	25	480	You have betrayed us. God have mercy on your soul.	우릴 배신했군요. 하느님께서 당신 영혼을 불쌍히 여기시길.	번역완료	batch RowID 1088-1287
1140	Data/NPCData/101.EDT	26	480	Have you seen a small boy? Oh, I am worried sick. I have not seen Pacos in hours. I've looked everywhere. He is nowhere to be found.	혹시 어린 남자아이 못 봤어요? 아, 걱정돼 죽겠어요. 파코스를 몇 시간째 못 봤어요. 안 찾아본 곳이 없는데 어디에도 없어요.	번역완료	batch RowID 1088-1287
1141	Data/NPCData/101.EDT	27	480	I have no time for anything until I find my boy. I can only pray that the army has not captured him.	내 아이를 찾기 전에는 아무것도 할 시간이 없어요. 군대에 잡혀가지 않았기만 기도할 뿐이에요.	번역완료	batch RowID 1088-1287
1142	Data/NPCData/101.EDT	28	480	No, it is not safe to talk now. The Queen's men...	안 돼요. 지금은 이야기하면 위험해요. 여왕의 병사들이...	번역완료	batch RowID 1088-1287
1143	Data/NPCData/101.EDT	29	480	I have all that I need.	필요한 건 다 있어요.	번역완료	batch RowID 1088-1287
1144	Data/NPCData/102.EDT	1	480	I am the warden.	내가 교도소장이다.	번역완료	batch RowID 1088-1287
1145	Data/NPCData/102.EDT	2	480	You're still alive...	아직도 살아 있군...	번역완료	batch RowID 1088-1287
1146	Data/NPCData/102.EDT	3	480	Don't even try to sweet talk me!	나한테 아첨할 생각은 꿈도 꾸지 마!	번역완료	batch RowID 1088-1287
1147	Data/NPCData/102.EDT	4	480	You're wasting your breath. Just do whatever it is you're going to do.	말해봐야 입만 아파. 할 거면 그냥 해.	번역완료	batch RowID 1088-1287
1148	Data/NPCData/102.EDT	5	480	You know what you can do with that!	그딴 건 어디다 처박으면 좋을지 알겠지!	번역완료	batch RowID 1088-1287
1149	Data/NPCData/102.EDT	6	480	Say what you will, the Queen will deal with you.	무슨 말을 하든 여왕께서 널 처리하실 거다.	번역완료	batch RowID 1088-1287
1150	Data/NPCData/102.EDT	7	480	I don't fear you.	난 네가 두렵지 않아.	번역완료	batch RowID 1088-1287
1151	Data/NPCData/102.EDT	8	480	Join you? You'll all be dead by the end of the week.	너희와 합류하라고? 너희는 이번 주가 끝나기도 전에 다 죽을 거다.	번역완료	batch RowID 1088-1287
1152	Data/NPCData/102.EDT	9	480	Have... the decency.. to put me... out of my misery.	최소한... 자비를 베풀어서... 내 고통을... 끝내줘.	번역완료	batch RowID 1088-1287
1153	Data/NPCData/102.EDT	10	480	I have nothing to say.	할 말 없다.	번역완료	batch RowID 1088-1287
1154	Data/NPCData/102.EDT	11	480	You're making a huge mistake!	넌 엄청난 실수를 하고 있어!	번역완료	batch RowID 1088-1287
1155	Data/NPCData/102.EDT	12	480	You trying to bribe me? I will confiscate this money as evidence.	날 매수하려는 건가? 이 돈은 증거물로 압수하겠다.	번역완료	batch RowID 1088-1287
1156	Data/NPCData/103.EDT	1	480	Gordon... Gordon Jefferies... I know nothin'...	고든... 고든 제프리스... 난 아무것도 몰라...	번역완료	batch RowID 1088-1287
1157	Data/NPCData/103.EDT	2	480	I know nothing... I didn't do it...	난 아무것도 몰라... 내가 한 게 아니야...	번역완료	batch RowID 1088-1287
1158	Data/NPCData/103.EDT	3	480	Who are you? Why are you toying with me?	누구야? 왜 날 갖고 노는 거야?	번역완료	batch RowID 1088-1287
1159	Data/NPCData/103.EDT	4	480	Why? Why are you doing this?	왜? 왜 이러는 거야?	번역완료	batch RowID 1088-1287
1160	Data/NPCData/103.EDT	5	480	What's that? I want nuthin' from you...	그게 뭐야? 난 네게 아무것도 필요 없어...	번역완료	batch RowID 1088-1287
1161	Data/NPCData/103.EDT	6	480	No more torture... No more pain... please...	더는 고문하지 마... 더는 아프게 하지 마... 제발...	번역완료	batch RowID 1088-1287
1162	Data/NPCData/103.EDT	7	480	I beg you. Shoot me. Do not feed me to the monsters... I beg you. Shoot me.	부탁이야. 날 쏴줘. 괴물들 먹이로 주지 마... 제발. 날 쏴줘.	번역완료	batch RowID 1088-1287
1163	Data/NPCData/103.EDT	8	480	Leave me. Leave me to die... Die in peace.	날 내버려둬. 죽게 내버려둬... 편히 죽게.	번역완료	batch RowID 1088-1287
1164	Data/NPCData/103.EDT	9	480	Ahhhhhh... Why must I die so slow?	아아아아... 왜 이렇게 천천히 죽어야 하는 거야?	번역완료	batch RowID 1088-1287
1165	Data/NPCData/103.EDT	10	480	Go away... Please...just go away.	가버려... 제발... 그냥 가.	번역완료	batch RowID 1088-1287
1166	Data/NPCData/103.EDT	11	480	Do not harm me... I know nothing... I am weak...	해치지 마... 난 아무것도 몰라... 난 약해...	번역완료	batch RowID 1088-1287
1167	Data/NPCData/103.EDT	12	480	Don't touch me... Don't touch me anymore.	손대지 마... 이제 그만 만져.	번역완료	batch RowID 1088-1287
1168	Data/NPCData/103.EDT	13	480	Sh... sh... they will... hear you...	쉿... 쉿... 놈들이... 들을 거야...	번역완료	batch RowID 1088-1287
1169	Data/NPCData/103.EDT	14	480	For what? Just... just go away.	뭘 하려고? 그냥... 그냥 가.	번역완료	batch RowID 1088-1287
1170	Data/NPCData/104.EDT	1	480	Well-la, well-la! If you're looking for something, I didn't take it. If ya come to find out something, I don't know it. And, lastly, if you've come to bug me, I suggest leave me be. Have I missed anything?	글쎄다, 글쎄! 뭘 찾으러 왔다면 내가 훔친 거 아니고, 뭘 알아내러 왔다면 난 모르는 일이고, 마지막으로 날 귀찮게 하러 왔다면 그냥 내버려두라고 말하고 싶군. 내가 빠뜨린 게 있나?	번역완료	batch RowID 1088-1287
1171	Data/NPCData/104.EDT	2	480	It's good to see ya again, my friend. I was thinking about you just back a bit.	또 보니 반갑군, 친구. 조금 전에도 자네 생각을 하고 있었어.	번역완료	batch RowID 1088-1287
1172	Data/NPCData/104.EDT	3	480	You know, sometimes, the best ideas, come from not doing anything. Take my medication for instance. I haven't felt better since I stopped taking it. Doctors? It's all a money-making scam, you know.	가끔은 아무것도 안 하는 데서 최고의 생각이 나온다니까. 내 약을 봐. 약을 끊은 뒤로 이렇게 몸이 좋았던 적이 없어. 의사? 다 돈 벌어먹으려는 사기야, 알잖아.	번역완료	batch RowID 1088-1287
1173	Data/NPCData/104.EDT	4	480	"Yeah, ""Gabby,"" it's a funny name, I suppose. I never thought much about it. Gary, that's my real name. No one calls me that anymore. Don't know why. I could never understand why people called me Gabby. Funny, huh?"	그래, '개비'. 웃긴 이름이긴 하지. 별생각은 안 해봤어. 게리, 그게 내 진짜 이름이야. 이젠 아무도 그렇게 안 부르지. 왜 그런진 몰라. 사람들이 왜 날 개비라고 부르는지도 평생 이해 못 했어. 웃기지?	번역완료	batch RowID 1088-1287
1174	Data/NPCData/104.EDT	5	480	No, no. What would I possibly want with that? I'm not running an open market here.	아니, 아니. 내가 그걸 어디다 쓰겠어? 여기 장터 차린 것도 아니고.	번역완료	batch RowID 1088-1287
1175	Data/NPCData/104.EDT	6	480	No, no, it hasn't always been this way here. The queen, the war, the crazy army! Well-la, well-la, I had enough of that to last me a lifetime. I got my own little war going on. Just love fighting those crazy creatures.	아니, 아니. 여기가 늘 이랬던 건 아니야. 여왕, 전쟁, 미친 군대! 글쎄다, 글쎄, 그런 건 평생 볼 만큼 봤지. 난 내 작은 전쟁이 따로 있어. 그 미친 괴물들이랑 싸우는 게 그렇게 재밌거든.	번역완료	batch RowID 1088-1287
1176	Data/NPCData/104.EDT	7	480	Well-la, breathe slowly! I'm thinking you need a little vacation, some time in the sun, maybe relax a bit. Look at ya! You're practically vibrating.	글쎄, 숨 좀 천천히 쉬어! 자넨 휴가가 좀 필요해 보여. 햇볕도 쬐고, 좀 쉬고 말이야. 꼴 좀 봐! 거의 부들부들 떨고 있잖아.	번역완료	batch RowID 1088-1287
1177	Data/NPCData/104.EDT	8	480	Heh-heh. I've had enough hard times already! I appreciate the offer, and if you're doing it just to flatter me, well, consider me flattered. But no, I'm having way too much fun tearing the legs off those bugs.	헤헤. 난 힘든 일은 이미 지긋지긋하게 겪었어! 제안은 고맙고, 날 치켜세우려고 한 말이라면, 그래, 기분은 좋군. 하지만 싫어. 난 저 벌레들 다리를 뜯어내는 게 너무 재밌거든.	번역완료	batch RowID 1088-1287
1178	Data/NPCData/104.EDT	9	480	Jesus Christmas! Can ya patch me up here?	이런 젠장! 여기 좀 꿰매줄 수 있어?	번역완료	batch RowID 1088-1287
1179	Data/NPCData/104.EDT	10	480	Well, so, it's been fun, hasn't it? Like listening to ya. I learn things. But, I got things to do. You take care of yourself now.	뭐, 재미있었지, 안 그래? 자네 얘기 듣는 거 좋아해. 배우는 것도 있고. 근데 할 일이 있어서 말이야. 자, 몸조심하게.	번역완료	batch RowID 1088-1287
1180	Data/NPCData/104.EDT	11	480	I appreciate it, but it wouldn't be proper to just take your money. No, that would be theft, and sure as shite, they'd lock me up if they ever found me. Can't be having that...	마음은 고맙지만 그냥 자네 돈을 받는 건 옳지 않아. 아니, 그건 도둑질이지. 젠장, 놈들이 날 찾기라도 하면 틀림없이 감옥에 처넣을 거야. 그건 곤란하지...	번역완료	batch RowID 1088-1287
1181	Data/NPCData/104.EDT	12	480	Well, ya might be interested in this here special elixir I mixed up. Makes you one with nature, you might say. Yes, it does, and I do say it.	글쎄, 내가 만든 이 특별한 영약에는 관심이 있을지도 모르겠군. 자연과 하나가 되게 해준다고 할까. 그래, 정말 그래. 내 입으로 장담하지.	번역완료	batch RowID 1088-1287
1182	Data/NPCData/104.EDT	13	480	You relax. I got nothing better to do. You know, I could talk all day.	자넨 편히 있어. 난 딱히 할 일도 없어. 알잖아, 난 하루 종일도 떠들 수 있어.	번역완료	batch RowID 1088-1287
1183	Data/NPCData/104.EDT	14	480	There was this one time, this guy was here, and... what was it? He said to me... now, damn it, I can't remember.	예전에 어떤 사람이 여기 와서... 뭐였더라? 내게 이런 말을 했는데... 아, 젠장. 기억이 안 나.	번역완료	batch RowID 1088-1287
1184	Data/NPCData/104.EDT	15	480	That's how people get ahead really, trading one thing for another. Money's fine as far as it goes, but this? It's the old time rule. Can't say I've got much use for anything, though. Not much of a material man.	사람이 잘되는 건 결국 그런 거야. 하나를 주고 하나를 받는 거지. 돈도 나쁘진 않지만, 이런 건 옛날 방식이야. 그래도 난 물건엔 별 쓸모가 없어. 물질적인 사람이 아니라서.	번역완료	batch RowID 1088-1287
1185	Data/NPCData/104.EDT	16	480	"Yeah, was a time when I used to buy stuff left and right. It cluttered me up though. I remember, this lady, she says to me, she says, ""So, Gabby..."" and, and... oh, damn it! My memory's going, I tell ya."	그래, 예전엔 나도 닥치는 대로 물건을 사들이던 때가 있었지. 근데 짐만 되더라고. 기억나는 게, 어떤 여자가 내게 그러는 거야. '그래서, 개비...' 하고, 또... 아, 젠장! 기억력이 다 됐어, 진짜야.	번역완료	batch RowID 1088-1287
1186	Data/NPCData/104.EDT	17	480	Well, I suppose I can take a look at it. I admit it. I'm a nosy old coot.	뭐, 한번 볼 수는 있겠군. 인정하지. 난 참견 좋아하는 늙은이니까.	번역완료	batch RowID 1088-1287
1187	Data/NPCData/104.EDT	18	480	About the only thing I might be interested in is those big bug parts. Ya, pieces and parts... That be fine. Or blood. Crepitus blood's good, too.	내가 관심 가질 만한 건 그 커다란 벌레 부위 정도야. 그래, 조각이나 부위들... 그런 거면 좋아. 아니면 피도 괜찮고. 크레피투스 피도 좋지.	번역완료	batch RowID 1088-1287
1188	Data/NPCData/104.EDT	19	480	Well-la, well-la! Sorry, friend. Not the least bit interested, I'm afraid. Nope, not at all...	글쎄다, 글쎄! 미안하네, 친구. 전혀 관심 없어. 정말이야. 하나도...	번역완료	batch RowID 1088-1287
1189	Data/NPCData/104.EDT	20	480	Oo-ee! Looks like you drove over it or something. Or maybe you used a grenade to kill it? Sure like to see that. Ah, well, I might be able to give you a bit for it. Outta niceness, you understand.	우와! 차로 깔고 지나간 것처럼 생겼네. 아니면 수류탄으로 잡았나? 그건 꼭 보고 싶군. 아, 뭐, 조금은 쳐줄 수 있겠어. 순전히 인정상 말이야.	번역완료	batch RowID 1088-1287
1190	Data/NPCData/104.EDT	21	480	Nice assortment you got here. Might save me a bit a work, getting them myself that is. You know, I'm not getting any younger, but I gotta tell you, I got a wild streak in me. Still love to hunt 'em, I do.	꽤 잘 모아왔군. 내가 직접 구하는 수고를 좀 덜겠어. 알다시피 나도 점점 늙어가지만, 그래도 아직 야생 기질이 남아 있거든. 난 아직도 그놈들 사냥하는 게 좋아.	번역완료	batch RowID 1088-1287
1191	Data/NPCData/104.EDT	22	480	"You wouldn't be trying to short-change me here, huh? Haven't got quite enough! I remember this one time, this guy, he says, ""Gabby, I haven't got enough."" And I says, ""Tough."" Hm. Funny, yeah, that was it."	나한테 돈을 덜 주려는 건 아니겠지, 응? 조금 모자라잖아! 전에 어떤 놈이 '개비, 돈이 모자라요' 그러길래 내가 '어쩌라고' 했지. 흠. 웃기네. 그래, 그랬어.	번역완료	batch RowID 1088-1287
1192	Data/NPCData/104.EDT	23	480	Right on the money, you are. Like that in a person. Precision. Not too much, not too little. Just enough. Very admirable.	딱 맞게 가져왔군. 난 그런 사람이 좋아. 정확하잖아. 많지도 적지도 않고 딱 맞아. 아주 훌륭해.	번역완료	batch RowID 1088-1287
1193	Data/NPCData/104.EDT	24	480	That's a good deal then, and you got some coming back to you, too.	좋은 거래군. 자네한테 돌려줄 돈도 조금 있고.	번역완료	batch RowID 1088-1287
1194	Data/NPCData/104.EDT	25	480	Well, you keep Gabby in mind for things, you know, things. Listen, you be careful out there.	그래, 뭔가 생기면 개비를 기억해둬. 알지, 그런 것들. 그리고 말이야, 밖에선 조심해.	번역완료	batch RowID 1088-1287
1195	Data/NPCData/104.EDT	26	480	Well, it's okay, and I hope you know what you're up against. Don't stand much of a chance takin' on those Crepitus without the scent, you know. They'll eat ya alive. I hope you sleep well tonight. See you.	그래, 괜찮아. 자네가 뭘 상대하는지는 알고 있길 바라네. 그 냄새약 없이 크레피투스에게 덤벼선 승산이 별로 없어. 놈들이 산 채로 잡아먹을걸. 오늘 밤 잠 잘 자게. 또 보자고.	번역완료	batch RowID 1088-1287
1196	Data/NPCData/104.EDT	27	480	Well-la, don't be forgetting this!	글쎄, 이건 두고 가지 마!	번역완료	batch RowID 1088-1287
1197	Data/NPCData/104.EDT	28	480	Checked my coin jars and everything, but I can't buy another thing. Give me a while, and maybe I'll have a couple pennies to rub together.	동전 단지까지 다 뒤져봤는데, 이제 더 살 돈이 없어. 좀 있다 다시 와. 그때쯤이면 동전 몇 닢은 모였을지도 모르지.	번역완료	batch RowID 1088-1287
1198	Data/NPCData/104.EDT	29	480	What in tarnation is going through that head of yours?	대체 그 머릿속에 무슨 생각이 든 거야?	번역완료	batch RowID 1088-1287
1199	Data/NPCData/104.EDT	30	480	Oh, well-la, well-la, much, much better. Yeah. Perfect. Feels great. You're a lifesaver, you are.	오, 글쎄다, 글쎄. 훨씬, 훨씬 낫군. 그래. 완벽해. 기분 끝내줘. 자넨 내 생명의 은인이야.	번역완료	batch RowID 1088-1287
1200	Data/NPCData/104.EDT	31	480	Don't get to see people much. Sorta like it that way, but I do miss conversing, if you know what I mean. Haven't had the chance to sit down and have a heart-to-heart in a long while.	사람을 거의 못 보고 지내. 뭐, 그게 좋기도 하지만 대화가 그립긴 해, 무슨 말인지 알지? 앉아서 속 깊은 얘기 나눠본 지도 한참 됐어.	번역완료	batch RowID 1088-1287
1201	Data/NPCData/104.EDT	32	480	You been down under the mines? You seen them big insects? Pretty gruesome looking things, huh? But a lot of fun to kill, let me tell ya. No better feeling than having a couple of those things breathing down your pocket.	광산 아래 내려가봤나? 그 큰 벌레들 봤어? 꽤 흉측하게 생겼지? 그런데 죽이는 재미는 끝내준다니까. 놈들 두어 마리가 등 뒤에서 바짝 쫓아올 때만큼 짜릿한 것도 없어.	번역완료	batch RowID 1088-1287
1202	Data/NPCData/104.EDT	33	480	I can tell you how to get up real close to those buggers. Got my own little secret recipe. Lets you walk amongst them like you were one of 'em. Blend it myself with blood and tissue from Crepitus parts.	그놈들 바로 코앞까지 다가가는 법을 알려줄 수 있어. 나만의 비밀 제조법이 있거든. 그걸 쓰면 놈들 중 하나인 것처럼 섞여 다닐 수 있지. 크레피투스의 피와 조직을 섞어서 내가 직접 만들어.	번역완료	batch RowID 1088-1287
1203	Data/NPCData/104.EDT	34	480	Those buggers are as blind as my father. Do everything by smell. You gotta sorta watch it though, stuff wears off after a while. Always carry an extra bottle on me just to be sure.	그놈들은 우리 아버지만큼이나 눈이 멀었어. 냄새로 모든 걸 하지. 하지만 조심해야 해. 약효가 시간이 지나면 사라지거든. 난 혹시 몰라서 항상 한 병 더 들고 다녀.	번역완료	batch RowID 1088-1287
1204	Data/NPCData/104.EDT	35	480	They get pretty darn hungry if they smell humans. Mighty aggressive, too. Could sell you a couple of bottles if you're interested. I can always make more. Could even give you a couple of coins for any Crepitus parts you got.	사람 냄새를 맡으면 엄청 배고파져. 성질도 아주 사납고. 관심 있으면 몇 병 팔 수 있어. 더 만들면 되니까. 크레피투스 부위를 가져오면 몇 푼 쳐줄 수도 있고.	번역완료	batch RowID 1088-1287
1205	Data/NPCData/104.EDT	36	480	I used to take care of the Crepitus for the Queen. Me and another fellow named Ricardo, though everyone called him Rat, used to dump dead bodies down into their lair to make sure they were well-fed.	예전에 여왕 밑에서 크레피투스를 돌봤어. 나랑 리카르도라는 친구가 했는데, 다들 랫이라고 불렀지. 놈들이 배부르게 있으라고 시체를 소굴에 던져 넣곤 했어.	번역완료	batch RowID 1088-1287
1206	Data/NPCData/104.EDT	37	480	That way, they wouldn't come to the surface looking for food or bothering the miners. Used to steal the baby larvae, too, and burn 'em to keep the population down. I hated working for her...	그래야 먹이를 찾아 지상으로 올라오거나 광부들을 괴롭히지 않았거든. 개체 수를 줄이려고 어린 유충을 훔쳐다가 태우기도 했지. 난 그 여자 밑에서 일하는 게 정말 싫었어...	번역완료	batch RowID 1088-1287
1207	Data/NPCData/104.EDT	38	480	Been hiding out here ever since I ran off... Those creatures are quite something. Got a Queen just like us. Don't know which one of 'em is meaner... or uglier.	도망친 뒤로 계속 여기 숨어 지내고 있어... 그 생물들은 참 별나. 우리처럼 여왕도 있거든. 어느 쪽 여왕이 더 못됐는지... 더 못생겼는지는 모르겠지만.	번역완료	batch RowID 1088-1287
1208	Data/NPCData/104.EDT	39	480	But it's the females you gotta watch out for. Crazy and aggressive, they are. They're the hunters and guards. And when they go into a frenzy, look out. I hate when that happens.	하지만 조심해야 할 건 암컷이야. 미친 데다 공격적이지. 사냥과 경비는 암컷들이 맡아. 놈들이 광란에 빠지면 정말 조심해야 해. 난 그게 제일 싫더라고.	번역완료	batch RowID 1088-1287
1209	Data/NPCData/104.EDT	40	480	You can tell 'em apart by their color. Females are reddish brown, and the males are green. The really bright ones are adults. The others are adolescents. Not quite as strong, but still a good fight.	색깔로 구분할 수 있어. 암컷은 적갈색이고 수컷은 초록색이야. 아주 밝은 놈들이 성체고, 나머지는 아직 어린 놈들이지. 힘은 좀 약해도 싸울 맛은 나.	번역완료	batch RowID 1088-1287
1210	Data/NPCData/104.EDT	41	480	You ever find yourself in trouble, you have to get around back of 'em. The Crepitus have their life organ right at the base of their rear. You hit that, and it smarts 'em good. Real good!	곤란해지면 놈들 뒤로 돌아가야 해. 크레피투스의 생명기관은 엉덩이 밑동에 있거든. 거길 때리면 제대로 아파하지. 아주 제대로!	번역완료	batch RowID 1088-1287
1211	Data/NPCData/104.EDT	42	480	So, you met Rat, and he told you about my special creature concoction that lets you walk amongst those buggers unnoticed. Make it myself, you know, from the blood and tissue of Crepitus parts.	그래, 랫을 만났고 그 친구가 놈들 눈에 띄지 않고 섞여 다니게 해주는 내 특별한 약 얘기를 해줬군. 크레피투스 부위에서 나온 피와 조직으로 내가 직접 만들지.	번역완료	batch RowID 1088-1287
1212	Data/NPCData/104.EDT	43	480	I suppose Rat told ya, I used to work for the Queen. Didn't have much choice really. He and I used to feed the Crepitus the bodies of the dead. Queen wanted 'em well-fed, so they wouldn't leave their lair and eat her miners.	랫이 말했겠지만, 난 예전에 여왕 밑에서 일했어. 선택의 여지가 별로 없었지. 나와 랫은 죽은 사람의 시체를 크레피투스 먹이로 줬어. 여왕은 놈들이 소굴 밖으로 나와 광부들을 잡아먹지 않도록 배불리 먹여두길 원했거든.	번역완료	batch RowID 1088-1287
1213	Data/NPCData/104.EDT	44	480	I'm not quite sure how them buggers came into being. Word was the Queen had some DNA scientists do some experiments, and then shot every last one of them when she saw what they had created.	그놈들이 어떻게 생겨났는지는 나도 확실히 몰라. 소문으로는 여왕이 DNA 과학자들에게 실험을 시켰고, 그들이 만든 걸 본 뒤 과학자들을 모조리 쏴 죽였다고 하더군.	번역완료	batch RowID 1088-1287
1214	Data/NPCData/104.EDT	45	480	Course, I also had a couple of people tell me that the Queen was pouring toxic waste into the mines, and she managed to create a whole new species of insect. Doubt anyone knows the real truth, except the Queen.	물론 여왕이 광산에 독성 폐기물을 쏟아부어서 완전히 새로운 곤충 종을 만들어냈다는 얘기도 들었어. 진실은 여왕 말고는 아무도 모르겠지.	번역완료	batch RowID 1088-1287
1215	Data/NPCData/104.EDT	46	480	And she ain't likely to tell anyone.	그리고 그 여자가 누구한테 말해줄 리도 없고.	번역완료	batch RowID 1088-1287
1216	Data/NPCData/104.EDT	47	480	It's every man for himself!	각자 알아서 살아남아!	번역완료	batch RowID 1088-1287
1217	Data/NPCData/104.EDT	48	480				
1218	Data/NPCData/105.EDT	1	480	Well, jolly good! We've got company! How I'm supposed to get any bloody work done is beyond me.	이런, 아주 잘됐군! 손님까지 오셨네! 이래서야 빌어먹을 일을 어떻게 끝내라는 건지 모르겠군.	번역완료	batch RowID 1088-1287
1219	Data/NPCData/105.EDT	2	480	Again. What a pleasure.	또 왔군요. 참 반갑기도 하네요.	번역완료	batch RowID 1088-1287
1220	Data/NPCData/105.EDT	3	480	Look, I have lots of work to complete, and it doesn't pay to lose my concentration at your every whim.	이봐요, 난 끝내야 할 일이 산더미입니다. 당신 변덕에 매번 집중을 끊고 있을 순 없어요.	번역완료	batch RowID 1088-1287
1221	Data/NPCData/105.EDT	4	480	I don't presume to understand it at all, this war. But, I've got a job to do, and these interruptions aren't helping matters any.	이 전쟁을 내가 이해한다고 나설 생각은 없습니다. 하지만 난 해야 할 일이 있고, 이런 방해는 전혀 도움이 안 됩니다.	번역완료	batch RowID 1088-1287
1222	Data/NPCData/105.EDT	5	480	Goodness, no.	세상에, 싫습니다.	번역완료	batch RowID 1088-1287
1223	Data/NPCData/105.EDT	6	480	These intrusions are unacceptable.	이런 난입은 용납할 수 없습니다.	번역완료	batch RowID 1088-1287
1224	Data/NPCData/105.EDT	7	480	Be bloody careful now! There are compounds here that are, how shall I say, sensitive. It wouldn't bode well for ANY of us to be excitable in their presence. I hope I make myself clear.	빌어먹을, 조심 좀 하시오! 여기엔, 뭐라고 해야 하나, 아주 민감한 화합물들이 있습니다. 그 앞에서 우리 중 누구라도 흥분했다간 좋은 꼴 못 봐요. 알아들었길 바랍니다.	번역완료	batch RowID 1088-1287
1225	Data/NPCData/105.EDT	8	480	No thanks. I am already doing my part.	아뇨, 됐습니다. 난 이미 내 몫을 하고 있어요.	번역완료	batch RowID 1088-1287
1226	Data/NPCData/105.EDT	9	480	Oh, bloody hell...	오, 빌어먹을...	번역완료	batch RowID 1088-1287
1227	Data/NPCData/105.EDT	10	480	I can't waste more bloody time yapping it up with you.	당신과 잡담하느라 더 이상 빌어먹을 시간을 낭비할 순 없습니다.	번역완료	batch RowID 1088-1287
1228	Data/NPCData/105.EDT	11	480	Kind of you.	친절하시군요.	번역완료	batch RowID 1088-1287
1229	Data/NPCData/105.EDT	12	480	You bloody wanker!	이 빌어먹을 머저리!	번역완료	batch RowID 1088-1287
1230	Data/NPCData/105.EDT	13	480	What the bloody hell is going on here?	대체 여기서 무슨 빌어먹을 일이 벌어지는 겁니까?	번역완료	batch RowID 1088-1287
1231	Data/NPCData/105.EDT	14	480	Uh, very well then, thank you.	어, 좋습니다. 고맙군요.	번역완료	batch RowID 1088-1287
1232	Data/NPCData/105.EDT	15	480	Listen here. I don't have time for this.	잘 들어요. 난 이럴 시간 없습니다.	번역완료	batch RowID 1088-1287
1233	Data/NPCData/105.EDT	16	480	Good Lord man! Look, I became the head scientist by diligent work, not by talking to people. Now, if you'll let me get back to my research. Thank you.	맙소사, 이 사람아! 난 사람들과 떠들어서 수석 과학자가 된 게 아니라 성실하게 연구해서 된 겁니다. 이제 연구로 돌아가게 좀 내버려두시죠. 고맙습니다.	번역완료	batch RowID 1088-1287
1234	Data/NPCData/105.EDT	17	480	Oh, shut the bloody hell up! Good Lord man, I could kill you with any number of compounds. Now let me be.	아, 빌어먹을 입 좀 닥쳐요! 맙소사, 여기 있는 화합물 몇 가지만으로도 당신을 죽일 수 있어요. 이제 날 좀 내버려둬요.	번역완료	batch RowID 1088-1287
1235	Data/NPCData/105.EDT	18	480	"Bloody hell! Do tell me, when I relate the story of this conversation to friends back home, would you prefer I call you ""annoying"" or ""crazy""? Now, get away from me."	빌어먹을! 하나만 묻죠. 나중에 고향 친구들에게 이 대화를 이야기할 때 당신을 '성가신 인간'이라고 부르는 게 좋겠습니까, '미친 인간'이라고 부르는 게 좋겠습니까? 이제 저리 가요.	번역완료	batch RowID 1088-1287
1236	Data/NPCData/105.EDT	19	480	Bloody hell! That's it. I can't work under these conditions! She promised security, secrecy, and a workplace free of interruption. Right! Well, I am NOT giving my life for her promises.	빌어먹을, 됐어. 이런 환경에선 일 못 해! 그 여자는 안전, 비밀 보장, 방해 없는 작업 환경을 약속했어. 그래, 잘도 지켰군! 난 그 약속 때문에 목숨까지 바칠 생각 없어.	번역완료	batch RowID 1088-1287
1237	Data/NPCData/105.EDT	20	480	You want her bloody weapons? Go ahead and take them, then! Just leave me out of it. I'm no less a hired gun than you! Follow me, I'll show you where they are. Then, leave me be!	그 여자의 빌어먹을 무기가 필요하다고? 그럼 가져가! 대신 난 빼줘. 나도 당신들 못지않게 돈 받고 일하는 사람이야! 따라와. 어디 있는지 보여주지. 그다음엔 날 내버려둬!	번역완료	batch RowID 1088-1287
1238	Data/NPCData/105.EDT	21	480	You'll find what you want in those crates.	원하는 건 저 상자들 안에 있습니다.	번역완료	batch RowID 1088-1287
1239	Data/NPCData/105.EDT	22	480	Have it your way. I don't have anything more for Christ's sakes.	맘대로 하세요. 젠장, 더 줄 것도 없습니다.	번역완료	batch RowID 1088-1287
1240	Data/NPCData/105.EDT	23	480	How can I put this lightly. I'm not a part of this any more than you feel you are. We're just on different sides, but it's all about money, isn't it. Now, I've given you what you've come for. Leave me this small dignity.	기분 상하지 않게 말해보죠. 나도 당신들이 스스로 생각하는 것만큼 이 일의 일부가 아닙니다. 우린 그냥 서로 다른 편에 있을 뿐이고, 결국 다 돈 때문 아닙니까. 자, 당신들이 원한 건 줬습니다. 이 정도 체면은 지켜주십시오.	번역완료	batch RowID 1088-1287
1241	Data/NPCData/106.EDT	1	480	Well, hello there. Fred Morris, head miner here. Pleasure to meet you.	아, 안녕하세요. 프레드 모리스입니다. 여기 광산 책임자죠. 만나서 반갑습니다.	번역완료	batch RowID 1088-1287
1242	Data/NPCData/106.EDT	2	480	Nice to see a friendly face.	우호적인 얼굴을 보니 반갑군요.	번역완료	batch RowID 1088-1287
1243	Data/NPCData/106.EDT	3	480	This weather, the war, you name it - it's all El Nino, I'm telling you. Making people kinda crazy, it is.	날씨든 전쟁이든 뭐든, 다 엘니뇨 때문이라니까요. 사람들을 좀 미치게 만든다니까.	번역완료	batch RowID 1088-1287
1244	Data/NPCData/106.EDT	4	480	I think all you outsiders are getting the wrong impression of the country. Been here all my life, and it wasn't always like this.	외지인들이 이 나라를 잘못 보고 있는 것 같아요. 난 평생 여기 살았는데, 예전부터 이렇진 않았습니다.	번역완료	batch RowID 1088-1287
1245	Data/NPCData/106.EDT	5	480	You probably need it more than I do.	아마 나보다 당신들이 더 필요할 겁니다.	번역완료	batch RowID 1088-1287
1246	Data/NPCData/106.EDT	6	480	Word's gotten around about you. Not all bad, nor all good.	당신들 소문은 이미 퍼졌어요. 좋은 얘기만 있는 것도, 나쁜 얘기만 있는 것도 아니고.	번역완료	batch RowID 1088-1287
1247	Data/NPCData/106.EDT	7	480	I understand you're under a lot of stress, but that's really no way to talk to somebody.	스트레스가 심한 건 이해하지만, 사람한테 그런 식으로 말하는 건 아니죠.	번역완료	batch RowID 1088-1287
1248	Data/NPCData/106.EDT	8	480	Oh, no thanks. I got all I can handle right here.	아뇨, 괜찮습니다. 난 여기 일만으로도 벅차요.	번역완료	batch RowID 1088-1287
1249	Data/NPCData/106.EDT	9	480	Get me a doctor?	의사 좀 불러줄 수 있습니까?	번역완료	batch RowID 1088-1287
1250	Data/NPCData/106.EDT	10	480	Well, I expect you have things to do, so I won't keep you.	당신들도 할 일이 있겠죠. 더 붙잡진 않겠습니다.	번역완료	batch RowID 1088-1287
1251	Data/NPCData/106.EDT	11	480	Yeah, that did the trick.	그래, 그게 효과가 있었군요.	번역완료	batch RowID 1088-1287
1252	Data/NPCData/106.EDT	12	480	I don't understand!	이해가 안 돼요!	번역완료	batch RowID 1088-1287
1253	Data/NPCData/106.EDT	13	480	I was hoping I'd get to meet you. I knew when I did that me and my men would be finally liberated from the clutches of that slave driving... dictator! The Queen's in a class by herself when it comes to cruelty.	당신들을 꼭 만나고 싶었습니다. 만나기만 하면 나와 광부들이 드디어 그 노예처럼 부려먹는... 독재자의 손아귀에서 벗어날 수 있을 거라 생각했죠! 잔혹함만큼은 여왕을 따라올 사람이 없습니다.	번역완료	batch RowID 1088-1287
1254	Data/NPCData/106.EDT	14	480	To show my appreciation, I'm prepared to continue mining and turn the proceeds over to you. I'll gather the men I can, and the ore we dig is yours. You have to understand, though, a lot of the men are scared.	감사의 뜻으로 계속 채굴해서 수익을 당신들에게 넘기겠습니다. 가능한 사람들을 모아서, 우리가 캐는 광석은 전부 당신들 몫으로 하죠. 다만 이해해주셔야 합니다. 겁먹은 사람들이 많아요.	번역완료	batch RowID 1088-1287
1255	Data/NPCData/106.EDT	15	480	Scared the Queen will return to punish them... I won't be able to convince all of them. That will be up to you. They need to know you're for real. That you're here to stay.	여왕이 돌아와 보복할까 두려운 겁니다... 모두를 설득하진 못할 겁니다. 그건 당신들 몫이에요. 사람들이 당신들이 진짜라는 걸, 쉽게 떠나지 않을 거라는 걸 알아야 합니다.	번역완료	batch RowID 1088-1287
1256	Data/NPCData/106.EDT	16	480	If Deidranna does take back this town, the people will work for her like nothing happened. It's what they know. It's how they stay alive. You mustn't hold it against any one of us.	데이드라나가 이 도시를 되찾으면 사람들은 아무 일도 없었던 것처럼 다시 그 여자를 위해 일할 겁니다. 그게 이들이 아는 방식이고, 살아남는 방식이죠. 우리 누구도 그 일로 탓하지 말아주십시오.	번역완료	batch RowID 1088-1287
1257	Data/NPCData/106.EDT	17	480	I'm sure you'll find the same attitude amongst the other mine foremen and their workers. Heck! This whole country is hopeful, but we will remain cautious out of fear.	다른 광산 감독들과 광부들도 비슷할 겁니다. 젠장, 이 나라는 모두 희망을 품고 있지만 두려움 때문에 계속 조심할 수밖에 없어요.	번역완료	batch RowID 1088-1287
1258	Data/NPCData/106.EDT	18	480	I have some alarming news. It appears we're nearing the end of the ore deposit. Could be a matter of days before production starts to drop-off, then a couple more days before the mine is closed altogether.	걱정스러운 소식이 있습니다. 광맥이 거의 바닥난 것 같습니다. 며칠 안에 생산량이 떨어지기 시작하고, 또 며칠 지나면 광산을 완전히 닫아야 할 수도 있어요.	번역완료	batch RowID 1088-1287
1259	Data/NPCData/106.EDT	19	480	Unfortunately, I had to close the mine. A couple of my men say they spotted huge, hideous bugs down there. I don't know how true it is, but I can't allow anyone to work until I'm sure it's safe.	유감이지만 광산을 폐쇄해야 했습니다. 광부 몇 명이 아래에서 거대하고 흉측한 벌레를 봤다고 해요. 얼마나 사실인진 모르지만, 안전하다고 확신할 때까지는 누구도 일하게 할 수 없습니다.	번역완료	batch RowID 1088-1287
1260	Data/NPCData/106.EDT	20	480	Thank God! Thought you'd never be back. My men have been through an extremely rough time. I hope you'll make every effort to prevent that from happening again.	하느님 감사합니다! 다시 안 오는 줄 알았습니다. 내 광부들이 정말 힘든 시간을 보냈어요. 다시는 이런 일이 없도록 최선을 다해주시길 바랍니다.	번역완료	batch RowID 1088-1287
1261	Data/NPCData/106.EDT	21	480	I'll make time for you, once you inflict some peace on the area.	이 주변을 좀 잠잠하게 만들어주면 그때 시간을 내드리죠.	번역완료	batch RowID 1088-1287
1262	Data/NPCData/106.EDT	22	480	You're turning out to be the answer to all our prayers.	당신들이야말로 우리 기도에 대한 응답인 것 같군요.	번역완료	batch RowID 1088-1287
1263	Data/NPCData/106.EDT	23	480	Thought you might want to be brought up-to-speed. The mine is currently running at full capacity. My men are behind you one hundred percent.	상황을 알려드려야 할 것 같군요. 광산은 현재 최대 가동 중입니다. 내 광부들도 백 퍼센트 당신들 편이에요.	번역완료	batch RowID 1088-1287
1264	Data/NPCData/106.EDT	24	480	Things could be going better. I'm still having problems recruiting workers. Hate to say it, but the people around here lack confidence in your ability to win this thing.	사정이 좀 더 좋았으면 좋겠군요. 아직도 광부를 모으는 데 애를 먹고 있습니다. 이런 말은 하기 싫지만, 이곳 사람들은 당신들이 이 전쟁에서 이길 수 있을지 확신하지 못해요.	번역완료	batch RowID 1088-1287
1265	Data/NPCData/106.EDT	25	480	Kind of quiet around here since the mine's been closed. It's too bad the lode went dry. I must say, I miss the responsibility the job gave me. You know, I personally carried the last nugget out...	광산이 닫힌 뒤로 이곳이 꽤 조용해졌어요. 광맥이 말라버린 게 아쉽습니다. 솔직히 말하면, 이 일이 주던 책임감이 그립군요. 마지막 금덩이는 제가 직접 들고 나왔습니다...	번역완료	batch RowID 1088-1287
1266	Data/NPCData/106.EDT	26	480	There are probably others who need it more.	아마 나보다 더 필요한 사람이 있을 겁니다.	번역완료	batch RowID 1088-1287
1267	Data/NPCData/106.EDT	27	480	We've had another incident with those creatures. I had to shut down the mine again.	그 생물들 때문에 또 사고가 났습니다. 광산을 다시 닫아야 했어요.	번역완료	batch RowID 1088-1287
1268	Data/NPCData/106.EDT	28	480	Looks like everything's okay. I got the men to come back to work, too. Have to say, though, if I so much as suspect one of those creature things again, I'm stopping everything.	이제는 괜찮아 보입니다. 광부들도 다시 일하러 오게 했어요. 하지만 그 생물들이 다시 나타났다는 낌새만 보여도 곧바로 모든 작업을 중단할 겁니다.	번역완료	batch RowID 1088-1287
1269	Data/NPCData/107.EDT	1	480	Welcome to the Shady Lady. I am Madame Layla, your hostess...	셰이디 레이디에 오신 걸 환영합니다. 저는 이곳의 마담, 레일라예요...	번역완료	batch RowID 1088-1287
1270	Data/NPCData/107.EDT	2	480	It is with pleasure that I welcome you again.	다시 모시게 되어 기쁘군요.	번역완료	batch RowID 1088-1287
1271	Data/NPCData/107.EDT	3	480	I'm flattered, but I haven't worked in a long time.	과찬이시네요. 하지만 전 직접 일한 지 오래됐답니다.	번역완료	batch RowID 1088-1287
1272	Data/NPCData/107.EDT	4	480	There's no need to be concerned. Mr. Klaus insists all the girls pass medical examinations. He, himself, personally witnesses these physicals to ensure their thoroughness.	걱정하실 필요 없어요. 클라우스 씨는 모든 아가씨가 건강검진을 받도록 하고 있죠. 검사가 철저한지 확인하려고 직접 검진을 지켜보기까지 한답니다.	번역완료	batch RowID 1088-1287
1273	Data/NPCData/107.EDT	5	480	I only accept cash. Perhaps someone else would be prepared to give you money for it.	전 현금만 받습니다. 그 물건은 다른 누군가가 돈을 주고 사줄지도 모르겠군요.	번역완료	batch RowID 1088-1287
1274	Data/NPCData/107.EDT	6	480	My regrets, but all prices are as stated.	유감이지만 가격은 모두 적혀 있는 그대로예요.	번역완료	batch RowID 1088-1287
1275	Data/NPCData/107.EDT	7	480	I try to run a nice, quiet, civil place. I would appreciate your cooperation.	전 이곳을 품위 있고 조용하게 운영하려고 해요. 협조해주시면 감사하겠군요.	번역완료	batch RowID 1088-1287
1276	Data/NPCData/107.EDT	8	480	Do you have any idea how many offers like that the girls and I get each day?	나와 아가씨들이 하루에 그런 제안을 얼마나 많이 받는지 아시나요?	번역완료	batch RowID 1088-1287
1277	Data/NPCData/107.EDT	9	480	Oh...ay... I never realized it could hurt this much... I can't recall any of my... eight births being this bad.	아... 아야... 이렇게 아플 줄은 몰랐어... 내... 여덟 번의 출산도 이렇게 아팠던 기억은 없는데.	번역완료	batch RowID 1088-1287
1278	Data/NPCData/107.EDT	10	480	You'll have to excuse me... I need to check on things.	실례하겠어요... 이것저것 확인할 게 있어서요.	번역완료	batch RowID 1088-1287
1279	Data/NPCData/107.EDT	11	480	I always appreciate someone who knows what they want.	자기가 뭘 원하는지 아는 손님은 언제나 환영이죠.	번역완료	batch RowID 1088-1287
1280	Data/NPCData/107.EDT	12	480	You are not welcome here. Leave now, or deal with the consequences.	여기선 환영받지 못해요. 지금 나가세요. 아니면 그 결과를 감당하시든가.	번역완료	batch RowID 1088-1287
1281	Data/NPCData/107.EDT	13	480	Just you wait until Kingpin hears about this.	킹핀이 이 일을 알게 될 때까지 기다려봐요.	번역완료	batch RowID 1088-1287
1282	Data/NPCData/107.EDT	14	480	This is a classy place. No more than two men per girl.	여긴 품위 있는 곳이에요. 아가씨 한 명당 남자는 둘까지만 받습니다.	번역완료	batch RowID 1088-1287
1283	Data/NPCData/107.EDT	15	480	We don't cater to your type of needs, dear. Though there's a woman named Brenda Drake that might be interested. You'll probably find her browsing at the adult store.	손님 같은 취향은 저희가 상대하지 않아요, 자기. 그래도 브렌다 드레이크라는 여자라면 관심 있을지도 모르겠네요. 아마 성인용품점에서 구경하고 있을 거예요.	번역완료	batch RowID 1088-1287
1284	Data/NPCData/107.EDT	16	480	What is it you think you're doing? No one sees my girls without going through me first. You haven't fallen in love have you?	대체 지금 뭐 하는 거죠? 내 아가씨들을 만나려면 먼저 나를 거쳐야 해요. 설마 사랑에 빠진 건 아니겠죠?	번역완료	batch RowID 1088-1287
1285	Data/NPCData/107.EDT	17	480	It's time to leave. My girls need to get some sleep.	이제 나가실 시간이에요. 우리 아가씨들도 잠을 자야 하니까.	번역완료	batch RowID 1088-1287
1286	Data/NPCData/107.EDT	18	480	I'm sure you will find something or, rather, someone here that will catch your fancy. My girls were all chosen with creating a wide selection in mind.	여기서 마음에 드는 물건을... 아니, 사람을 하나쯤은 분명 찾으실 수 있을 거예요. 선택의 폭을 넓히려고 여러 유형의 아가씨들을 골라뒀답니다.	번역완료	batch RowID 1088-1287
1287	Data/NPCData/107.EDT	19	480	I'm afraid I don't recall who you were interested in last time. Do you have a favorite, or are you looking to expand your horizons?	지난번 누구에게 관심을 보이셨는지 기억이 안 나는군요. 특별히 좋아하는 아가씨가 있나요, 아니면 새로운 취향을 탐색해보실 건가요?	번역완료	batch RowID 1088-1287
1288	Data/NPCData/107.EDT	20	480	Ask her about our full service, full-body massage. It is, by far, our most popular package.	그녀에게 저희의 풀서비스 전신 마사지를 물어보세요. 단연 가장 인기 있는 상품이랍니다.	번역완료	batch RowID 1288-1487
1289	Data/NPCData/107.EDT	21	480	Carla would be ideal. She's my most experienced. You could visit with her for 100 dollars per person. Naturally, she's not my most youthful girl.	카를라가 딱 좋겠군요. 우리 아가씨들 중 가장 경험이 많죠. 1인당 100달러에 만나실 수 있어요. 물론 가장 어린 아가씨는 아니지만요.	번역완료	batch RowID 1288-1487
1290	Data/NPCData/107.EDT	22	480	Very good. You'll find Carla at the end of the hallway in the last room on your left. The door should be open.	좋습니다. 카를라는 복도 끝 왼쪽 마지막 방에 있어요. 문은 열려 있을 겁니다.	번역완료	batch RowID 1288-1487
1291	Data/NPCData/107.EDT	23	480	If you were looking for something really special, I have Cindy. She's five hundred per person. But you'd have to promise to be very gentle. We celebrated her eighteenth birthday last night.	정말 특별한 걸 원하신다면 신디가 있어요. 1인당 500달러죠. 다만 아주 부드럽게 대해주겠다고 약속하셔야 해요. 어젯밤에 열여덟 번째 생일을 축하했거든요.	번역완료	batch RowID 1288-1487
1292	Data/NPCData/107.EDT	24	480	Cindy is in room four. That would be the third door on your right. It should be open.	신디는 4번 방에 있어요. 오른쪽 세 번째 문입니다. 열려 있을 거예요.	번역완료	batch RowID 1288-1487
1293	Data/NPCData/107.EDT	25	480	May I suggest Bambi for something really different. Mr. Klaus calls her a freak of nature. At 300 dollars apiece, she's someone that you'll be talking about for a long, long time.	아주 색다른 경험을 원하신다면 밤비를 추천하죠. 클라우스 씨는 그 애를 자연의 돌연변이라고 부른답니다. 1인당 300달러. 오랫동안 이야기거리가 될 만한 아가씨예요.	번역완료	batch RowID 1288-1487
1294	Data/NPCData/107.EDT	26	480	You'll find Bambi waiting for you at the end of the hall, last door on your right.	밤비는 복도 끝 오른쪽 마지막 방에서 기다리고 있을 거예요.	번역완료	batch RowID 1288-1487
1295	Data/NPCData/107.EDT	27	480	Only people who have paid me for a girl's time are allowed back there.	아가씨와 시간을 보내는 대가를 제게 지불한 손님만 안쪽으로 들어갈 수 있어요.	번역완료	batch RowID 1288-1487
1296	Data/NPCData/107.EDT	28	480	You know what to do, Billy.	빌리, 어떻게 해야 할지 알지.	번역완료	batch RowID 1288-1487
1297	Data/NPCData/107.EDT	29	480	Maria is one of our newer girls. She's four hundred dollars a head. A little shy, likes to pretend she doesn't like it. Her room is at the end of the hall. You can be forceful if you like. She likes that, too.	마리아는 새로 들어온 아가씨 중 하나예요. 1인당 400달러죠. 조금 수줍음이 많아서 싫은 척하는 걸 좋아해요. 방은 복도 끝에 있어요. 원하시면 좀 거칠게 대해도 돼요. 그것도 좋아하거든요.	번역완료	batch RowID 1288-1487
1298	Data/NPCData/107.EDT	30	480	Fine. Oh... and by the way, ignore her screaming if it doesn't do anything for you. It's all part of Maria's role-playing side.	좋아요. 아, 그리고 말인데, 비명이 신경 쓰이지 않는다면 그냥 무시하세요. 전부 마리아가 즐기는 역할극의 일부니까요.	번역완료	batch RowID 1288-1487
1299	Data/NPCData/107.EDT	31	480	Can I interest anyone else?	다른 아가씨도 소개해드릴까요?	번역완료	batch RowID 1288-1487
1300	Data/NPCData/107.EDT	32	480	Didn't I tell you about our no-girl policy? Oh, well. Maybe she won't say anything. It's probably a good time to think about expanding the business anyway.	여자는 받지 않는다는 방침을 말씀 안 드렸던가요? 뭐, 됐어요. 입 다물어주겠죠. 어차피 사업을 좀 확장해볼 때가 된 것 같기도 하고.	번역완료	batch RowID 1288-1487
1301	Data/NPCData/107.EDT	33	480	That's okay, there will be other occasions. You'll come around. Everyone does.	괜찮아요. 다음 기회가 또 있을 테니까요. 결국 마음이 바뀌실 거예요. 다들 그러거든요.	번역완료	batch RowID 1288-1487
1302	Data/NPCData/107.EDT	34	480	I'll need to be paid in advance. That's how we do things around here.	선불로 받겠습니다. 이곳은 원래 그렇게 해요.	번역완료	batch RowID 1288-1487
1303	Data/NPCData/107.EDT	35	480	Have you had a change of heart?	마음이 바뀌셨나요?	번역완료	batch RowID 1288-1487
1304	Data/NPCData/107.EDT	36	480	The two of you may go now.	두 분은 이제 가셔도 됩니다.	번역완료	batch RowID 1288-1487
1305	Data/NPCData/107.EDT	37	480	I don't understand, or perhaps you didn't. The amount is per customer, and there's a two client maximum per girl.	제가 잘못 이해한 건지, 손님이 잘못 이해한 건지 모르겠군요. 금액은 1인당이고, 아가씨 한 명당 손님은 최대 두 명까지예요.	번역완료	batch RowID 1288-1487
1306	Data/NPCData/107.EDT	38	480	All my girls are busy right now. You can come back later, or you can wait if you like. Probably just be a couple minutes. Most men don't take very long.	지금은 아가씨들이 모두 손님을 받고 있어요. 나중에 다시 오셔도 되고, 원하시면 기다리셔도 돼요. 아마 몇 분이면 될 겁니다. 대부분 남자들은 오래 걸리지 않거든요.	번역완료	batch RowID 1288-1487
1307	Data/NPCData/107.EDT	39	480	Yes, as a matter of fact, things have quieted down.	네, 사실 지금은 좀 조용해졌어요.	번역완료	batch RowID 1288-1487
1308	Data/NPCData/107.EDT	40	480	I can't take that. I'm not sure who you want. Let me tell you who's available...	그 돈은 받을 수 없어요. 누구를 원하시는지 모르겠거든요. 지금 가능한 아가씨들을 말씀드리죠...	번역완료	batch RowID 1288-1487
1309	Data/NPCData/107.EDT	41	480	Carla, I believe, is free. She's a hundred dollars.	카를라는 아마 시간이 될 거예요. 100달러입니다.	번역완료	batch RowID 1288-1487
1310	Data/NPCData/107.EDT	42	480	There's Cindy at five hundred dollars.	신디는 500달러예요.	번역완료	batch RowID 1288-1487
1311	Data/NPCData/107.EDT	43	480	There's Bambi, who's simply waiting for someone with three hundred dollars and the need for some loving.	밤비도 있죠. 사랑이 필요한 누군가가 300달러를 들고 오기만 기다리고 있어요.	번역완료	batch RowID 1288-1487
1312	Data/NPCData/107.EDT	44	480	If two of you would like to split a room, just double up the amount.	두 분이 한 방을 같이 쓰고 싶으시면 금액을 두 배로 내시면 돼요.	번역완료	batch RowID 1288-1487
1313	Data/NPCData/107.EDT	45	480	We have Maria, who's not for everyone, but well worth the four hundred dollars if you like the resistant type.	마리아도 있어요. 누구에게나 맞는 타입은 아니지만, 저항하는 스타일을 좋아한다면 400달러가 아깝지 않을 거예요.	번역완료	batch RowID 1288-1487
1314	Data/NPCData/107.EDT	46	480	I'm not having a good day. Somebody kidnapped one of my girls. Poor Maria, I get goosebumps just thinking about what they might be doing to her.	오늘은 정말 최악이에요. 누가 내 아가씨 하나를 납치했어요. 불쌍한 마리아... 지금 무슨 일을 당하고 있을지 생각만 해도 소름이 돋아요.	번역완료	batch RowID 1288-1487
1315	Data/NPCData/107.EDT	47	480	I'd rather live than deal with you! Take care of this mess first!	당신들 상대하다 죽느니 차라리 살겠어요! 먼저 이 난장판부터 해결하세요!	번역완료	batch RowID 1288-1487
1316	Data/NPCData/108.EDT	1	480	Welcome. I am Yanni, caretaker and abiding servant to the temple of Chitzena.	어서 오십시오. 저는 야니. 치트제나 사원을 돌보며 평생을 섬겨온 사람입니다.	번역완료	batch RowID 1288-1487
1317	Data/NPCData/108.EDT	2	480	You have returned...	돌아오셨군요...	번역완료	batch RowID 1288-1487
1318	Data/NPCData/108.EDT	3	480	Chitzena represents the humble beginnings of our country. Amongst these ruins lie thousands of years of our history.	치트제나는 우리 나라의 소박한 시작을 상징합니다. 이 폐허 곳곳에 수천 년의 역사가 잠들어 있지요.	번역완료	batch RowID 1288-1487
1319	Data/NPCData/108.EDT	4	480	It is tragic that Arulco finds itself in such a predicament.	아룰코가 이토록 곤경에 빠진 것은 참으로 비극입니다.	번역완료	batch RowID 1288-1487
1320	Data/NPCData/108.EDT	5	480	I have no purpose for that.	제게는 그 물건이 필요 없습니다.	번역완료	batch RowID 1288-1487
1321	Data/NPCData/108.EDT	6	480	Ten years ago, you would not even be able to get near the ruins. The crowds would form as far away as Cambria.	10년 전만 해도 이 폐허 근처에는 다가오지도 못했을 겁니다. 인파가 캄브리아까지 이어질 정도였지요.	번역완료	batch RowID 1288-1487
1322	Data/NPCData/108.EDT	7	480	This is a peaceful corner of our country. There is no need for violence or anger.	이곳은 우리 나라의 평화로운 한 귀퉁이입니다. 폭력이나 분노는 필요 없습니다.	번역완료	batch RowID 1288-1487
1323	Data/NPCData/108.EDT	8	480	I have vowed to remain in Chitzena until my death. I shall fulfill my obligation.	저는 죽는 날까지 치트제나에 남겠다고 맹세했습니다. 그 의무를 다할 것입니다.	번역완료	batch RowID 1288-1487
1324	Data/NPCData/108.EDT	9	480	I... must get to Cambria... for treatment.	저는... 치료를 받으러 캄브리아에... 가야 합니다.	번역완료	batch RowID 1288-1487
1325	Data/NPCData/108.EDT	10	480	I must attend to my responsibilities. I shall not be far.	제 의무를 돌봐야 합니다. 멀리 가지는 않겠습니다.	번역완료	batch RowID 1288-1487
1326	Data/NPCData/108.EDT	11	480	A donation... They are few and far between.	기부라... 이제는 정말 보기 드문 일이군요.	번역완료	batch RowID 1288-1487
1327	Data/NPCData/108.EDT	12	480	Feel free to tour the ruins. I ask that you respect the heritage and tranquility of Arulco's wonder. Please do not fire your weapons or otherwise disturb the grounds.	폐허는 자유롭게 둘러보십시오. 다만 아룰코의 이 경이로운 유산과 평온을 존중해주시길 바랍니다. 총을 쏘거나 다른 방식으로 이곳을 어지럽히지 말아주십시오.	번역완료	batch RowID 1288-1487
1328	Data/NPCData/108.EDT	13	480	You will find yourself pretty much alone. Hardly anyone comes here anymore. Once, it was the pride and joy of Arulco, a destination for families on weekend outings and tourists from around the world.	거의 혼자 둘러보시게 될 겁니다. 이제는 이곳을 찾는 사람이 거의 없으니까요. 한때는 아룰코의 자랑이자 기쁨이었고, 주말 나들이를 온 가족과 세계 각지의 관광객들이 찾는 명소였습니다.	번역완료	batch RowID 1288-1487
1329	Data/NPCData/108.EDT	14	480	Since the Golden Chalice of Chance has been removed from Chitzena, people have tired of looking at stones. It was the Chalice that drew the crowds. To touch it is to be blessed with life's fortune.	행운의 황금 성배가 치트제나에서 사라진 뒤 사람들은 돌덩이를 구경하는 데 싫증을 냈습니다. 군중을 불러모았던 건 바로 그 성배였지요. 그것을 만지면 평생의 행운을 축복받는다고 합니다.	번역완료	batch RowID 1288-1487
1330	Data/NPCData/108.EDT	15	480	Centuries old, encased with the finest jewels, it is the spiritual lifeblood of the people. It is what they hold dear. To have it once again in its rightful place would rejuvenate the well-being of the nation.	수백 년 된 그 성배는 최고급 보석으로 장식되어 있으며, 사람들의 정신적 생명줄과도 같습니다. 모두가 소중히 여기는 것이지요. 다시 제자리에 돌아온다면 나라 전체에 활력을 되찾아줄 겁니다.	번역완료	batch RowID 1288-1487
1331	Data/NPCData/108.EDT	16	480	Queen Deidranna took the Chalice years ago and placed it in the museum in Balime. At the time, she said it was for the security of this national treasure, but this is not the situation.	데이드라나 여왕은 몇 년 전 성배를 가져가 발리메의 박물관에 두었습니다. 당시에는 국보의 안전을 위해서라고 했지만, 진실은 그렇지 않습니다.	번역완료	batch RowID 1288-1487
1332	Data/NPCData/108.EDT	17	480	The Chalice is in the showcase for the enjoyment of the wealthy who live in Balime, and she did not want the peasants of the countryside to prosper from its blessing. However, it is locked up behind heavy security.	성배는 발리메에 사는 부유층의 눈요깃거리로 진열되어 있습니다. 여왕은 시골의 가난한 사람들이 그 축복으로 번영하는 것을 원하지 않았지요. 게다가 경비가 삼엄한 곳에 잠겨 있습니다.	번역완료	batch RowID 1288-1487
1333	Data/NPCData/108.EDT	18	480	She had the Chalice in Balime so the wealthy could enjoy it, and the peasants of the countryside could not prosper from its blessing. I have heard, however, that it has been stolen, and its whereabouts are unknown.	여왕은 부자들이 즐기도록 성배를 발리메에 두고, 시골의 가난한 이들이 그 축복으로 번영하지 못하게 했습니다. 하지만 듣기로는 성배가 도난당했고, 지금 어디 있는지는 아무도 모른다고 합니다.	번역완료	batch RowID 1288-1487
1334	Data/NPCData/108.EDT	19	480	Greatness would be bestowed upon the one who returns it to Chitzena. To have it here, once again, may very well unite the country.	그 성배를 치트제나로 돌려놓는 사람에게는 위대한 명예가 따를 겁니다. 성배가 다시 이곳으로 돌아온다면 나라를 하나로 묶을 수도 있겠지요.	번역완료	batch RowID 1288-1487
1335	Data/NPCData/108.EDT	20	480	You are a savage. A human without heart.	당신은 야만인이군요. 심장이 없는 인간입니다.	번역완료	batch RowID 1288-1487
1336	Data/NPCData/108.EDT	21	480	My highest appreciation. It is wonderful. I did not believe I would ever see the Golden Chalice again. The people will hear of your deed. Word travels very fast here. Your journey shall be facilitated by their gratefulness.	진심으로 감사드립니다. 정말 경이롭군요. 다시는 행운의 황금 성배를 보지 못할 줄 알았습니다. 사람들은 당신의 업적을 듣게 될 겁니다. 이곳은 소문이 아주 빨리 퍼지지요. 그들의 감사가 앞으로의 여정에도 큰 도움이 될 것입니다.	번역완료	batch RowID 1288-1487
1337	Data/NPCData/108.EDT	22	480	I cannot even think of conversing with all this fighting going on...	이렇게 싸움이 벌어지는 중에는 대화를 나눌 엄두도 나지 않는군요...	번역완료	batch RowID 1288-1487
1338	Data/NPCData/108.EDT	23	480	You have earned my appreciation.	당신은 제 감사를 받을 만한 일을 하셨습니다.	번역완료	batch RowID 1288-1487
1339	Data/NPCData/109.EDT	1	480	Hello. I'm Martha Graham.	안녕하세요. 저는 마사 그레이엄이에요.	번역완료	batch RowID 1288-1487
1340	Data/NPCData/109.EDT	2	480	Hello again.	다시 만나네요.	번역완료	batch RowID 1288-1487
1341	Data/NPCData/109.EDT	3	480	The weather has been lovely lately.	요즘 날씨가 참 좋네요.	번역완료	batch RowID 1288-1487
1342	Data/NPCData/109.EDT	4	480	Best of luck.	행운을 빌어요.	번역완료	batch RowID 1288-1487
1343	Data/NPCData/109.EDT	5	480	I wouldn't know what to do with it.	그걸 받아도 뭘 해야 할지 모르겠네요.	번역완료	batch RowID 1288-1487
1344	Data/NPCData/109.EDT	6	480	I never thought I'd see the day Deidranna was removed from power, but I'm starting to believe I may just live long enough.	데이드라나가 권좌에서 쫓겨나는 날을 보게 될 거라곤 생각도 못 했어요. 그런데 이제는 제가 그날까지 살아 있을지도 모르겠다는 생각이 드네요.	번역완료	batch RowID 1288-1487
1345	Data/NPCData/109.EDT	7	480	There's no reason to get mad at me. I have nothing to do with what's going on around here.	저한테 화낼 이유는 없잖아요. 전 여기서 벌어지는 일과 아무 상관도 없어요.	번역완료	batch RowID 1288-1487
1346	Data/NPCData/109.EDT	8	480	I'm just a housewife. I wouldn't be of any use to you.	전 그냥 가정주부예요. 당신들에게 도움이 될 만한 사람이 아니에요.	번역완료	batch RowID 1288-1487
1347	Data/NPCData/109.EDT	9	480	Help! I need... a... doctor.	도와줘요! 의사가... 필요해요...	번역완료	batch RowID 1288-1487
1348	Data/NPCData/109.EDT	10	480	I really must be going.	전 정말 가봐야겠어요.	번역완료	batch RowID 1288-1487
1349	Data/NPCData/109.EDT	11	480	Normally, I would't take money from a stranger, but we really need it. I'll see that it gets put to good use.	평소 같으면 낯선 사람에게 돈을 받지 않겠지만, 지금은 정말 필요해요. 꼭 좋은 데 쓰겠습니다.	번역완료	batch RowID 1288-1487
1350	Data/NPCData/109.EDT	12	480	You go to your room, mister. And you just wait 'til your father gets home.	너 당장 방으로 들어가, 이 녀석아. 아빠가 집에 오실 때까지 기다려.	번역완료	batch RowID 1288-1487
1351	Data/NPCData/109.EDT	13	480	That boy... He's a good kid, you know. He just has a little bit of a wild streak in him. Thank you... I'll try and keep a closer eye on him next time.	그 아이... 원래 착한 애예요. 그냥 조금 말썽꾸러기 기질이 있을 뿐이에요. 고마워요... 다음부터는 더 잘 지켜볼게요.	번역완료	batch RowID 1288-1487
1352	Data/NPCData/109.EDT	14	480	My husband works up at the hospital in Cambria. He's good friends with Doctor Willis. You mention our name if ever you need him. I'm sure he'll be of help...	남편이 캄브리아 병원에서 일해요. 윌리스 의사와 아주 친하죠. 혹시 그분 도움이 필요하면 우리 이름을 말해보세요. 분명 도와주실 거예요...	번역완료	batch RowID 1288-1487
1353	Data/NPCData/109.EDT	15	480	Joey was in San Mona, huh. Wonder what he was doing there?	조이가 산모나에 있었다고요? 거기서 뭘 하고 있었던 거지?	번역완료	batch RowID 1288-1487
1354	Data/NPCData/109.EDT	16	480	I can't thank you enough. Joey seems to be doing so much better now.	어떻게 감사드려야 할지 모르겠어요. 조이도 이제 훨씬 좋아진 것 같고요.	번역완료	batch RowID 1288-1487
1355	Data/NPCData/109.EDT	17	480	I need your help. My boy, Joey, has run away from home. He's only fifteen, and I haven't seen him in three days. I've checked with everyone. None of his friends seem to know where he is.	도와주세요. 제 아들 조이가 가출했어요. 겨우 열다섯 살인데 사흘째 못 봤어요. 아는 사람들에게 다 물어봤지만 친구들도 어디 있는지 모른대요.	번역완료	batch RowID 1288-1487
1356	Data/NPCData/109.EDT	18	480	By chance have you seen him? He has an earring in his left ear. Well...you know, they all have one these days. It really doesn't mean anything anymore...	혹시 조이를 보신 적 있나요? 왼쪽 귀에 귀걸이를 하고 있어요. 뭐... 요즘 애들은 다 하나씩 하잖아요. 이제는 별 특징도 아니지만...	번역완료	batch RowID 1288-1487
1357	Data/NPCData/109.EDT	19	480	His hair is parted in the middle. I think Joey was wearing his blue jacket, but I can't be sure. Could've had on his yellow shirt with it. He didn't pack anything, and they're missing, so he could be wearing them.	가르마는 가운데로 타고 있어요. 파란 재킷을 입고 나간 것 같긴 한데 확실하진 않아요. 노란 셔츠도 같이 입었을지 몰라요. 짐을 챙겨가진 않았는데 그 옷들이 없어졌으니 입고 있을 수도 있어요.	번역완료	batch RowID 1288-1487
1358	Data/NPCData/109.EDT	20	480	Well...maybe you could keep an eye out for him. He's probably in one of the towns. He was never much for the wilderness. Maybe Estoni? There's plenty of adventure in those junkyards.	혹시... 보게 되면 눈여겨봐주세요. 아마 어느 도시엔가 있을 거예요. 원래 야외를 좋아하는 애는 아니거든요. 에스토니일까요? 고철장에는 모험거리도 많으니까요.	번역완료	batch RowID 1288-1487
1359	Data/NPCData/109.EDT	21	480	He might have gone to the ruins in Chitzena... Or the town of Alma, nah... there's too many soldiers there. I just hope he didn't go up to San Mona. There's nothing but hookers, booze and trouble there...	치트제나 폐허로 갔을 수도 있고... 아니면 알마? 아니야, 거긴 군인이 너무 많아. 산모나로만 안 갔으면 좋겠어요. 거긴 매춘부와 술, 골칫거리밖에 없잖아요...	번역완료	batch RowID 1288-1487
1360	Data/NPCData/109.EDT	22	480	If you find him, could you please bring him back? I can't ask the army, they'd only recruit him. And the last thing I want is to see Joey working for the army and her.	찾게 되면 제발 데려와주시겠어요? 군대에는 부탁할 수 없어요. 그랬다간 애를 징집해버릴 테니까요. 조이가 군대와 그 여자를 위해 일하는 모습만은 절대 보고 싶지 않아요.	번역완료	batch RowID 1288-1487
1361	Data/NPCData/109.EDT	23	480	Have you found him yet?	아직 못 찾으셨나요?	번역완료	batch RowID 1288-1487
1362	Data/NPCData/109.EDT	24	480	I know you're really busy, and I know you've already helped me out before, but Joey is gone again. I can't find him anywhere. Could you please keep an eye out for him?	정말 바쁘신 것도 알고, 전에 이미 절 도와주신 것도 알아요. 그런데 조이가 또 사라졌어요. 어디에도 없어요. 혹시 보이면 눈여겨봐주시겠어요?	번역완료	batch RowID 1288-1487
1363	Data/NPCData/109.EDT	25	480	I don't know what's with that boy. He's been such a rebel lately.	그 애가 요즘 왜 그러는지 모르겠어요. 최근 들어 정말 반항적이 됐어요.	번역완료	batch RowID 1288-1487
1364	Data/NPCData/109.EDT	26	480	It seems like only yesterday I was changing his diapers.	어제까지만 해도 제가 기저귀를 갈아주던 것 같은데...	번역완료	batch RowID 1288-1487
1365	Data/NPCData/109.EDT	27	480	I'm worried sick. Joey always manages to find trouble.	걱정돼 죽겠어요. 조이는 언제나 말썽을 찾아다니니까요.	번역완료	batch RowID 1288-1487
1366	Data/NPCData/109.EDT	28	480	Oh, my God... Oh, my heart can't take...	세상에... 아, 내 심장이 견디질 못하겠...	번역완료	batch RowID 1288-1487
1367	Data/NPCData/109.EDT	29	480	Why? Why?	왜요? 왜?	번역완료	batch RowID 1288-1487
1368	Data/NPCData/109.EDT	30	480	I've been hoping to see you. I wanted to thank you for returning my Joey. I'm trying to keep a better eye on him... He's a bundle of energy, that boy. Maybe there's something I can do to show our appreciation...	꼭 다시 뵙고 싶었어요. 우리 조이를 데려다주셔서 감사하다는 말을 하고 싶었거든요. 이번에는 더 잘 지켜보려고 해요... 그 애는 정말 에너지가 넘쳐요. 어떻게든 감사의 뜻을 보일 방법이 있을지도 모르겠네요...	번역완료	batch RowID 1288-1487
1369	Data/NPCData/109.EDT	31	480	Thank you for your concern.	걱정해주셔서 고마워요.	번역완료	batch RowID 1288-1487
1370	Data/NPCData/109.EDT	32	480	Protect me. Please...	저를 지켜주세요. 제발...	번역완료	batch RowID 1288-1487
1371	Data/NPCData/109.EDT	33	480	I have heard that the Queen is worried. She is getting desperate and will try anything to stop you. Please be careful.	여왕이 불안해한다는 말을 들었어요. 점점 궁지에 몰려서 당신들을 막으려고 무슨 짓이든 할 거예요. 제발 조심하세요.	번역완료	batch RowID 1288-1487
1372	Data/NPCData/110.EDT	1	480	Yo.	요.	번역완료	batch RowID 1288-1487
1373	Data/NPCData/110.EDT	2	480	Still alive, ay?	아직 살아 있네, 응?	번역완료	batch RowID 1288-1487
1374	Data/NPCData/110.EDT	3	480	I come down for a vacation. So's I get a war! Da luck I got, you know? Itza bad.	난 휴가 왔는데 전쟁을 만났어! 내 운이 이렇다니까, 알겠어? 완전 꽝이야.	번역완료	batch RowID 1288-1487
1375	Data/NPCData/110.EDT	4	480	Told the old lady, I says, I'm going for a little trip, and she gets all hot under da collar! Now it's me who's hot. Itza no place for a family man, you know what I'm saying? The family. It's important.	집사람한테 말했지. 내가 잠깐 여행 좀 다녀오겠다고. 그랬더니 난리가 난 거야! 이제 열받는 건 나라고. 여긴 가정 있는 남자가 올 데가 아니야, 무슨 말인지 알지? 가족 말이야. 중요하다고.	번역완료	batch RowID 1288-1487
1376	Data/NPCData/110.EDT	5	480	No, forget about it.	아니, 됐어. 잊어버려.	번역완료	batch RowID 1288-1487
1377	Data/NPCData/110.EDT	6	480	You know, I figured there'd be more broads down here. What's a vacation without broads? I mean, who's doing my cookin' and cleanin', you know what I mean?	말이야, 여기 여자들이 좀 더 많을 줄 알았어. 여자 없는 휴가가 무슨 휴가야? 내 밥이랑 청소는 누가 해주냐고, 무슨 말인지 알겠어?	번역완료	batch RowID 1288-1487
1378	Data/NPCData/110.EDT	7	480	Just back off. You got a problem with that? Just forget about it. You sound like my old lady.	그냥 물러서. 불만 있어? 잊어버려. 꼭 우리 집사람처럼 말하네.	번역완료	batch RowID 1288-1487
1379	Data/NPCData/110.EDT	8	480	Hey, you couldn't afford me, you know what I'm saying? And, ah, I'm not into it anyway. Just forget about it.	이봐, 넌 내 몸값 감당도 못 해. 무슨 말인지 알겠어? 그리고 난 그런 일엔 관심도 없어. 그냥 잊어버려.	번역완료	batch RowID 1288-1487
1380	Data/NPCData/110.EDT	9	480	Uh, yo, get me a doctor.	어, 이봐. 의사 좀 불러줘.	번역완료	batch RowID 1288-1487
1381	Data/NPCData/110.EDT	10	480	I got better things to do.	난 더 중요한 일이 있어.	번역완료	batch RowID 1288-1487
1382	Data/NPCData/110.EDT	11	480	Hey, I owe you, you know what I'm saying? And I got connections. Wait, just forget about that.	이봐, 내가 빚진 거 알아. 무슨 말인지 알지? 나도 인맥이 좀 있고. 잠깐, 방금 말은 잊어.	번역완료	batch RowID 1288-1487
1383	Data/NPCData/110.EDT	12	480	Yous don't know who yous messin' with!	너희들 지금 누구 건드리는지 몰라!	번역완료	batch RowID 1288-1487
1384	Data/NPCData/110.EDT	13	480	Betta not be any strings attached ta dis!	이거 받고 나중에 뭘 요구하진 마!	번역완료	batch RowID 1288-1487
1385	Data/NPCData/110.EDT	14	480	What were you thinkin'! Now it's your turn to get whacked!	대체 무슨 생각이었어! 이제 네가 골로 갈 차례야!	번역완료	batch RowID 1288-1487
1386	Data/NPCData/110.EDT	15	480	Hey, yo. You settle dis little turf war before you be talking ta me.	이봐. 이 조그만 세력 싸움부터 끝내고 나한테 말 걸어.	번역완료	batch RowID 1288-1487
1387	Data/NPCData/111.EDT	1	480	Haven't seen you before.	처음 보는 얼굴인데.	번역완료	batch RowID 1288-1487
1388	Data/NPCData/111.EDT	2	480	Yeah, you again.	그래, 또 너군.	번역완료	batch RowID 1288-1487
1389	Data/NPCData/111.EDT	3	480	Like it here, yep. Return to values. None of this high-tech stuff.	여기가 마음에 들어. 그래. 기본으로 돌아가는 거지. 이런 첨단 기술 따위 없이.	번역완료	batch RowID 1288-1487
1390	Data/NPCData/111.EDT	4	480	Some kind of honor, yeah, to meet a professional mercenary.	전문 용병을 만나다니, 뭐랄까 영광이군. 그래.	번역완료	batch RowID 1288-1487
1391	Data/NPCData/111.EDT	5	480	No, no, I don't need that.	아니, 아니. 그건 필요 없어.	번역완료	batch RowID 1288-1487
1392	Data/NPCData/111.EDT	6	480	I'm pullin' for the rebels, yeah. Hate government... Any kind of government.	난 반군 편이야. 그래. 정부가 싫거든... 어떤 정부든.	번역완료	batch RowID 1288-1487
1393	Data/NPCData/111.EDT	7	480	Keep that up, and there'll be a future for you in pieces.	계속 그러다간 네 미래는 산산조각 나 있을 거다.	번역완료	batch RowID 1288-1487
1394	Data/NPCData/111.EDT	8	480	Guns aren't really my style. Nope, no.	총은 내 취향이 아니야. 아니, 전혀.	번역완료	batch RowID 1288-1487
1395	Data/NPCData/111.EDT	9	480	Could use some help. Yeah...	도움이 좀 필요하겠어. 그래...	번역완료	batch RowID 1288-1487
1396	Data/NPCData/111.EDT	10	480	Yeah, yeah. Gotta move on.	그래, 그래. 이제 움직여야지.	번역완료	batch RowID 1288-1487
1397	Data/NPCData/111.EDT	11	480	Nice of you, mmhm. Thanks.	친절하군, 음흠. 고마워.	번역완료	batch RowID 1288-1487
1398	Data/NPCData/111.EDT	12	480	Ya gonna pay!	대가를 치르게 될 거야!	번역완료	batch RowID 1288-1487
1399	Data/NPCData/111.EDT	13	480	Yup, I dropped that, didn't I? Thanks.	그래, 내가 그걸 떨어뜨렸지? 고마워.	번역완료	batch RowID 1288-1487
1400	Data/NPCData/111.EDT	14	480	Knew you were a Fed!	역시 연방 요원이었군!	번역완료	batch RowID 1288-1487
1401	Data/NPCData/111.EDT	15	480	Yep, yep. Looks a little dangerous here now. Not safe to talk. No.	그래, 그래. 지금은 좀 위험해 보여. 얘기하기 안전하지 않아. 아니야.	번역완료	batch RowID 1288-1487
1402	Data/NPCData/112.EDT	1	480	Cheerio. I don't recall we've met. Well, welcome to ma bar then. It's good to have you here.	안녕하시오. 전에 만난 기억은 없군요. 그럼 내 술집에 온 걸 환영합니다. 와주셔서 반갑소.	번역완료	batch RowID 1288-1487
1403	Data/NPCData/112.EDT	2	480	Good to see you again, old chap.	또 보니 반갑군요, 친구.	번역완료	batch RowID 1288-1487
1404	Data/NPCData/112.EDT	3	480	Got a few regulars, here, I do. Mostly blokes getting out of the sun. Bloody hot here, I find.	여기엔 단골이 좀 있소. 대부분 햇볕을 피하러 들어오는 친구들이지. 여긴 정말 지독하게 덥더군요.	번역완료	batch RowID 1288-1487
1405	Data/NPCData/112.EDT	4	480	Can't complain about business, but lately, you know, it's uh, it's mostly people coming in to use the loo.	장사는 나쁘지 않소. 다만 요즘은, 어... 화장실 쓰러 들어오는 사람이 대부분이라서 말이오.	번역완료	batch RowID 1288-1487
1406	Data/NPCData/112.EDT	5	480	Very kind of you, chap, but eh, I've no use for that.	정말 친절하군요, 친구. 하지만 어, 그건 내겐 쓸모가 없소.	번역완료	batch RowID 1288-1487
1407	Data/NPCData/112.EDT	6	480	It's a right good life, if you ask me. Never thought me a bartender, but I fancy it now. Pace is slow, blokes are kind, and every so often a, uh, pretty lady comes in, eh. Right proper, it is.	내가 보기엔 꽤 괜찮은 인생이오. 내가 바텐더가 될 줄은 몰랐지만, 이제는 꽤 마음에 듭니다. 삶은 느긋하고, 사람들은 친절하고, 가끔은 어... 예쁜 아가씨도 들어오고. 아주 훌륭하지요.	번역완료	batch RowID 1288-1487
1408	Data/NPCData/112.EDT	7	480	Maybe I'm wrong, chap, but you'll pardon me if I am, but I reckon, uh, you could use a stiff pint. Feeling a little tense, I gather.	내가 틀렸다면 용서하시오, 친구. 하지만 보아하니 독한 술 한 잔이 필요해 보이는군요. 좀 긴장한 것 같소.	번역완료	batch RowID 1288-1487
1409	Data/NPCData/112.EDT	8	480	No thanks. I wouldn't know what to do with a gun.	아뇨, 됐소. 총을 줘도 어떻게 써야 할지 모르겠군요.	번역완료	batch RowID 1288-1487
1410	Data/NPCData/112.EDT	9	480	Need a doctor...	의사가 필요해...	번역완료	batch RowID 1288-1487
1411	Data/NPCData/112.EDT	10	480	I'll leave you be, chap.	그럼 방해하지 않겠소, 친구.	번역완료	batch RowID 1288-1487
1412	Data/NPCData/112.EDT	11	480	I do accept tips, but I'd rather you order first.	팁은 받지만, 먼저 주문부터 해주셨으면 좋겠군요.	번역완료	batch RowID 1288-1487
1413	Data/NPCData/112.EDT	12	480	Got some choice bottles, eh. What's your fancy?	괜찮은 술이 몇 병 있소. 뭘 드시겠습니까?	번역완료	batch RowID 1288-1487
1414	Data/NPCData/112.EDT	13	480	No hurry, chap. Take your time.	서두를 것 없소, 친구. 천천히 고르시오.	번역완료	batch RowID 1288-1487
1415	Data/NPCData/112.EDT	14	480	Blimey this heat, eh! Cold drink will do you good.	세상에, 이 더위 좀 보시오! 차가운 술 한잔하면 좀 나을 겁니다.	번역완료	batch RowID 1288-1487
1416	Data/NPCData/112.EDT	15	480	Sorry, chap. It's cash only. With all the wankers 'round here, I'd have me a bar full of knicknacks by now.	미안하오, 친구. 현금만 받소. 이 동네 머저리들한테 물건을 대신 받았으면 지금쯤 술집이 잡동사니로 가득 찼을 거요.	번역완료	batch RowID 1288-1487
1417	Data/NPCData/112.EDT	16	480	Not in the buying business, friend. Sorry.	난 물건 사들이는 장사는 안 하오, 친구. 미안하군요.	번역완료	batch RowID 1288-1487
1418	Data/NPCData/112.EDT	17	480	Hmm, might be worth something... but not to me.	흠, 돈은 좀 될지도 모르지만... 내겐 아니오.	번역완료	batch RowID 1288-1487
1419	Data/NPCData/112.EDT	18	480				
1420	Data/NPCData/112.EDT	19	480	Nothing personal you understand, but, eh, it's a cash-only bar.	개인적인 감정은 없소. 알겠지만, 어... 이 술집은 현금만 받습니다.	번역완료	batch RowID 1288-1487
1421	Data/NPCData/112.EDT	20	480				
1422	Data/NPCData/112.EDT	21	480				
1423	Data/NPCData/112.EDT	22	480				
1424	Data/NPCData/112.EDT	23	480	You're covered, chap.	값은 충분히 받았소, 친구.	번역완료	batch RowID 1288-1487
1425	Data/NPCData/112.EDT	24	480	Cheers, and thank you.	건배, 그리고 고맙소.	번역완료	batch RowID 1288-1487
1426	Data/NPCData/112.EDT	25	480	Wet your whistle, chap. But let me know when you'd like another.	목 좀 축이시오, 친구. 한 잔 더 필요하면 말해주고.	번역완료	batch RowID 1288-1487
1427	Data/NPCData/112.EDT	26	480	When you're thirsty, just call.	목마르면 그냥 부르시오.	번역완료	batch RowID 1288-1487
1428	Data/NPCData/112.EDT	27	480	You might be wanting this.	이게 필요할지도 모르겠군요.	번역완료	batch RowID 1288-1487
1429	Data/NPCData/112.EDT	28	480				
1430	Data/NPCData/112.EDT	29	480	Bloody buller bastard!	이 빌어먹을 개자식!	번역완료	batch RowID 1288-1487
1431	Data/NPCData/112.EDT	30	480	Thanks, chap... Much appreciated.	고맙소, 친구... 정말 고맙군요.	번역완료	batch RowID 1288-1487
1432	Data/NPCData/112.EDT	31	480	Bloody big commotion... I will not be tending bar 'til it quiets down.	빌어먹을, 난리도 크게 났군... 조용해질 때까지 술은 안 팔겠소.	번역완료	batch RowID 1288-1487
1433	Data/NPCData/112.EDT	32	480	Sorry, chap, but the locals would stop comin' in if they knew I was serving you.	미안하오, 친구. 내가 당신에게 술을 판다는 걸 알면 동네 사람들이 발길을 끊을 거요.	번역완료	batch RowID 1288-1487
1434	Data/NPCData/113.EDT	1	480	Name's Jake. Jake Cameron. Careful where you step. Got all kinds of crap around here.	이름은 제이크. 제이크 캐머런이야. 발밑 조심해. 여기 온갖 잡동사니가 널려 있거든.	번역완료	batch RowID 1288-1487
1435	Data/NPCData/113.EDT	2	480	Back to see Jake again, huh?	또 제이크 보러 왔구만, 응?	번역완료	batch RowID 1288-1487
1436	Data/NPCData/113.EDT	3	480	Always say, one man's junk is another man's treasure.	늘 하는 말이 있지. 누군가에겐 쓰레기도 다른 누군가에겐 보물이라고.	번역완료	batch RowID 1288-1487
1437	Data/NPCData/113.EDT	4	480	So ya gonna do the Queen, huh. Ya got my backing.	여왕을 잡으러 간다 이거지? 난 네 편이야.	번역완료	batch RowID 1288-1487
1438	Data/NPCData/113.EDT	5	480	No. Got enough junk.	아니. 잡동사니는 이미 충분해.	번역완료	batch RowID 1288-1487
1439	Data/NPCData/113.EDT	6	480	Well... Ya know how it goes. Ya start with a couple of things and next thing ya know...	뭐... 어떻게 되는지 알잖아. 물건 몇 개로 시작했다가 정신 차려보면...	번역완료	batch RowID 1288-1487
1440	Data/NPCData/113.EDT	7	480	You got a rat in your pants? Don't even think of pushing me around.	바지에 쥐라도 들어갔어? 나한테 함부로 굴 생각은 하지 마.	번역완료	batch RowID 1288-1487
1441	Data/NPCData/113.EDT	8	480	What? And leave here? No, I won't do it.	뭐? 여길 떠나라고? 싫어. 안 가.	번역완료	batch RowID 1288-1487
1442	Data/NPCData/113.EDT	9	480	I need a nurse... now.	간호사가 필요해... 지금 당장.	번역완료	batch RowID 1288-1487
1443	Data/NPCData/113.EDT	10	480	Well... Take your time. I ain't gonna be far.	뭐... 천천히 해. 난 멀리 안 갈 테니까.	번역완료	batch RowID 1288-1487
1444	Data/NPCData/113.EDT	11	480	Tell me what ya want first.	먼저 뭘 원하는지 말해봐.	번역완료	batch RowID 1288-1487
1445	Data/NPCData/113.EDT	12	480	Have yourself a look. Lemme know if anything catches your fancy.	천천히 둘러봐. 마음에 드는 게 있으면 말하고.	번역완료	batch RowID 1288-1487
1446	Data/NPCData/113.EDT	13	480	Take your time.	천천히 해.	번역완료	batch RowID 1288-1487
1447	Data/NPCData/113.EDT	14	480	Quite the collection, huh?	물건 꽤 많지, 응?	번역완료	batch RowID 1288-1487
1448	Data/NPCData/113.EDT	15	480	You're thinking we'll do some kind of swap here, huh?	여기서 서로 물건을 바꾸자는 생각이지, 응?	번역완료	batch RowID 1288-1487
1449	Data/NPCData/113.EDT	16	480	Guess you'll be wanting to sell this stuff, right?	이 물건들을 팔고 싶은 거지?	번역완료	batch RowID 1288-1487
1450	Data/NPCData/113.EDT	17	480	All righty. Let me have a look.	좋아. 어디 한번 보자.	번역완료	batch RowID 1288-1487
1451	Data/NPCData/113.EDT	18	480	Sorry. I only deal in junk, if you know what I mean.	미안해. 난 잡동사니만 취급해. 무슨 말인지 알지.	번역완료	batch RowID 1288-1487
1452	Data/NPCData/113.EDT	19	480	Junk, I can move. Trash, I can't. I'm runnin' a junkyard, not a landfill.	잡동사니는 되팔 수 있지만 쓰레기는 못 팔아. 여긴 고물상이지 쓰레기 매립장이 아니라고.	번역완료	batch RowID 1288-1487
1453	Data/NPCData/113.EDT	20	480	Who-ee. Can't believe ya bothered carrying some of this stuff around. Can't do much better than this.	우와. 이런 걸 굳이 들고 다녔다니 믿기지 않네. 이것보다 더 좋은 값은 못 쳐줘.	번역완료	batch RowID 1288-1487
1454	Data/NPCData/113.EDT	21	480	Yep, I can move this. I'll give you a good price.	그래, 이건 팔 수 있겠어. 좋은 값 쳐주지.	번역완료	batch RowID 1288-1487
1455	Data/NPCData/113.EDT	22	480	Not really enough here for a fair swap, if you know what I mean.	공평하게 바꿀 만큼은 안 되는 것 같군. 무슨 말인지 알지.	번역완료	batch RowID 1288-1487
1456	Data/NPCData/113.EDT	23	480	She's a done deal. Need anything else?	좋아, 거래 끝. 더 필요한 거 있어?	번역완료	batch RowID 1288-1487
1457	Data/NPCData/113.EDT	24	480	That's good. You got some change coming.	좋아. 거스름돈도 좀 돌려줄게.	번역완료	batch RowID 1288-1487
1458	Data/NPCData/113.EDT	25	480	All righty. You need stuff, you know where to come.	좋아. 물건 필요하면 어디로 와야 하는지 알지?	번역완료	batch RowID 1288-1487
1459	Data/NPCData/113.EDT	26	480	I'm always getting new stuff. Maybe come back later.	난 늘 새 물건이 들어와. 나중에 다시 와봐.	번역완료	batch RowID 1288-1487
1460	Data/NPCData/113.EDT	27	480	Hey! You left stuff here.	이봐! 물건 두고 갔어.	번역완료	batch RowID 1288-1487
1461	Data/NPCData/113.EDT	28	480	Ya don't mess with the junkyard dog.	고물상 개를 함부로 건드리면 안 되지.	번역완료	batch RowID 1288-1487
1462	Data/NPCData/113.EDT	29	480	Have ya met my son, Kevin, yet? He helps me out around here with the business. He's a good boy, that Kevin.	내 아들 케빈은 만나봤어? 여기 장사 도와주고 있지. 우리 케빈은 착한 녀석이야.	번역완료	batch RowID 1288-1487
1463	Data/NPCData/113.EDT	30	480	Ya ain't too far from the capital, ya know. Ya marching towards her. You show Deidranna good. Ya kick her ass for all of us.	수도에서 그리 멀지 않아. 이제 그 여자한테 진군하는 거지. 데이드라나한테 제대로 보여줘. 우리 모두 대신 엉덩이를 걷어차줘.	번역완료	batch RowID 1288-1487
1464	Data/NPCData/113.EDT	31	480	Take a look around. Got plenty of stuff. A lot of abandoned vehicles. No one's had much use for them since the Queen began rationing fuel. Just sorta sat around 'til they turned to junk and got hauled down here.	주변 좀 둘러봐. 물건 많아. 버려진 차도 잔뜩 있고. 여왕이 연료 배급을 시작한 뒤로 아무도 쓸 일이 없어졌지. 그냥 세워두다가 고물이 돼서 여기로 실려 온 거야.	번역완료	batch RowID 1288-1487
1465	Data/NPCData/113.EDT	32	480	By the way, you guys wouldn't know nothing about a fellow named Breeham Druz who lived in Balime, would ya? I haven't heard from him since they put him in prison in Tixa. Well... If ya see him, you tell him Jake was asking.	그런데 말이야, 발리메에 살던 브리엄 드루즈라는 친구 혹시 알아? 틱사 감옥에 갇힌 뒤로 소식을 못 들었어. 뭐... 만나게 되면 제이크가 찾더라고 전해줘.	번역완료	batch RowID 1288-1487
1466	Data/NPCData/113.EDT	33	480	I see ya got Breeham Druz workin' with ya. He's a good lad. His parents could use a couple of bullets to the head though. I guess you guys are trustworthy after all...	브리엄 드루즈가 너희랑 같이 일하는구나. 착한 녀석이지. 그 부모는 머리에 총알 두 발쯤 박혀도 싸지만. 뭐, 너희도 결국 믿을 만한 놈들이었나 보네...	번역완료	batch RowID 1288-1487
1467	Data/NPCData/113.EDT	34	480	Ya joined up with the soldiers for hire, huh Breeham? Can't say I blame ya. If I was any younger, I'd be joining up myself.	브리엄, 돈 받고 싸우는 용병들이랑 손잡았구나? 뭐, 이해 못 할 건 없지. 내가 좀만 젊었어도 나도 들어갔을 거야.	번역완료	batch RowID 1288-1487
1468	Data/NPCData/113.EDT	35	480	Ya know, if you're looking for fuel, I'd be one of the few places in the country where ya can get it. Got myself a nice little black market going.	연료 찾는 거라면, 이 나라에서 구할 수 있는 몇 안 되는 곳 중 하나가 여기야. 나름 괜찮은 암시장을 하고 있거든.	번역완료	batch RowID 1288-1487
1469	Data/NPCData/113.EDT	36	480	Hey, you wanna hurry it up? I'm just about set to shut things down here.	이봐, 좀 서둘러줄래? 이제 슬슬 문 닫으려던 참이야.	번역완료	batch RowID 1288-1487
1470	Data/NPCData/113.EDT	37	480	Seems ya got other problems right now, pal. Like bullets!	지금은 다른 문제가 더 급해 보이는데, 친구. 총알 같은 거 말이야!	번역완료	batch RowID 1288-1487
1471	Data/NPCData/113.EDT	38	480	Huh. You work better than duct tape.	허. 덕트 테이프보다 낫네.	번역완료	batch RowID 1288-1487
1472	Data/NPCData/114.EDT	1	480	Mommy say never talk to strangers.	엄마가 모르는 사람이랑 말하지 말랬어.	번역완료	batch RowID 1288-1487
1473	Data/NPCData/114.EDT	2	480	Mommy told me about you.	엄마가 당신 얘기 해줬어.	번역완료	batch RowID 1288-1487
1474	Data/NPCData/114.EDT	3	480	Mommy...	엄마...	번역완료	batch RowID 1288-1487
1475	Data/NPCData/114.EDT	4	480	Mommy says you help us.	엄마가 당신이 우리 도와준댔어.	번역완료	batch RowID 1288-1487
1476	Data/NPCData/114.EDT	5	480	No!	싫어!	번역완료	batch RowID 1288-1487
1477	Data/NPCData/114.EDT	6	480	Mommy!	엄마!	번역완료	batch RowID 1288-1487
1478	Data/NPCData/114.EDT	7	480	Not nice!	나쁜 사람이야!	번역완료	batch RowID 1288-1487
1479	Data/NPCData/114.EDT	8	480	You're scaring me.	무서워.	번역완료	batch RowID 1288-1487
1480	Data/NPCData/114.EDT	9	480	Ahwahhahhhh!	으아아앙!	번역완료	batch RowID 1288-1487
1481	Data/NPCData/114.EDT	10	480	No talk.	말 안 해.	번역완료	batch RowID 1288-1487
1482	Data/NPCData/115.EDT	1	480	Well, hi there! Welcome. Name's Dave Gerard. Gerard Automotives.	안녕하세요! 어서 오세요. 데이브 제라드입니다. 제라드 오토모티브를 운영하죠.	번역완료	batch RowID 1288-1487
1483	Data/NPCData/115.EDT	2	480	Well, hey there, friend!	오, 친구! 또 왔군요!	번역완료	batch RowID 1288-1487
1484	Data/NPCData/115.EDT	3	480	Yeah, I come here, oh, about 15 years ago, to scope out the local market. People were driving back then! Anyway, I guess I just decided to stay.	그래요, 한 15년 전쯤 현지 시장을 좀 살펴보려고 여기 왔죠. 그땐 사람들이 차를 몰고 다녔다고요! 어쨌든 그냥 눌러앉게 됐습니다.	번역완료	batch RowID 1288-1487
1485	Data/NPCData/115.EDT	4	480	Personally, I like the 66 GTO. My dream car. You got a 389 with a tri-power carburetor. She is a beaut!	개인적으로는 66년형 GTO를 좋아해요. 내 꿈의 차죠. 389 엔진에 트라이파워 카뷰레터! 정말 아름답다니까요!	번역완료	batch RowID 1288-1487
1486	Data/NPCData/115.EDT	5	480	Naw, I ain't got no use for it.	아뇨, 그건 나한테 쓸모가 없어요.	번역완료	batch RowID 1288-1487
1487	Data/NPCData/115.EDT	6	480	Now, I gotta say that the finest engine ever built was the Chrysler 426 Hemi. Oh sure, you can say it's the 454 Chevy, but it don't hold a candle!	내가 보기에 역사상 최고의 엔진은 크라이슬러 426 헤미예요. 물론 454 쉐비가 최고라고 할 수도 있겠지만, 상대가 안 되죠!	번역완료	batch RowID 1288-1487
1488	Data/NPCData/115.EDT	7	480	Listen buddy, either you need a lube job or your nuts tightened, and if you don't relax, I'll be choosing which.	이봐요, 친구. 윤활 좀 하든지, 아래쪽 나사를 조이든지 해야겠네요. 진정 안 하면 내가 뭘 손볼지 정해주죠.	번역완료	batch RowID 1488-1687
1489	Data/NPCData/115.EDT	8	480	Naw. I'll stick to firing spark plugs if ya don't mind.	아뇨. 괜찮다면 난 그냥 점화 플러그나 터뜨리는 걸로 만족할게요.	번역완료	batch RowID 1488-1687
1490	Data/NPCData/115.EDT	9	480	I need... help.	도움이... 필요해요.	번역완료	batch RowID 1488-1687
1491	Data/NPCData/115.EDT	10	480	You know where to find me if you need me.	필요한 일 있으면 어디로 와야 하는지 알죠.	번역완료	batch RowID 1488-1687
1492	Data/NPCData/115.EDT	11	480	I don't accept handouts. Maybe there's something you're interested in?	적선은 안 받아요. 혹시 관심 가는 물건이라도 있나요?	번역완료	batch RowID 1488-1687
1493	Data/NPCData/115.EDT	12	480	I used to have a nice little service station in downtown Balime. Moved up to this place on the outskirts when the fuel rations kicked in. Couldn't afford the square footage in town.	예전엔 발리메 시내에 괜찮은 정비소를 하나 운영했어요. 연료 배급이 시작되면서 외곽의 이곳으로 옮겼죠. 시내 임대료는 감당할 수가 없었거든요.	번역완료	batch RowID 1488-1687
1494	Data/NPCData/115.EDT	13	480	Place is rundown, but there just ain't too many people in need of a service station these days. Queen keeps all the fuel for her mining and military operations.	여긴 좀 낡았지만 요즘은 정비소를 찾는 사람 자체가 별로 없어요. 여왕이 연료를 광산과 군사 작전에 죄다 쓰고 있으니까요.	번역완료	batch RowID 1488-1687
1495	Data/NPCData/115.EDT	14	480	'Course, I'm hoping you're gonna change all that. Make Arulco a country for everybody again. Not just the Queen and her rich friends in Balime.	물론, 당신들이 그걸 바꿔주길 바라고 있죠. 아룰코를 다시 모두의 나라로 만들어주세요. 여왕과 발리메의 부자 친구들만을 위한 나라가 아니라.	번역완료	batch RowID 1488-1687
1496	Data/NPCData/115.EDT	15	480	Got a slightly used vehicle for sale if you're interested. Low mileage. Only problem with it is it hasn't been used often enough, if you can call that a problem. I can let it go for... uh, $10,000.	관심 있으면 중고차 한 대가 있어요. 주행거리도 짧죠. 문제라면 너무 안 굴렸다는 것뿐인데, 그걸 문제라 할 수 있다면 말이죠. 음... 1만 달러에 넘길 수 있어요.	번역완료	batch RowID 1488-1687
1497	Data/NPCData/115.EDT	16	480	Now, just to close the deal, I'll give ya free gas for the lifetime of the vehicle. Only catch is I don't always have gas. Kinda hard to come by on a regular basis. But when I do, I'll fill'er up.	거래를 성사시키는 의미로 차가 굴러다니는 동안은 평생 기름을 공짜로 넣어드리죠. 단, 내가 늘 기름을 갖고 있는 건 아니에요. 꾸준히 구하기가 힘들거든요. 그래도 들어오는 날엔 가득 채워드릴게요.	번역완료	batch RowID 1488-1687
1498	Data/NPCData/115.EDT	17	480	Hope you didn't come here looking for fuel, 'cause, uh, I can't help you.	설마 기름 찾으러 온 건 아니길 바라요. 어... 그건 내가 도와줄 수가 없거든요.	번역완료	batch RowID 1488-1687
1499	Data/NPCData/115.EDT	18	480	Go get her, pal. Do it for all of us. There'll never be peace in Arulco as long as Deidranna is alive.	가서 그 여자를 잡아요, 친구. 우리 모두를 위해서. 데이드라나가 살아 있는 한 아룰코에는 절대 평화가 오지 않을 겁니다.	번역완료	batch RowID 1488-1687
1500	Data/NPCData/115.EDT	19	480	Well... if you ever change your mind, it'll probably still be here.	뭐... 마음이 바뀌면 다시 와요. 아마 그때도 여기 있을 테니까.	번역완료	batch RowID 1488-1687
1501	Data/NPCData/115.EDT	20	480	Bet you're here to pick up your new purchase. Well... The keys are in her, and she's ready to go. Couldn't find the owner's manual though. Turned this place upside down looking for it.	새로 산 차 가지러 왔죠? 좋아요... 열쇠는 차에 꽂혀 있고 바로 몰고 갈 수 있어요. 다만 사용설명서는 못 찾았네요. 그거 찾느라 여기 전부 뒤집어엎었는데도요.	번역완료	batch RowID 1488-1687
1502	Data/NPCData/115.EDT	21	480	You're back kinda soon. Haven't had the chance to get her ready for you, yet.	좀 일찍 돌아왔네요. 아직 차를 준비할 시간이 없었어요.	번역완료	batch RowID 1488-1687
1503	Data/NPCData/115.EDT	22	480	Time to shut her down for the day! I'm heading for the punch clock.	오늘은 여기까지! 이제 퇴근 도장 찍으러 갑니다.	번역완료	batch RowID 1488-1687
1504	Data/NPCData/115.EDT	23	480	Gonna run you down, pal!	차로 깔아뭉개주마, 친구!	번역완료	batch RowID 1488-1687
1505	Data/NPCData/115.EDT	24	480	Ah, much better.	아, 훨씬 낫네요.	번역완료	batch RowID 1488-1687
1506	Data/NPCData/115.EDT	25	480	Go away! I don't wanna get hit!	저리 가요! 나 맞기 싫어요!	번역완료	batch RowID 1488-1687
1507	Data/NPCData/115.EDT	26	480	Great... 'course uhm... I only take cash.	좋아요... 물론, 어... 난 현금만 받아요.	번역완료	batch RowID 1488-1687
1508	Data/NPCData/115.EDT	27	480	OK, you're now the proud owner of a used vehicle!	좋습니다. 이제 당신은 자랑스러운 중고차 주인이에요!	번역완료	batch RowID 1488-1687
1509	Data/NPCData/115.EDT	28	480	You're gonna have to give me a day to get the vehicle ready for you. Have some dealer prep work to do on her. Won't charge you for that, of course. You come back tomorrow, and she'll be ready to go.	차를 준비하려면 하루는 줘야 해요. 출고 전에 손볼 게 좀 있거든요. 물론 그 작업비는 안 받을게요. 내일 다시 오면 바로 몰고 갈 수 있게 해놓겠습니다.	번역완료	batch RowID 1488-1687
1510	Data/NPCData/115.EDT	29	480	Thanks, but that's not enough.	고맙지만, 이걸론 부족해요.	번역완료	batch RowID 1488-1687
1511	Data/NPCData/115.EDT	30	480	Guess what? I got gas, and you're gonna get one of those free fill ups I told you about.	좋은 소식! 기름이 들어왔어요. 전에 약속했던 무료 주유 한 번 해드리죠.	번역완료	batch RowID 1488-1687
1512	Data/NPCData/116.EDT	1	480	I got dibs, that's all I'm saying.	내가 먼저 찜했어. 내가 하는 말은 그게 다야.	번역완료	batch RowID 1488-1687
1513	Data/NPCData/116.EDT	2	480	You come 'round again, huh?	또 왔구먼, 응?	번역완료	batch RowID 1488-1687
1514	Data/NPCData/116.EDT	3	480	It's just like fishing. Ya never know what yer gonna find in the junkyard. Some days, you come up empty. Other times, I get me a prize.	낚시랑 똑같아. 고물상에서 뭘 건질지는 아무도 모르지. 어떤 날은 빈손이고, 또 어떤 날은 대박을 건져.	번역완료	batch RowID 1488-1687
1515	Data/NPCData/116.EDT	4	480	One time, in the trunk of a Caddy, I found a bunch of old nuddie photos. Heh-heh. Sold 'em to some Mexican driving an ice cream truck.	한번은 캐딜락 트렁크에서 옛날 누드 사진을 한 뭉치 찾았어. 헤헤. 아이스크림 트럭 몰던 멕시코 사람한테 팔았지.	번역완료	batch RowID 1488-1687
1516	Data/NPCData/116.EDT	5	480	Ah, no. Ain't gonna be able to find room for that.	아, 안 돼. 그건 둘 자리도 못 찾겠어.	번역완료	batch RowID 1488-1687
1517	Data/NPCData/116.EDT	6	480	Don't tell anyone this, but I'm figuring when this war lifts, well, I'll get me enough junk so's I can start my own yard.	이건 아무한테도 말하지 마. 전쟁이 끝나면 고물을 충분히 모아서 내 고물상을 차릴 생각이야.	번역완료	batch RowID 1488-1687
1518	Data/NPCData/116.EDT	7	480	Rat got your ass er something?	쥐새끼가 엉덩이라도 물었냐?	번역완료	batch RowID 1488-1687
1519	Data/NPCData/116.EDT	8	480	My prime has come and passed, I'm afraid.	내 전성기는 이미 지나간 것 같구먼.	번역완료	batch RowID 1488-1687
1520	Data/NPCData/116.EDT	9	480	Lord, my time is comin'...	주여, 내 때가 다가오는구먼...	번역완료	batch RowID 1488-1687
1521	Data/NPCData/116.EDT	10	480	Well, I ain't getting any younger...	뭐, 나도 점점 늙어가니까...	번역완료	batch RowID 1488-1687
1522	Data/NPCData/116.EDT	11	480	Oh, that's so kind of ya.	오, 정말 친절하구먼.	번역완료	batch RowID 1488-1687
1523	Data/NPCData/116.EDT	12	480	You rat's ass!	이 쥐새끼 같은 놈아!	번역완료	batch RowID 1488-1687
1524	Data/NPCData/116.EDT	13	480	Awful kind of ya.	참 고맙구먼.	번역완료	batch RowID 1488-1687
1525	Data/NPCData/116.EDT	14	480	Place is a shootin' gallery. No time to talk now.	여기가 완전히 사격장이 됐어. 지금은 얘기할 때가 아니야.	번역완료	batch RowID 1488-1687
1526	Data/NPCData/116.EDT	15	480	Why... thank you. Here, I got something for you, too. Don't quite know exactly what it is, but maybe you can find some use for it.	왜... 고맙네. 자, 나도 자네 줄 게 하나 있어. 정확히 뭔지는 모르겠지만, 자네라면 쓸 데를 찾을지도 모르지.	번역완료	batch RowID 1488-1687
1527	Data/NPCData/116.EDT	16	480	Only kidding, of course. You aren't going to find anything around here that I haven't already seen. Spend my days sifting through this dump.	물론 농담이지. 여기서 내가 아직 못 본 물건을 자네가 찾을 리가 없어. 난 하루 종일 이 쓰레기 더미를 뒤지고 사니까.	번역완료	batch RowID 1488-1687
1528	Data/NPCData/116.EDT	17	480	I have to keep laughing. Try to keep a smile on my face. No point in dwellin' over one's situation. I eat what I find, find what I eat. It wasn't always like that, but well, what can I do?	계속 웃어야 해. 얼굴에 미소라도 띠고 있어야지. 자기 처지만 곱씹어봐야 아무 소용 없어. 찾은 걸 먹고, 먹을 걸 찾아다니는 거지. 예전엔 이렇지 않았지만, 뭐, 어쩌겠어?	번역완료	batch RowID 1488-1687
1529	Data/NPCData/116.EDT	18	480	Army burned down my home four years ago. Everything I had was in it, including my family. They took my whole life from me in less than five minutes.	4년 전 군대가 내 집을 불태웠어. 내가 가진 모든 게 그 안에 있었지. 가족까지도. 놈들은 5분도 안 돼서 내 인생 전부를 빼앗아갔어.	번역완료	batch RowID 1488-1687
1530	Data/NPCData/116.EDT	19	480	Got no purpose now. Just wandering around trying to survive and wondering why I bother.	이제는 살아갈 이유도 없어. 그냥 떠돌면서 살아남으려 애쓰고, 내가 왜 이러고 있나 생각할 뿐이지.	번역완료	batch RowID 1488-1687
1531	Data/NPCData/116.EDT	20	480	Now, if that Deidranna were to get what's coming to her, then that would be worth staying alive for.	그래도 데이드라나가 제 죗값을 받는다면, 그걸 보려고 살아 있는 것도 나쁘진 않겠지.	번역완료	batch RowID 1488-1687
1532	Data/NPCData/116.EDT	21	480	Good luck to ya. You're pretty darn close to finishing the job you come to do. And when you finally do meet her, I want you to put one right between the Queen's eyes, for me.	행운을 비네. 자네가 하러 온 일을 끝내기까지 정말 얼마 안 남았어. 마침내 그 여자를 만나면, 날 위해 여왕의 두 눈 사이에 한 발 박아줘.	번역완료	batch RowID 1488-1687
1533	Data/NPCData/116.EDT	22	480	Why not? I used to panhandle before I got into junkin'.	왜 안 되겠어? 고물 줍기 전엔 나도 구걸하고 다녔는걸.	번역완료	batch RowID 1488-1687
1534	Data/NPCData/117.EDT	1	480	I'm Hans. How can I help you?	전 한스입니다. 뭘 도와드릴까요?	번역완료	batch RowID 1488-1687
1535	Data/NPCData/117.EDT	2	480	You are becoming a regular...	이제 단골이 다 됐군요...	번역완료	batch RowID 1488-1687
1536	Data/NPCData/117.EDT	3	480	How's about massage oils? Got my whole exotic fruit collection slashed to half price.	마사지 오일은 어떠세요? 이국적인 과일 향 제품을 전부 반값에 내놨어요.	번역완료	batch RowID 1488-1687
1537	Data/NPCData/117.EDT	4	480	Have I told you about our giant video clearance? Buy any rubber item in the store, and get your choice of video cassette free.	대대적인 비디오 떨이 행사 얘기 해드렸던가요? 가게에서 고무 제품 아무거나 하나 사시면 원하는 비디오테이프를 공짜로 드립니다.	번역완료	batch RowID 1488-1687
1538	Data/NPCData/117.EDT	5	480	Keep it! I can barely unload the stuff I've got.	그냥 가지세요! 지금 있는 물건도 간신히 처분하고 있어요.	번역완료	batch RowID 1488-1687
1539	Data/NPCData/117.EDT	6	480	I got this great idea for a new marketing campaign: Make love, not war. Not original, but pretty in tune with the situation. Maybe I put your photo on the flyer.	새 마케팅 캠페인 아이디어가 하나 떠올랐어요. '전쟁 말고 사랑을.' 새롭진 않지만 지금 상황엔 딱 맞잖아요. 전단지에 당신 사진을 넣어도 되겠네요.	번역완료	batch RowID 1488-1687
1540	Data/NPCData/117.EDT	7	480	The S&M stuff is in the corner.	S&M 용품은 구석에 있습니다.	번역완료	batch RowID 1488-1687
1541	Data/NPCData/117.EDT	8	480	I've got a business to run.	나도 장사를 해야죠.	번역완료	batch RowID 1488-1687
1542	Data/NPCData/117.EDT	9	480	Ah... This is no joke.	아... 이건 농담이 아니군요.	번역완료	batch RowID 1488-1687
1543	Data/NPCData/117.EDT	10	480	I got to take inventory. If you're in the neighborhood, come back again.	재고조사를 해야 합니다. 근처에 오면 또 들르세요.	번역완료	batch RowID 1488-1687
1544	Data/NPCData/117.EDT	11	480	Good. Relief with my creditors. Maybe now, the Good Vibrations Company will finally send me new stock.	좋군요. 채권자들한테 한숨 돌릴 수 있겠어요. 이제 굿 바이브레이션스 사에서 새 물건을 보내줄지도 모르겠네요.	번역완료	batch RowID 1488-1687
1545	Data/NPCData/117.EDT	12	480	It's pay back time, ya twisted schnook.	이제 갚아줄 시간이군, 이 뒤틀린 얼간이야.	번역완료	batch RowID 1488-1687
1546	Data/NPCData/117.EDT	13	480	Bet you're here to see Tony, right? He's in back.	토니 만나러 왔죠? 뒤에 있어요.	번역완료	batch RowID 1488-1687
1547	Data/NPCData/117.EDT	14	480	Tony stepped out for a bit. You'll have to come back later if you're looking to see him.	토니가 잠깐 나갔어요. 만나려면 나중에 다시 와야 합니다.	번역완료	batch RowID 1488-1687
1548	Data/NPCData/117.EDT	15	480	Just maybe if you brought back some of the ones you took, the shelves wouldn't look so empty!	당신이 가져간 것들 몇 개만 돌려놨어도 선반이 이렇게 비어 보이진 않았을 텐데요!	번역완료	batch RowID 1488-1687
1549	Data/NPCData/117.EDT	16	480	For the tenth time, they're all back ordered. You've been in here for over two hours. You got three films to choose from. Let's step it up.	열 번째 말하지만 전부 주문이 밀려서 아직 안 들어왔어요. 여기 두 시간 넘게 있었잖아요. 고를 영화는 세 편뿐이에요. 이제 좀 고르세요.	번역완료	batch RowID 1488-1687
1550	Data/NPCData/117.EDT	17	480	Oh, geez! Who's gonna clean up the mess? Look what you've done. I've cleaned up a lot of things in this place...mostly small messes. This one's gonna take all day.	아, 맙소사! 이 난장판은 누가 치우죠? 당신이 한 짓 좀 봐요. 여기서 별별 걸 다 치워봤지만... 대부분 작은 난장판이었어요. 이건 하루 종일 걸리겠네.	번역완료	batch RowID 1488-1687
1551	Data/NPCData/117.EDT	18	480	Finally... I got to put up with her crap every other day. Always the same story, nuthin' but complaints. Wish I still had my bike shop, but that business went belly up when the Queen cut off the fuel supply.	드디어... 이 여자는 하루가 멀다 하고 날 괴롭혀요. 늘 똑같은 얘기에 불평뿐이죠. 예전 자전거 가게가 아직 있었으면 좋겠는데, 여왕이 연료 공급을 끊자 그 장사도 망해버렸어요.	번역완료	batch RowID 1488-1687
1552	Data/NPCData/117.EDT	19	480	Okay... Now that she's out of the way. I got a feeling you aren't here to buy marital aids. Tony is in the back. I'm sure you'll be satisfied with his selection.	좋아요... 이제 저 여자가 사라졌으니. 보아하니 성인용품 사러 온 건 아닌 것 같군요. 토니는 뒤에 있습니다. 그 사람이 가진 물건들이라면 분명 만족하실 겁니다.	번역완료	batch RowID 1488-1687
1553	Data/NPCData/117.EDT	20	480	You will have to step it up. It's closing time.	좀 서두르셔야겠어요. 문 닫을 시간입니다.	번역완료	batch RowID 1488-1687
1554	Data/NPCData/117.EDT	21	480	Man, I tell ya, this woman is a pest.	정말이지, 이 여자 완전 골칫덩이라니까요.	번역완료	batch RowID 1488-1687
1555	Data/NPCData/117.EDT	22	480	I don't know why I put up with her. Wish all my customers were like that kid I had in earlier. Bought every porno magazine on the rack. That little punk with an earring was loaded with cash.	내가 왜 저 여자를 받아주는지 모르겠어요. 손님들이 아까 왔던 그 꼬마 같기만 하면 얼마나 좋아. 진열대의 포르노 잡지를 전부 샀거든요. 귀걸이 한 그 꼬맹이, 돈도 엄청 많더군요.	번역완료	batch RowID 1488-1687
1556	Data/NPCData/117.EDT	23	480	Don't know what he was planning on doing with them, but the last time I  saw him, he was headed out of town towards the abandoned mine.	그걸로 뭘 하려던 건지는 모르겠지만, 마지막으로 봤을 땐 도시 밖 버려진 광산 쪽으로 가고 있었어요.	번역완료	batch RowID 1488-1687
1557	Data/NPCData/117.EDT	24	480	Ya... As I recall, he might have been wearing a blue jacket and a yellow shirt.	그래... 기억이 맞다면 파란 재킷에 노란 셔츠를 입고 있었던 것 같아요.	번역완료	batch RowID 1488-1687
1558	Data/NPCData/117.EDT	25	480	How about we talk after the crossfire?	총격전 끝나고 얘기하는 게 어떻겠어요?	번역완료	batch RowID 1488-1687
1559	Data/NPCData/118.EDT	1	480	Good to meet ya. John Kulba from Cleveland, Ohio. The Gateway to the Great Lakes.	만나서 반갑습니다. 오하이오주 클리블랜드에서 온 존 쿨바예요. 오대호로 가는 관문이죠.	번역완료	batch RowID 1488-1687
1560	Data/NPCData/118.EDT	2	480	Remember me? John Kulba from Cleveland, Ohio. The Gateway to the Great Lakes.	나 기억합니까? 오하이오주 클리블랜드에서 온 존 쿨바. 오대호로 가는 관문 말이죠.	번역완료	batch RowID 1488-1687
1561	Data/NPCData/118.EDT	3	480	I used to work up at the steel plant. Been retired for over two years now.	예전엔 제철소에서 일했어요. 은퇴한 지는 벌써 2년이 넘었고요.	번역완료	batch RowID 1488-1687
1562	Data/NPCData/118.EDT	4	480	Kind of a backwards country down here, ain't it?	여긴 좀 낙후된 나라네요, 안 그렇습니까?	번역완료	batch RowID 1488-1687
1563	Data/NPCData/118.EDT	5	480	I don't have any room in my luggage. My wife bought a whole bunch of those Mary Lynn caps and T-shirts from the factory in Drassen. Haven't got a clue how we're gonna get it all back into the States.	짐에 빈자리가 하나도 없어요. 아내가 드라센 공장에서 메리 린 모자랑 티셔츠를 한가득 샀거든요. 이걸 전부 미국으로 어떻게 가져갈지 감도 안 잡힙니다.	번역완료	batch RowID 1488-1687
1564	Data/NPCData/118.EDT	6	480	Just between you, me, and the lamppost, I know what's going on down here. If you ask me, they were just begging for trouble when they elected a woman in charge.	당신과 나, 그리고 저 가로등만 아는 얘긴데, 난 여기서 무슨 일이 벌어지는지 압니다. 내 생각엔 여자를 지도자로 뽑았을 때부터 문제를 자초한 거예요.	번역완료	batch RowID 1488-1687
1565	Data/NPCData/118.EDT	7	480	Harassing an American abroad can get you in a lot of trouble. You don't want me reporting you to the embassy, do you?	해외에서 미국인을 괴롭혔다간 큰일 날 수 있어요. 내가 대사관에 신고하길 바라진 않겠죠?	번역완료	batch RowID 1488-1687
1566	Data/NPCData/118.EDT	8	480	I understand why you want me. Did a long stint with the Reserve. But, I been promising Mary a proper vacation for years. She'd be none too happy with me if I joined.	왜 날 원하는지는 이해합니다. 나도 예비군 생활을 오래 했거든요. 하지만 메리한테 제대로 된 휴가를 보내주겠다고 몇 년이나 약속했어요. 내가 합류하면 아내가 절대 좋아하지 않을 겁니다.	번역완료	batch RowID 1488-1687
1567	Data/NPCData/118.EDT	9	480	Goddamn... goddamn...	젠장... 젠장...	번역완료	batch RowID 1488-1687
1568	Data/NPCData/118.EDT	10	480	Well... we'll be seeing ya.	뭐... 또 보죠.	번역완료	batch RowID 1488-1687
1569	Data/NPCData/118.EDT	11	480	I can't take money from you.	당신한테 돈을 받을 순 없어요.	번역완료	batch RowID 1488-1687
1570	Data/NPCData/118.EDT	12	480	Excuse me... but I don't remember Drassen looking like this.	실례하지만... 드라센이 이렇게 생겼던 기억은 없는데요.	번역완료	batch RowID 1488-1687
1571	Data/NPCData/118.EDT	13	480	I'm afraid we really messed up good. Mary and I were supposed to be going to Aruba. My wife booked the tickets through one of her travel agent friends. Didn't know we were in the wrong country 'til we landed.	아무래도 우리가 제대로 크게 잘못 온 것 같아요. 메리와 난 아루바에 가기로 했거든요. 아내가 여행사에서 일하는 친구를 통해 표를 예약했죠. 착륙하고 나서야 나라를 잘못 왔다는 걸 알았습니다.	번역완료	batch RowID 1488-1687
1572	Data/NPCData/118.EDT	14	480	Mary, please, I'm trying to talk. I know the ticket said Arulco, but how was I supposed to know that's not how the Arubans spell Aruba. I mean... these people speak Arubic.	메리, 제발. 나 지금 얘기 중이잖아. 표에 아룰코라고 쓰여 있던 건 알아. 하지만 아루바 사람들이 아루바를 그렇게 안 쓰는 줄 내가 어떻게 알았겠어. 내 말은... 여기 사람들은 아루빅어를 쓰잖아.	번역완료	batch RowID 1488-1687
1573	Data/NPCData/118.EDT	15	480	Anyway, that guy, Pablo, at the airport didn't tell us nothing about any war. He even went on about all the tourist attractions this country has to offer, including this pile of rubble.	아무튼 공항의 파블로라는 자는 전쟁 얘기를 한마디도 안 했어요. 오히려 이 나라에 볼거리가 얼마나 많은지 늘어놓더군요. 이 돌무더기까지 관광명소라고 하면서요.	번역완료	batch RowID 1488-1687
1574	Data/NPCData/118.EDT	16	480	I wouldn't trust that slippery man to park my car. Now, I'm stuck here without a safe way to get back to the airport in Drassen. I can't wait to get my feet back on to American soil.	그 미꾸라지 같은 인간한테는 내 차 주차도 못 맡기겠어요. 이제 드라센 공항으로 안전하게 돌아갈 방법도 없이 여기 갇혔습니다. 빨리 다시 미국 땅을 밟고 싶어요.	번역완료	batch RowID 1488-1687
1575	Data/NPCData/118.EDT	17	480	I was wondering, maybe, if you can help. Could you give us a military escort to the airport in Drassen? I'm sure, somehow or other, I can compensate you for your efforts.	혹시 도와줄 수 있을까 해서요. 우리를 드라센 공항까지 군사 호위해줄 수 있습니까? 어떤 식으로든 수고에 대한 보답은 할 수 있을 겁니다.	번역완료	batch RowID 1488-1687
1576	Data/NPCData/118.EDT	18	480	I can't wait to get on the plane and into the sky.	빨리 비행기에 올라 하늘로 뜨고 싶군요.	번역완료	batch RowID 1488-1687
1577	Data/NPCData/118.EDT	19	480	You're worse than them!	당신들은 저놈들보다 더 나빠!	번역완료	batch RowID 1488-1687
1578	Data/NPCData/118.EDT	20	480	It's good to finally be here, but... losing Mary, it's hard to be grateful. I have no idea what to tell the children... and the grandchildren. It was a vacation I will never put behind me... Goodbye.	마침내 여기까지 온 건 다행이지만... 메리를 잃고 나니 고마워하기도 어렵군요. 아이들과... 손주들에게 뭐라고 말해야 할지 모르겠습니다. 평생 잊을 수 없는 휴가가 됐어요... 안녕히 계세요.	번역완료	batch RowID 1488-1687
1579	Data/NPCData/118.EDT	21	480	Can't believe I'm finally seeing this place. A dead town in a dead-end country.	드디어 이곳을 보게 될 줄은 몰랐군요. 막다른 나라의 죽은 도시라니.	번역완료	batch RowID 1488-1687
1580	Data/NPCData/118.EDT	22	480	Mary, do you have any money we can give to say thanks for all they've done?	메리, 이 사람들이 해준 일에 감사 표시로 줄 돈 좀 있나?	번역완료	batch RowID 1488-1687
1581	Data/NPCData/118.EDT	23	480	Come to think of it, I have something you can use, but it's at home. They wouldn't let me take it on the plane. Customized myself a pair of real handy  sidearms to take care of any burglars that might need to be shot.	생각해보니 당신들이 쓸 만한 게 하나 있어요. 다만 집에 있죠. 비행기에는 못 싣게 하더군요. 도둑이 들면 제대로 쏴주려고 꽤 쓸 만한 권총 한 쌍을 직접 개조해놨습니다.	번역완료	batch RowID 1488-1687
1582	Data/NPCData/118.EDT	24	480	I'll send it to you once I get back. I'm really kind of proud of them. Pack one darn mean punch. Thanks for everything. I realize you went out of your way.	집에 돌아가면 보내드릴게요. 나도 꽤 자랑스러워하는 물건들이에요. 화력이 아주 끝내주죠. 모든 일에 감사드립니다. 우리 때문에 일부러 수고해주신 거 알아요.	번역완료	batch RowID 1488-1687
1583	Data/NPCData/118.EDT	25	480	I can't wait to be bowling with my buddies again. Be none too soon to get all this behind me as far as I'm concerned.	빨리 친구들이랑 다시 볼링 치고 싶어요. 내 입장에선 이 모든 일을 하루라도 빨리 뒤로하고 싶습니다.	번역완료	batch RowID 1488-1687
1584	Data/NPCData/118.EDT	26	480	You must help my wife...	내 아내를 꼭 도와줘야 해요...	번역완료	batch RowID 1488-1687
1585	Data/NPCData/118.EDT	27	480	Thank you... We appreciate what you've done.	고맙습니다... 해주신 일에 정말 감사해요.	번역완료	batch RowID 1488-1687
1586	Data/NPCData/118.EDT	28	480	Is Mary all right... She is okay, right?	메리는 괜찮은 겁니까... 무사한 거죠?	번역완료	batch RowID 1488-1687
1587	Data/NPCData/118.EDT	29	480	We can't carry on a conversation now! It's too darn dangerous.	지금 대화를 할 수가 없잖아요! 너무 위험합니다.	번역완료	batch RowID 1488-1687
1588	Data/NPCData/118.EDT	30	480	Ya had me a little worried there. Didn't know if I'd ever see Drassen.	조금 걱정했잖아요. 내가 드라센을 다시 보긴 할 수 있을까 싶었습니다.	번역완료	batch RowID 1488-1687
1589	Data/NPCData/119.EDT	1	480	Mary Kulba from Cleveland, Ohio. It's nice to make your acquaintance.	메리 쿨바예요. 오하이오주 클리블랜드에서 왔어요. 만나서 반가워요.	번역완료	batch RowID 1488-1687
1590	Data/NPCData/119.EDT	2	480	Remember me? Mary Kulba from Cleveland, Ohio.	저 기억하시죠? 오하이오주 클리블랜드에서 온 메리 쿨바예요.	번역완료	batch RowID 1488-1687
1591	Data/NPCData/119.EDT	3	480	I never thought I'd find myself in the middle of a war.	제가 전쟁 한가운데 있게 될 줄은 꿈에도 몰랐어요.	번역완료	batch RowID 1488-1687
1592	Data/NPCData/119.EDT	4	480	John's terrible when it comes to organizing vacations. I spent my honeymoon in Paris... Texas.	존은 휴가 계획을 정말 못 세워요. 신혼여행도 파리에 갔었죠... 텍사스주 파리요.	번역완료	batch RowID 1488-1687
1593	Data/NPCData/119.EDT	5	480	Sure... Thanks a lot, now.	그럼요... 정말 고마워요.	번역완료	batch RowID 1488-1687
1594	Data/NPCData/119.EDT	6	480	I wanted to go to Disneyland in Orlando. It was John who insisted on going to Aruba. All because his brother went, and won't stop going on about it.	전 올랜도의 디즈니랜드에 가고 싶었어요. 아루바로 가자고 우긴 건 존이에요. 자기 형제가 다녀온 뒤로 그 얘기만 계속한다는 이유 하나로요.	번역완료	batch RowID 1488-1687
1595	Data/NPCData/119.EDT	7	480	I'll do whatever you say.	말씀하시는 대로 할게요.	번역완료	batch RowID 1488-1687
1596	Data/NPCData/119.EDT	8	480	Oh, John would never allow me to join.	오, 존은 제가 합류하는 걸 절대 허락하지 않을 거예요.	번역완료	batch RowID 1488-1687
1597	Data/NPCData/119.EDT	9	480	Oh, my gosh... I'm bleeding John... John?	세상에... 나 피 나요, 존... 존?	번역완료	batch RowID 1488-1687
1598	Data/NPCData/119.EDT	10	480	It was nice meeting you. I hope everything works out.	만나서 반가웠어요. 모든 일이 잘 풀리길 바라요.	번역완료	batch RowID 1488-1687
1599	Data/NPCData/119.EDT	11	480	Oh, no, you keep it. You can pick up all kinds of stuff at the Mary Lynn factory in Drassen. With the exchange rate, they're practically giving the stuff away.	아뇨, 그냥 가지세요. 드라센의 메리 린 공장에 가면 별별 물건을 다 살 수 있어요. 환율 때문에 거의 거저 주는 수준이죠.	번역완료	batch RowID 1488-1687
1600	Data/NPCData/119.EDT	12	480	Well... that's not quite true, John. Paula told us to check the tickets and make sure everything was okay. You checked them, John. I specifically remember you checking them.	글쎄요... 그건 완전히 사실이 아니잖아요, 존. 폴라가 표를 확인해서 문제가 없는지 꼭 보라고 했어요. 표를 확인한 건 당신이에요, 존. 당신이 확인하던 걸 분명히 기억한다고요.	번역완료	batch RowID 1488-1687
1601	Data/NPCData/119.EDT	13	480	John was crazy for trusting you.	존이 당신들을 믿은 건 미친 짓이었어요.	번역완료	batch RowID 1488-1687
1602	Data/NPCData/119.EDT	14	480	I don't see the airport.	공항이 안 보이는데요.	번역완료	batch RowID 1488-1687
1603	Data/NPCData/119.EDT	15	480	The sooner I see the airport the better.	공항은 빨리 볼수록 좋아요.	번역완료	batch RowID 1488-1687
1604	Data/NPCData/119.EDT	16	480	My husband has no appreciation for history.	우리 남편은 역사에 대한 감상이 전혀 없어요.	번역완료	batch RowID 1488-1687
1605	Data/NPCData/119.EDT	17	480	I have very mixed feelings about it. At least I'll see my grandchildren again, but they'll miss John. So will I. Oh, thank you nonetheless.	마음이 참 복잡해요. 적어도 손주들은 다시 보겠지만, 아이들은 존을 그리워하겠죠. 저도 그럴 거고요. 그래도 정말 고마워요.	번역완료	batch RowID 1488-1687
1606	Data/NPCData/119.EDT	18	480	This is all the vacation money we have. But, I don't mind giving it to you in the least. Just to be safely out of this country and back into the arms of my children and grandchildren, oh it's worth every dime.	이게 저희가 가진 휴가비 전부예요. 그래도 당신에게 드리는 건 전혀 아깝지 않아요. 이 나라를 무사히 빠져나가 아이들과 손주들 품으로 돌아갈 수만 있다면 한 푼도 아깝지 않죠.	번역완료	batch RowID 1488-1687
1607	Data/NPCData/119.EDT	19	480	I just want to be in Cleveland. My mind is already there.	전 그냥 클리블랜드에 있고 싶어요. 마음은 벌써 거기에 가 있어요.	번역완료	batch RowID 1488-1687
1608	Data/NPCData/119.EDT	20	480	My husband is in pain.	제 남편이 아파요.	번역완료	batch RowID 1488-1687
1609	Data/NPCData/119.EDT	21	480	Oh my God, John... John...	세상에, 존... 존...	번역완료	batch RowID 1488-1687
1610	Data/NPCData/119.EDT	22	480	Oh, no... Oh, no...	아, 안 돼... 안 돼...	번역완료	batch RowID 1488-1687
1611	Data/NPCData/119.EDT	23	480	Oh my! How can you even think about talking right now?	세상에! 지금 어떻게 대화할 생각을 할 수 있어요?	번역완료	batch RowID 1488-1687
1612	Data/NPCData/119.EDT	24	480	Finally. I thought you were going to leave me here forever.	드디어 왔군요. 절 여기 영원히 버려두는 줄 알았어요.	번역완료	batch RowID 1488-1687
1613	Data/NPCData/120.EDT	1	480	Figured you'd be showin' sooner or later.	언젠가는 나타날 줄 알았지.	번역완료	batch RowID 1488-1687
1614	Data/NPCData/120.EDT	2	480	Back away, soldier.	물러서, 군인.	번역완료	batch RowID 1488-1687
1615	Data/NPCData/120.EDT	3	480	You're playing with your life, soldier.	네 목숨을 가지고 장난치는군, 군인.	번역완료	batch RowID 1488-1687
1616	Data/NPCData/120.EDT	4	480	Your time will come.	네 차례도 올 거다.	번역완료	batch RowID 1488-1687
1617	Data/NPCData/120.EDT	5	480	I don't accept bribes.	난 뇌물은 받지 않아.	번역완료	batch RowID 1488-1687
1618	Data/NPCData/120.EDT	6	480	You're not getting the hint, are ya?	아직도 눈치를 못 챘나?	번역완료	batch RowID 1488-1687
1619	Data/NPCData/120.EDT	7	480	Why don't you go play in some crossfire, kid. I'm not the least bit scared of ya.	총알 날아다니는 데 가서 놀지 그래, 꼬마. 난 네가 조금도 안 무섭다.	번역완료	batch RowID 1488-1687
1620	Data/NPCData/120.EDT	8	480	You must be joking.	농담하는 거겠지.	번역완료	batch RowID 1488-1687
1621	Data/NPCData/120.EDT	9	480	Call a medic!	의무병 불러!	번역완료	batch RowID 1488-1687
1622	Data/NPCData/120.EDT	10	480	Enjoy your life while it lasts, soldier!	살아 있을 때 인생을 즐겨라, 군인!	번역완료	batch RowID 1488-1687
1623	Data/NPCData/120.EDT	11	480	All right. Now, buzz off.	좋아. 이제 꺼져.	번역완료	batch RowID 1488-1687
1624	Data/NPCData/120.EDT	12	480	Prepare to die!	죽을 준비나 해!	번역완료	batch RowID 1488-1687
1625	Data/NPCData/120.EDT	13	480	Do not allow yourself to believe you're anywhere close to winning this war, soldier. Deidranna has Meduna fortified enough to stop an army. Any army!	이 전쟁에서 거의 이겼다고 착각하지 마라, 군인. 데이드라나는 메두나를 군대 하나쯤은 막아낼 만큼 요새화해뒀어. 어떤 군대든 말이야!	번역완료	batch RowID 1488-1687
1626	Data/NPCData/120.EDT	14	480	And while you're wasting your time mingling amongst the peasants, she's building new weapons in Orta. Weapons like you've never seen, soldier.	네가 농민들 사이에서 어울려 다니며 시간 낭비하는 동안, 그 여자는 오르타에서 새 무기를 만들고 있지. 네가 한 번도 본 적 없는 무기들이다, 군인.	번역완료	batch RowID 1488-1687
1627	Data/NPCData/120.EDT	15	480	I don't want your money, soldier.	네 돈은 필요 없다, 군인.	번역완료	batch RowID 1488-1687
1628	Data/NPCData/121.EDT	1	480	Hold your fire. I will not harm you.	쏘지 마라. 나는 당신 해치지 않는다.	번역완료	batch RowID 1488-1687
1629	Data/NPCData/121.EDT	2	480	It be good to see you again.	다시 봐서 좋다.	번역완료	batch RowID 1488-1687
1630	Data/NPCData/121.EDT	3	480	I have family, son, daughter and beautiful wife. I want to go home to them. Not to die here.	나 가족 있다. 아들, 딸, 아름다운 아내. 그들에게 집으로 돌아가고 싶다. 여기서 죽고 싶지 않다.	번역완료	batch RowID 1488-1687
1631	Data/NPCData/121.EDT	4	480	This is not the future I had in mind. The Arulcan army drafted me, and left me no choice.	이건 내가 생각한 미래 아니다. 아룰코 군대가 나 징집했다. 선택 없었다.	번역완료	batch RowID 1488-1687
1632	Data/NPCData/121.EDT	5	480	No, it is better with you.	아니, 당신이 가지는 게 낫다.	번역완료	batch RowID 1488-1687
1633	Data/NPCData/121.EDT	6	480	You have long road ahead, and I will not stand in your way. Please, just let me go.	당신 앞길 멀다. 나는 방해하지 않는다. 제발, 그냥 보내줘.	번역완료	batch RowID 1488-1687
1634	Data/NPCData/121.EDT	7	480	I beg you to reconsider. Is not what you think! I am here by force.	다시 생각해달라. 당신 생각하는 그런 것 아니다! 나 강제로 여기 왔다.	번역완료	batch RowID 1488-1687
1635	Data/NPCData/121.EDT	8	480	No, I can't. They would catch me, and it would be much, much worse.	안 된다. 놈들이 나 잡는다. 그러면 훨씬, 훨씬 나빠진다.	번역완료	batch RowID 1488-1687
1636	Data/NPCData/121.EDT	9	480	Medicine... doctor.	약... 의사.	번역완료	batch RowID 1488-1687
1637	Data/NPCData/121.EDT	10	480	Perhaps, I go now. I remember to say good word for you amongst the people of the town.	이제 가도 될 것 같다. 마을 사람들한테 당신 좋은 사람이라고 말하겠다.	번역완료	batch RowID 1488-1687
1638	Data/NPCData/121.EDT	11	480	Ah, that is better.	아, 좋아졌다.	번역완료	batch RowID 1488-1687
1639	Data/NPCData/121.EDT	12	480	You leave no choice.	당신이 선택 없게 한다.	번역완료	batch RowID 1488-1687
1640	Data/NPCData/121.EDT	13	480	I have proposition for you if you spare my life. I know where you can get a weapon. A very special weapon developed by the Queen's researchers in Orta. They are only given to her elite guards.	내 목숨 살려주면 제안 있다. 무기 어디서 구하는지 안다. 오르타에서 여왕 연구원들이 만든 아주 특별한 무기다. 정예 경비대에게만 준다.	번역완료	batch RowID 1488-1687
1641	Data/NPCData/121.EDT	14	480	It is a powerful rifle that fires laser-guided, miniature rockets. This weapon is so destructive that its use is limited to the person whose fingerprints are encoded in the firing mechanism.	강력한 소총이다. 레이저 유도 소형 로켓을 쏜다. 너무 파괴적이라 발사장치에 지문 등록된 사람만 사용할 수 있다.	번역완료	batch RowID 1488-1687
1642	Data/NPCData/121.EDT	15	480	The fingerprint can be reset, but it would require someone with a good knowledge of electronics and a great deal of time if they are unfamiliar with it... Spare my life, and it is yours.	지문은 초기화할 수 있다. 하지만 전자장비 잘 아는 사람 필요하고, 익숙하지 않으면 시간 아주 많이 든다... 내 목숨 살려줘. 그러면 당신 것이다.	번역완료	batch RowID 1488-1687
1643	Data/NPCData/121.EDT	16	480	It is a deal. I will trust you to keep your end of the bargain. I promise to speak highly of you amongst my friends and family, many of whom are in a position of influence.	거래다. 당신이 약속 지킬 거라 믿는다. 친구와 가족에게 당신 좋게 말하겠다. 그중 영향력 있는 사람 많다.	번역완료	batch RowID 1488-1687
1644	Data/NPCData/121.EDT	17	480	Here. It is brand new. The fingerprint of the user has not yet been set, so you must choose the first person to use it carefully. Only they will be able to fire it. I will not forget what you have done.	여기. 새것이다. 아직 사용자 지문 설정 안 됐다. 첫 사용자는 신중히 골라야 한다. 그 사람만 쏠 수 있다. 당신이 한 일 잊지 않는다.	번역완료	batch RowID 1488-1687
1645	Data/NPCData/121.EDT	18	480	Very well...	좋다...	번역완료	batch RowID 1488-1687
1646	Data/NPCData/121.EDT	19	480	Sh. Thanks. I keep it between us.	쉿. 고맙다. 우리 둘만 안다.	번역완료	batch RowID 1488-1687
1647	Data/NPCData/122.EDT	1	480	Don't believe we've met. In fact, I don't believe you got in here! I am Armand Ricci, and whatever business you're in Balime to conduct, I suggest you leave us out of it.	우리가 만난 적은 없는 것 같군. 아니, 애초에 당신이 여기 들어온 것부터 믿기지 않는군! 나는 아르망 리치요. 발리메에서 무슨 일을 하러 왔든 우리 가족은 끌어들이지 않는 게 좋을 거요.	번역완료	batch RowID 1488-1687
1648	Data/NPCData/122.EDT	2	480	Well, we meet again.	흠, 또 만났군.	번역완료	batch RowID 1488-1687
1649	Data/NPCData/122.EDT	3	480	This war has been a bother. It is especially hard for my wife. She's used to coming and going as she pleases.	이 전쟁은 정말 성가시군. 특히 내 아내에겐 더 힘든 일이오. 하고 싶은 대로 드나드는 데 익숙한 사람이라서.	번역완료	batch RowID 1488-1687
1650	Data/NPCData/122.EDT	4	480	My wife doesn't deal well with stress, and frankly, when she's upset, I find it very tiring.	내 아내는 스트레스를 잘 견디지 못하오. 솔직히 말해 아내가 속상해하면 나도 무척 피곤해지지.	번역완료	batch RowID 1488-1687
1651	Data/NPCData/122.EDT	5	480	You must be kidding? This? I am a man of taste. HIGH taste.	농담하는 거요? 이걸? 나는 안목이 있는 사람이오. 아주 고급스러운 안목 말이오.	번역완료	batch RowID 1488-1687
1652	Data/NPCData/122.EDT	6	480	Soldiers in the house! This war! Well! We hardly expected it! Somewhat caught behind enemy lines, I'd say. Of course, now that you're here, I'm not certain where the hell the lines are!	집 안에 군인이라니! 이 전쟁! 세상에! 이런 일은 전혀 예상 못 했소! 적진 한복판에 갇힌 셈이군. 물론 이제 당신들이 여기 있으니 대체 어디부터가 적진인지도 모르겠지만!	번역완료	batch RowID 1488-1687
1653	Data/NPCData/122.EDT	7	480	Oh, please, don't threaten me. You really have no idea how much I hear that. It's tiresome.	아, 제발 협박은 그만하시오. 내가 그런 말을 얼마나 자주 듣는지 당신은 모를 거요. 정말 지겹소.	번역완료	batch RowID 1488-1687
1654	Data/NPCData/122.EDT	8	480	No. In fact, I suggest you change your minds. The Queen is a powerful woman and a dear friend.	싫소. 오히려 당신들이 생각을 바꾸라고 권하고 싶군. 여왕은 강력한 여자고 내 소중한 친구요.	번역완료	batch RowID 1488-1687
1655	Data/NPCData/122.EDT	9	480	Don't just stand there. Get me a doctor!	멍하니 서 있지 말고 의사부터 불러!	번역완료	batch RowID 1488-1687
1656	Data/NPCData/122.EDT	10	480	Well, this little conversation has been thrilling, but...	뭐, 이 짧은 대화도 아주 흥미진진했지만...	번역완료	batch RowID 1488-1687
1657	Data/NPCData/122.EDT	11	480	Had you waited another minute, I could have died.	1분만 더 늦었으면 죽을 뻔했소.	번역완료	batch RowID 1488-1687
1658	Data/NPCData/122.EDT	12	480	God forgive you...	하느님께서 당신을 용서하시길...	번역완료	batch RowID 1488-1687
1659	Data/NPCData/122.EDT	13	480	I've worked hard to keep my house and belongings secure. Now, this war has already taken enough of a toll on my family. I absolutely REFUSE to be subjected to your little rants. You'll get nothing from me! Now leave!	나는 이 집과 재산을 지키려고 열심히 살아왔소. 이 전쟁만으로도 우리 가족은 이미 충분히 피해를 봤어. 당신의 그 하찮은 호통까지 들어줄 생각은 절대로 없소. 내게선 아무것도 못 얻을 거요! 이제 나가시오!	번역완료	batch RowID 1488-1687
1660	Data/NPCData/122.EDT	14	480	Look! I have made myself more than clear. And don't think I don't know what you're after! Well, you WON'T get it! Now leave. I've already paid my allegiance, such as it were.	이봐! 내 뜻은 충분히 분명히 밝혔소. 그리고 당신들이 뭘 노리는지 내가 모른다고 생각하지 마시오! 절대 못 가져가! 이제 나가시오. 충성 표시로 낼 건 이미 냈으니까, 뭐 그런 셈이지.	번역완료	batch RowID 1488-1687
1661	Data/NPCData/122.EDT	15	480	For God's sake! What do you want? Just take it easy. Don't do anything you'll regret. I'll... I'll give you what you want. Just, just let us be. What is Arulco coming to?	제발 좀! 뭘 원하는 거요? 진정하시오. 후회할 짓은 하지 말고. 내... 원하는 걸 주겠소. 그러니, 그러니 우리를 그냥 내버려두시오. 아룰코가 대체 어떻게 되려는 건지!	번역완료	batch RowID 1488-1687
1662	Data/NPCData/122.EDT	16	480	Please. I don't need your handouts.	됐소. 당신 적선은 필요 없소.	번역완료	batch RowID 1488-1687
1663	Data/NPCData/122.EDT	17	480	If you wish to speak with me, I suggest you get this little skirmish under control first.	나와 이야기하고 싶다면 우선 이 조그만 교전부터 정리하는 게 좋겠소.	번역완료	batch RowID 1488-1687
1664	Data/NPCData/123.EDT	1	480	Oh, God. Who left the cage open at the zoo?	세상에. 동물원 우리를 누가 열어놓은 거야?	번역완료	batch RowID 1488-1687
1665	Data/NPCData/123.EDT	2	480	And I even get the pleasure of repeat visits.	게다가 또 찾아오는 기쁨까지 누리게 됐네.	번역완료	batch RowID 1488-1687
1666	Data/NPCData/123.EDT	3	480	I hate this place. I mean really, you can't even get a good tan here.	난 이곳이 정말 싫어. 진짜로, 여기선 제대로 선탠조차 할 수 없다니까.	번역완료	batch RowID 1488-1687
1667	Data/NPCData/123.EDT	4	480	"Armand's such a fool. He says the place has ""culture,"" but have you seen so much as one Gucci bag? No. None! I want civilization and I want it now!"	아르망은 정말 바보야. 여긴 '문화'가 있다나 뭐라나. 그런데 구찌 가방 하나라도 본 적 있어? 없잖아. 하나도! 난 문명을 원해. 지금 당장!	번역완료	batch RowID 1488-1687
1668	Data/NPCData/123.EDT	5	480	Please. Where'd you get that? K-Mart?	제발. 그거 어디서 샀어? 케이마트?	번역완료	batch RowID 1488-1687
1669	Data/NPCData/123.EDT	6	480	Just look at my nails. I've already missed three appointments. I mean, this is a complete travesty, and I won't stand for it anymore.	내 손톱 좀 봐. 예약을 벌써 세 번이나 놓쳤어. 정말 이건 완전 재앙이야. 더는 못 참겠어.	번역완료	batch RowID 1488-1687
1670	Data/NPCData/123.EDT	7	480	Obviously, you don't know who you're talking to. I'm Lora Ricci.  Bow, kiss my hand, or worship me from afar, but for Godsake's, don't yell at me!	당신, 지금 누구한테 말하는지도 모르는 모양이네. 난 로라 리치야. 절을 하든, 내 손에 입을 맞추든, 멀리서 숭배하든 마음대로 해. 하지만 제발 나한테 소리 지르진 마!	번역완료	batch RowID 1488-1687
1671	Data/NPCData/123.EDT	8	480	Please, I wouldn't be seen with you, much less work for my money.	제발, 당신과 같이 있는 모습조차 보이기 싫은데 돈 받으려고 일까지 하겠어?	번역완료	batch RowID 1488-1687
1672	Data/NPCData/123.EDT	9	480	Oh! God! I'm hurt!	아! 세상에! 나 다쳤어!	번역완료	batch RowID 1488-1687
1673	Data/NPCData/123.EDT	10	480	Well, this is more fun than I can stand.	아, 정말 너무 재미있어서 못 견디겠네.	번역완료	batch RowID 1488-1687
1674	Data/NPCData/123.EDT	11	480	Oh, I feel better now. Thank you. I'll get Armand to write you a check.	오, 이제 좀 낫네. 고마워. 아르망한테 수표 써주라고 할게.	번역완료	batch RowID 1488-1687
1675	Data/NPCData/123.EDT	12	480	You've pissed me off!	너 때문에 열받았어!	번역완료	batch RowID 1488-1687
1676	Data/NPCData/123.EDT	13	480	Now we're talking!	그래, 이제 말이 좀 통하네!	번역완료	batch RowID 1488-1687
1677	Data/NPCData/123.EDT	14	480	Stop the fighting first! I'm not taking a bullet for you.	싸움부터 끝내! 너 대신 총 맞을 생각은 없으니까.	번역완료	batch RowID 1488-1687
1678	Data/NPCData/124.EDT	1	480	How do? Franz Hinkle. Purveyor of the finest electronics and other goods in Arulco.	안녕하시오? 프란츠 힝클이오. 아룰코 최고의 전자제품과 그 밖의 상품을 취급하지.	번역완료	batch RowID 1488-1687
1679	Data/NPCData/124.EDT	2	480	Ja, gut to see you again.	야, 구트. 다시 보니 반갑군요.	번역완료	batch RowID 1488-1687
1680	Data/NPCData/124.EDT	3	480	Fascinating what they're doing with wireless these days, no?	요즘 무선 기술로 별걸 다 하지 않소? 참 흥미롭지, 야?	번역완료	batch RowID 1488-1687
1681	Data/NPCData/124.EDT	4	480	Something I can help you with?	내가 도와줄 일이 있소?	번역완료	batch RowID 1488-1687
1682	Data/NPCData/124.EDT	5	480	Danke, but I have no use for that.	당케, 하지만 그건 내게 쓸모가 없소.	번역완료	batch RowID 1488-1687
1683	Data/NPCData/124.EDT	6	480	All right then. What do you need?	좋소. 그럼 뭘 필요로 하시오?	번역완료	batch RowID 1488-1687
1684	Data/NPCData/124.EDT	7	480	I look excitable to you, ja? I get upset, I cross wires. It's no good for anyone.	내가 흥분 잘하게 생겼소, 야? 화나면 전선을 잘못 잇거든. 누구한테도 좋을 게 없지.	번역완료	batch RowID 1488-1687
1685	Data/NPCData/124.EDT	8	480	I don't think so. I get all the action I can handle in other ways.	그럴 생각 없소. 다른 식으로도 충분히 짜릿한 일을 겪고 있으니까.	번역완료	batch RowID 1488-1687
1686	Data/NPCData/124.EDT	9	480	I think... I should see a doctor.	아무래도... 의사를 봐야겠소.	번역완료	batch RowID 1488-1687
1687	Data/NPCData/124.EDT	10	480	You come see me if you need me.	필요한 거 있으면 나 찾아오시오.	번역완료	batch RowID 1488-1687
1688	Data/NPCData/124.EDT	11	480	There's something you want to buy, ja?	뭔가 사고 싶은 게 있소, 야?	번역완료	batch RowID 1688-1887
1689	Data/NPCData/124.EDT	12	480	Everything's right there. Let me know what interests you.	물건은 전부 저기 있소. 관심 가는 게 있으면 말해주시오.	번역완료	batch RowID 1688-1887
1690	Data/NPCData/124.EDT	13	480	Ja, I have quite a bit to offer, especially for Arulco, no?	야, 내가 내놓을 물건이 꽤 많지. 특히 아룰코 치고는 말이오, 그렇지?	번역완료	batch RowID 1688-1887
1691	Data/NPCData/124.EDT	14	480	"I tried one of those ""Don't pay a cent event"" sales, but the first five customers were shot dead before they paid a cent. It's unpredictable here. Now, I take my money at time of purchase."	'한 푼도 내지 마세요' 행사를 해봤는데, 첫 손님 다섯 명이 한 푼 내기도 전에 총 맞아 죽었소. 여긴 앞일을 알 수가 없어. 그래서 이제는 살 때 바로 돈을 받지.	번역완료	batch RowID 1688-1887
1692	Data/NPCData/124.EDT	15	480	Maybe we can work out a deal for this, no?	이건 거래를 좀 맞춰볼 수도 있겠군, 그렇지?	번역완료	batch RowID 1688-1887
1693	Data/NPCData/124.EDT	16	480	Something you'd like to sell, ja?	팔고 싶은 물건이 있소, 야?	번역완료	batch RowID 1688-1887
1694	Data/NPCData/124.EDT	17	480	All right, then. Just give me a minute.	좋소. 잠깐만 기다리시오.	번역완료	batch RowID 1688-1887
1695	Data/NPCData/124.EDT	18	480	Hm. No, I am only interested in certain things, ja?	흠. 아니오. 난 특정 물건만 관심 있소, 야?	번역완료	batch RowID 1688-1887
1696	Data/NPCData/124.EDT	19	480	Worth nothing! Maybe sell it to an Aussie, ja? They like junk.	가치가 하나도 없군! 호주 사람한테 팔아보시오, 야? 그런 사람들은 고물을 좋아하니까.	번역완료	batch RowID 1688-1887
1697	Data/NPCData/124.EDT	20	480	Hm. This has seen better days, ja? Cannot give you much.	흠. 좋은 시절은 다 지난 물건이군, 야? 많이는 못 주겠소.	번역완료	batch RowID 1688-1887
1698	Data/NPCData/124.EDT	21	480	This looks good. I'll make you fine deal.	이건 괜찮아 보이는군. 좋은 값 쳐주겠소.	번역완료	batch RowID 1688-1887
1699	Data/NPCData/124.EDT	22	480	Let's see, no, no. There's not enough here for what you want to purchase.	어디 보자, 아니, 아니. 사고 싶은 물건 값에는 이걸로 부족하오.	번역완료	batch RowID 1688-1887
1700	Data/NPCData/124.EDT	23	480	Great! Business is booming. I knew it would pick up.	좋아! 장사가 잘되는군. 다시 살아날 줄 알았지.	번역완료	batch RowID 1688-1887
1701	Data/NPCData/124.EDT	24	480	Good! And here's your change.	좋소! 여기 거스름돈이오.	번역완료	batch RowID 1688-1887
1702	Data/NPCData/124.EDT	25	480	You keep me in mind in the future. Remember Franz Hinkle's finest electronics and other goods. Has a ring to it, ja?	다음에도 날 기억해두시오. 프란츠 힝클의 최고급 전자제품과 잡화! 이름이 그럴듯하지, 야?	번역완료	batch RowID 1688-1887
1703	Data/NPCData/124.EDT	26	480	Another time, maybe.	다음에, 아마도.	번역완료	batch RowID 1688-1887
1704	Data/NPCData/124.EDT	27	480	Leaving this here?	이걸 여기 두고 가는 거요?	번역완료	batch RowID 1688-1887
1705	Data/NPCData/124.EDT	28	480	No offense, but I can't buy anymore right now. I been saving for an omni-directional antenna. Maybe when business picks up, ja?	기분 나쁘게 듣진 마시오. 지금은 더 못 사겠소. 전방향 안테나를 사려고 돈 모으는 중이라서. 장사가 좀 나아지면, 야?	번역완료	batch RowID 1688-1887
1706	Data/NPCData/124.EDT	29	480	You have more nerve than common sense!	당신, 상식보다 배짱이 더 크군!	번역완료	batch RowID 1688-1887
1707	Data/NPCData/124.EDT	30	480	I feel okay now, ja.	이제 괜찮아졌소, 야.	번역완료	batch RowID 1688-1887
1708	Data/NPCData/124.EDT	31	480	When the shooting stops, you come see me.	총질이 끝나면 다시 찾아오시오.	번역완료	batch RowID 1688-1887
1709	Data/NPCData/124.EDT	32	480	The war goes good for you, ja? I am glad to hear this.	전쟁이 잘 풀리고 있소, 야? 듣던 중 반가운 소식이군.	번역완료	batch RowID 1688-1887
1710	Data/NPCData/124.EDT	33	480	Things are tough for you now, ja? Franz cannot pick sides. You try harder. Everybody's a customer.	요즘 힘들지, 야? 프란츠는 편을 들 수 없어. 더 힘내시오. 누구든 손님이니까.	번역완료	batch RowID 1688-1887
1711	Data/NPCData/124.EDT	34	480	"Well, look at the time, ja? I need to flip the sign to the ""closed"" side, if you know what I mean."	이런, 시간 좀 보시오, 야? 무슨 말인지 알겠지만, 이제 간판을 '영업 종료' 쪽으로 돌려야겠군.	번역완료	batch RowID 1688-1887
1712	Data/NPCData/125.EDT	1	480	Well, hello there! Haven't seen you around before. Welcome to Howard's Pharmacy.	아, 안녕하세요! 처음 보는 얼굴이군요. 하워드 약국에 오신 걸 환영합니다.	번역완료	batch RowID 1688-1887
1713	Data/NPCData/125.EDT	2	480	Good to see you again.	또 보니 반갑군요.	번역완료	batch RowID 1688-1887
1714	Data/NPCData/125.EDT	3	480	Hard to keep things in stock down here, what with all this fighting going on.	싸움이 계속되니 재고를 유지하기가 참 어렵습니다.	번역완료	batch RowID 1688-1887
1715	Data/NPCData/125.EDT	4	480	In your line of work, heh-he, I bet you go through a lot of medical supplies.	당신 같은 일을 하면, 헤헤, 의료용품을 꽤 많이 쓰겠군요.	번역완료	batch RowID 1688-1887
1716	Data/NPCData/125.EDT	5	480	No, no, you go ahead and keep that for yourself.	아니, 아니. 그건 당신이 가지세요.	번역완료	batch RowID 1688-1887
1717	Data/NPCData/125.EDT	6	480	Yeah, I arrived here about twenty years ago now, I guess. Thought I might be able to get a good little business going, maybe franchise even. That's kinda been put on hold for a bit.	그래요, 여기 온 지도 이제 한 20년쯤 됐네요. 괜찮은 장사를 하나 일으켜서, 어쩌면 체인점까지 내볼까 했죠. 지금은 잠시 미뤄둔 셈이고요.	번역완료	batch RowID 1688-1887
1718	Data/NPCData/125.EDT	7	480	No need to get upset! Good Lord, I'm a pharmacist, not a terrorist. Maybe you should be on blood pressure medication.	흥분할 필요 없어요! 세상에, 난 약사이지 테러리스트가 아닙니다. 혈압약이라도 드셔야겠네요.	번역완료	batch RowID 1688-1887
1719	Data/NPCData/125.EDT	8	480	No, no, I don't think so. Use up enough bandages 'round here without me needin' them, too.	아니, 아니. 됐습니다. 여기선 나까지 붕대를 쓸 필요 없이도 충분히 많이 나가니까요.	번역완료	batch RowID 1688-1887
1720	Data/NPCData/125.EDT	9	480	I shoulda taken... that free first... aid course.	그 무료 응급... 처치 강좌를... 들었어야 했는데.	번역완료	batch RowID 1688-1887
1721	Data/NPCData/125.EDT	10	480	Well, now if you'll pardon me, I got other fish to fry.	그럼 실례하죠. 나도 처리할 일이 좀 있어서요.	번역완료	batch RowID 1688-1887
1722	Data/NPCData/125.EDT	11	480	Oh, no thank you. I couldn't just take it from ya.	아뇨, 고맙습니다. 그냥 받을 순 없죠.	번역완료	batch RowID 1688-1887
1723	Data/NPCData/125.EDT	12	480	All right, then. Have yourself a look and let me know if there's anything you'd like.	좋습니다. 천천히 둘러보고 마음에 드는 게 있으면 말해주세요.	번역완료	batch RowID 1688-1887
1724	Data/NPCData/125.EDT	13	480	Take your time. Things are way too rushed nowadays.	천천히 보세요. 요즘 세상은 뭐든 너무 서두르니까.	번역완료	batch RowID 1688-1887
1725	Data/NPCData/125.EDT	14	480	I was thinking of opening an outlet in Cambria just before all hell broke loose. Patients would have just had to walk across the street from the hospital to get their prescriptions filled.	이 난리가 터지기 직전에 캄브리아에 지점을 하나 낼까 생각했어요. 병원 환자들이 길만 건너오면 처방약을 받을 수 있게 말이죠.	번역완료	batch RowID 1688-1887
1726	Data/NPCData/125.EDT	15	480	We might be able to do some kind of trade, if that's what you're interested in.	원하시는 게 그런 거라면, 물물교환도 할 수 있을 겁니다.	번역완료	batch RowID 1688-1887
1727	Data/NPCData/125.EDT	16	480	Fixin' to sell this, I gather.	이걸 팔려는 모양이군요.	번역완료	batch RowID 1688-1887
1728	Data/NPCData/125.EDT	17	480	Sure thing. Let me take a look here.	좋아요. 어디 한번 봅시다.	번역완료	batch RowID 1688-1887
1729	Data/NPCData/125.EDT	18	480	Well, I thought you mighta figured out that I'm only interested in pharmaceuticals.	내가 의약품에만 관심 있다는 건 이제 아실 줄 알았는데요.	번역완료	batch RowID 1688-1887
1730	Data/NPCData/125.EDT	19	480	Well, how can I say this nicely? Ain't worth a shiny penny, friend.	이걸 좋게 말하려면... 친구, 반짝이는 동전 한 닢 가치도 없네요.	번역완료	batch RowID 1688-1887
1731	Data/NPCData/125.EDT	20	480	Sure has taken a pounding. Can't give you too much for it.	꽤 심하게 망가졌군요. 많이는 못 드리겠습니다.	번역완료	batch RowID 1688-1887
1732	Data/NPCData/125.EDT	21	480	Sure, we can do a deal here. You'll get your money's worth.	좋아요, 거래할 수 있겠군요. 돈값은 받을 겁니다.	번역완료	batch RowID 1688-1887
1733	Data/NPCData/125.EDT	22	480	But there doesn't seem to be quite enough here to cover it.	하지만 이걸로는 값을 다 치르기엔 조금 부족해 보이는군요.	번역완료	batch RowID 1688-1887
1734	Data/NPCData/125.EDT	23	480	I thank you, and here's your goods.	감사합니다. 여기 물건 받으세요.	번역완료	batch RowID 1688-1887
1735	Data/NPCData/125.EDT	24	480	Thank you kindly, and here's your change.	정말 고맙습니다. 여기 거스름돈이고요.	번역완료	batch RowID 1688-1887
1736	Data/NPCData/125.EDT	25	480	I appreciate your business...	이용해주셔서 감사합니다...	번역완료	batch RowID 1688-1887
1737	Data/NPCData/125.EDT	26	480	Well, maybe next time.	뭐, 다음에 하죠.	번역완료	batch RowID 1688-1887
1738	Data/NPCData/125.EDT	27	480	Now hold on, don't be forgetting your stuff, here.	잠깐만요, 물건 두고 가지 마세요.	번역완료	batch RowID 1688-1887
1739	Data/NPCData/125.EDT	28	480				
1740	Data/NPCData/125.EDT	29	480	You're crazy! I had you all figured wrong.	미쳤군요! 내가 사람을 완전히 잘못 봤어.	번역완료	batch RowID 1688-1887
1741	Data/NPCData/125.EDT	30	480	That was awfully considerate of you.	정말 세심하게 배려해주셨군요.	번역완료	batch RowID 1688-1887
1742	Data/NPCData/125.EDT	31	480	I want to be upfront about a couple of things. I'm not like the rich folk that live in Balime. I mean, I had the business here and dealt with them everyday, but I didn't share their political leanings.	몇 가지는 솔직히 말씀드리고 싶습니다. 난 발리메에 사는 부자들과는 달라요. 여기서 장사를 하며 매일 상대하긴 했지만, 그들의 정치적 성향까지 공유한 건 아닙니다.	번역완료	batch RowID 1688-1887
1743	Data/NPCData/125.EDT	32	480	I was here before Deidranna became Queen. I was just trying to keep my business going. If the truth be known, I'm glad you're here. Maybe now, everyone will get a fair shake.	데이드라나가 여왕이 되기 전부터 여기 살았습니다. 난 그저 가게를 지키려 했을 뿐이에요. 솔직히 말하면 당신들이 와서 반갑습니다. 이제는 모두가 공정한 대우를 받을지도 모르죠.	번역완료	batch RowID 1688-1887
1744	Data/NPCData/125.EDT	33	480	Howard's Pharmacy is staying closed until things settle down. Come back then.	상황이 진정될 때까지 하워드 약국은 문을 닫습니다. 그때 다시 오세요.	번역완료	batch RowID 1688-1887
1745	Data/NPCData/125.EDT	34	480	I have to tell you something. I know you're not a priest, but I have to confess to someone...	말씀드릴 게 있습니다. 당신이 신부가 아닌 건 알지만, 누군가에게는 고백해야겠어요...	번역완료	batch RowID 1688-1887
1746	Data/NPCData/125.EDT	35	480	Deidranna was getting cyanide from me on a regular basis. She, she used it to kill off the unwanted. Actually, she had it injected into the helpless, the sick and the senile. Even babies born with any kind of deformity.	데이드라나는 정기적으로 내게 청산가리를 받아갔습니다. 그, 그걸로 필요 없다고 여긴 사람들을 죽였죠. 무력한 사람, 병든 사람, 노인들에게 주사하게 했습니다. 기형을 안고 태어난 아기들까지도요.	번역완료	batch RowID 1688-1887
1747	Data/NPCData/125.EDT	36	480	I did it because I knew she would have gotten it somewhere else and had me killed for my disobedience. I did it because I am a coward. I'm not proud. I will not speak of it again.	나는 그 여자가 어차피 다른 데서 구했을 거고, 거역하면 날 죽였을 거라는 걸 알았기에 줬습니다. 난 겁쟁이라 그랬어요. 자랑스럽지 않습니다. 이 얘기는 다시는 하지 않겠습니다.	번역완료	batch RowID 1688-1887
1748	Data/NPCData/125.EDT	37	480	Well, I hate to do this to you, but it's that time. Have to lock up now.	이러고 싶진 않지만 시간이 됐군요. 이제 문을 잠가야 합니다.	번역완료	batch RowID 1688-1887
1749	Data/NPCData/126.EDT	1	480	Hey, how ya doing? Name's Sam. Feel free to have a look around.	이봐, 잘 지내나? 샘이야. 편하게 둘러봐.	번역완료	batch RowID 1688-1887
1750	Data/NPCData/126.EDT	2	480	A familiar face...	익숙한 얼굴이군...	번역완료	batch RowID 1688-1887
1751	Data/NPCData/126.EDT	3	480	Hardware. Tools. Really the soul of man, enh?	철물, 공구. 남자의 영혼 같은 거지, 안 그래?	번역완료	batch RowID 1688-1887
1752	Data/NPCData/126.EDT	4	480	Been waitin' on a shipment of power screwdrivers with about a thousand different attachments. You can do anythin' with the damn things!	부속품이 천 가지쯤 딸린 전동 드라이버가 들어오길 기다리는 중이야. 그 빌어먹을 물건 하나면 못 하는 게 없다니까!	번역완료	batch RowID 1688-1887
1753	Data/NPCData/126.EDT	5	480	I'm supposed to be interested in this? Nah.	내가 이딴 데 관심 있어 보여? 아니.	번역완료	batch RowID 1688-1887
1754	Data/NPCData/126.EDT	6	480	Lots of people ask about the accent. Moved here after the wife died. Opened the shop 'cause I love tools. Used to wholesale 'em before I retired.	다들 내 억양을 물어보지. 아내가 죽고 여기로 왔어. 공구를 좋아해서 가게를 열었고. 은퇴하기 전엔 공구 도매를 했지.	번역완료	batch RowID 1688-1887
1755	Data/NPCData/126.EDT	7	480	I come from the Bronx. The South Bronx. You got more luck hollerin' at yer grandmother.	난 브롱크스 출신이야. 사우스 브롱크스. 나한테 소리쳐봐야 네 할머니한테 소리치는 게 더 잘 먹힐걸.	번역완료	batch RowID 1688-1887
1756	Data/NPCData/126.EDT	8	480	Na. I'm gettin' a little too old fer that.	아니. 이제 그런 짓 하기엔 좀 늙었어.	번역완료	batch RowID 1688-1887
1757	Data/NPCData/126.EDT	9	480	Doctor... Doctor!	의사... 의사!	번역완료	batch RowID 1688-1887
1758	Data/NPCData/126.EDT	10	480	Well, if there's anything else, just give a holler.	뭐, 다른 일 있으면 그냥 불러.	번역완료	batch RowID 1688-1887
1759	Data/NPCData/126.EDT	11	480	I won't take your money fer nothing. You got something in mind, maybe?	아무 이유 없이 네 돈을 받을 순 없지. 뭔가 생각해둔 게 있나?	번역완료	batch RowID 1688-1887
1760	Data/NPCData/126.EDT	12	480	Take a look. Let me know what you want, enh?	둘러봐. 원하는 게 있으면 말해, 응?	번역완료	batch RowID 1688-1887
1761	Data/NPCData/126.EDT	13	480	You ever get the feeling you could just spend all day in a hardware store? You go right ahead there, pal.	철물점에서 하루 종일 있고 싶다는 생각 든 적 있나? 마음껏 그래도 돼, 친구.	번역완료	batch RowID 1688-1887
1762	Data/NPCData/126.EDT	14	480	It's all high-end, craftsman goods. My clientele in Balime would settle for nothing less.	전부 고급 장인용 제품이야. 발리메 손님들은 그보다 못한 건 거들떠보지도 않지.	번역완료	batch RowID 1688-1887
1763	Data/NPCData/126.EDT	15	480	We got a regular swap meet in progress.	완전히 물물교환 장터가 됐군.	번역완료	batch RowID 1688-1887
1764	Data/NPCData/126.EDT	16	480	Looking to sell some of that, ehn?	그중 좀 팔려고, 응?	번역완료	batch RowID 1688-1887
1765	Data/NPCData/126.EDT	17	480	Let me have a closer look. Hard to tell sometimes, you know?	좀 더 자세히 보자고. 가끔은 보기만 해선 모르거든.	번역완료	batch RowID 1688-1887
1766	Data/NPCData/126.EDT	18	480	Let's get this straight, enh? I run a hardware store, and that's all I'm willing to consider.	확실히 해두자, 응? 난 철물점을 운영해. 내가 취급할 생각이 있는 것도 딱 그런 물건뿐이야.	번역완료	batch RowID 1688-1887
1767	Data/NPCData/126.EDT	19	480	To be honest with you pal, ain't worth a cent to me. Sorry.	솔직히 말해서, 친구. 나한텐 한 푼 값어치도 없어. 미안.	번역완료	batch RowID 1688-1887
1768	Data/NPCData/126.EDT	20	480	It's bad, I won't lie to ya. Stuff's damaged, and I'm gonna have to fix it up before I can sell it.	상태가 나빠. 거짓말은 안 할게. 물건이 망가져서 팔기 전에 내가 손을 봐야 해.	번역완료	batch RowID 1688-1887
1769	Data/NPCData/126.EDT	21	480	Buy American. Good resale on the stuff. Make you a nice offer.	미국산을 사야지. 중고값도 잘 나가. 좋은 값 쳐줄게.	번역완료	batch RowID 1688-1887
1770	Data/NPCData/126.EDT	22	480	Gotta say, though, you ain't got quite enough on the table to make it fair and square for me.	그런데 말이야, 공평한 거래가 되려면 네가 올려놓은 게 조금 부족해.	번역완료	batch RowID 1688-1887
1771	Data/NPCData/126.EDT	23	480	Now that's what I like. Another satisfied customer.	그래, 이게 좋지. 또 한 명의 만족한 손님이군.	번역완료	batch RowID 1688-1887
1772	Data/NPCData/126.EDT	24	480	You get the goods and some change, too.	물건도 받고 거스름돈도 받아.	번역완료	batch RowID 1688-1887
1773	Data/NPCData/126.EDT	25	480	You need anything? Come see Sam.	필요한 거 있어? 샘을 찾아오라고.	번역완료	batch RowID 1688-1887
1774	Data/NPCData/126.EDT	26	480	Ah well. Come back later, enh?	뭐, 다음에 다시 와, 응?	번역완료	batch RowID 1688-1887
1775	Data/NPCData/126.EDT	27	480	You want this stuff, don't ya?	이 물건 필요하잖아, 그렇지?	번역완료	batch RowID 1688-1887
1776	Data/NPCData/126.EDT	28	480				
1777	Data/NPCData/126.EDT	29	480	I don't believe it!	믿을 수가 없군!	번역완료	batch RowID 1688-1887
1778	Data/NPCData/126.EDT	30	480	It's safe, enh? 'Cause... I ain't movin' until it is.	이제 안전한 거지, 응? 안전해질 때까지 난 안 움직일 거야.	번역완료	batch RowID 1688-1887
1779	Data/NPCData/126.EDT	31	480	You won't find too many people left 'round here. People up and took off when they heard you was comin'. Town was pretty loyal to the Queen.  Most of 'em were personal friends.	이 근처엔 사람이 별로 안 남았어. 네가 온다는 소릴 듣고 다들 떠났지. 이 도시는 여왕에게 꽤 충성스러웠거든. 대부분 그 여자와 개인적으로 아는 사이였고.	번역완료	batch RowID 1688-1887
1780	Data/NPCData/126.EDT	32	480	Just us store keepers left. Need to keep an eye on our goods, enh? We're kinda hoping, no matter what, things'll pick up again and business will return to normal.	가게 주인들만 남았지. 물건은 지켜야 하잖아, 응? 무슨 일이 되든 상황이 나아져서 장사가 다시 정상으로 돌아오길 바라는 거지.	번역완료	batch RowID 1688-1887
1781	Data/NPCData/126.EDT	33	480	Thanks, ehn? Getting a little worried there for a minute.	고마워, 응? 잠깐 좀 걱정했거든.	번역완료	batch RowID 1688-1887
1782	Data/NPCData/126.EDT	34	480	All right, all right. Enough of the browsing, enh? I'm calling it a day  here. Get your stuff so's I can close up.	좋아, 좋아. 구경은 이제 그만, 응? 오늘 장사는 끝낼 거야. 문 닫게 물건 챙겨.	번역완료	batch RowID 1688-1887
1783	Data/NPCData/126.EDT	35	480				
1784	Data/NPCData/126.EDT	36	480				
1785	Data/NPCData/126.EDT	37	480				
1786	Data/NPCData/127.EDT	1	480	Well, welcome! Eldin Fiddes. I'm your information attendant here, and I double as the security guard, so watch yourself.	어서 오게! 엘딘 피디스야. 여기 안내 직원이고 경비도 겸하고 있으니, 행동 조심하게.	번역완료	batch RowID 1688-1887
1787	Data/NPCData/127.EDT	2	480	Hello kiddo. Miss me, did ya? Heh, heh, heh.	안녕, 꼬마. 내가 보고 싶었나? 헤헤헤.	번역완료	batch RowID 1688-1887
1788	Data/NPCData/127.EDT	3	480	Yeah, it's a good job for a retiree, gotta admit. Hours and work are easy. Say, I remember when I first started doing this. I, huh... um. Shoot. What was I going to say? Ah, it'll come to me.	그래, 인정하자면 은퇴자한텐 좋은 일이야. 근무시간도 일도 편하고. 그러고 보니 내가 처음 이 일을 시작했을 때가 생각나는군. 내가, 어... 음. 젠장. 무슨 말을 하려 했더라? 아, 생각나겠지.	번역완료	batch RowID 1688-1887
1789	Data/NPCData/127.EDT	4	480	Yeah ask me, this war's kind of excitin'. Reminds me of the old days! Even got Commies down here! Heh. I seen a few. Heh heh. And I know what to do with them.	내게 묻는다면, 이 전쟁 꽤 신나. 옛날 생각도 나고! 여기 공산당 놈들도 있더군! 헤. 몇 놈 봤어. 헤헤. 그런 놈들은 어떻게 다뤄야 하는지도 알고.	번역완료	batch RowID 1688-1887
1790	Data/NPCData/127.EDT	5	480	Uh, no thanks, kiddo.	어, 됐네, 꼬마.	번역완료	batch RowID 1688-1887
1791	Data/NPCData/127.EDT	6	480	Tell ya, there was a day when being a security guard meant reading lotsa books. Ain't the case anymore. In fact, this one time, I... uh, um. God dammit, where was I? Well, couldn'ta been that important.	예전엔 경비원이라는 게 책을 잔뜩 읽는 직업이었지. 이젠 아니야. 한번은 내가... 어, 음. 젠장, 어디까지 말했더라? 뭐, 중요한 얘기는 아니었겠지.	번역완료	batch RowID 1688-1887
1792	Data/NPCData/127.EDT	7	480	Look here. I fought in WWII! Fought with the Americans in the Marine Corp! I ain't afraid of nothing, and if you think you're gonna boss me around just 'cause I'm old, WELL, you got another thing coming!	잘 들어. 난 제2차 세계대전에서 싸웠어! 미국 해병대와 함께 싸웠다고! 난 아무것도 안 무서워. 내가 늙었다고 자네가 날 마음대로 부릴 수 있다고 생각한다면, 큰코다칠 거야!	번역완료	batch RowID 1688-1887
1793	Data/NPCData/127.EDT	8	480	Me? Nah. Saw all the action I needed in WWII.	나? 됐어. 제2차 세계대전에서 볼 싸움은 다 봤지.	번역완료	batch RowID 1688-1887
1794	Data/NPCData/127.EDT	9	480	Soldier! Get me a medic!	병사! 의무병을 불러!	번역완료	batch RowID 1688-1887
1795	Data/NPCData/127.EDT	10	480	Well, I do have a job to do here.	뭐, 나도 여기서 해야 할 일이 있으니까.	번역완료	batch RowID 1688-1887
1796	Data/NPCData/127.EDT	11	480	Why, thank you. Looking good now.	이야, 고맙네. 이제 좀 살겠군.	번역완료	batch RowID 1688-1887
1797	Data/NPCData/127.EDT	12	480	You're messin' with a vet!	참전용사를 건드리는 거야!	번역완료	batch RowID 1688-1887
1798	Data/NPCData/127.EDT	13	480	You ask me, it's time to take cover, not make conversation.	내 생각엔 지금은 대화할 때가 아니라 엄폐할 때야.	번역완료	batch RowID 1688-1887
1799	Data/NPCData/127.EDT	14	480	Donations to the Museum's Fund are always welcome.	박물관 기금에 대한 기부는 언제든 환영이지.	번역완료	batch RowID 1688-1887
1800	Data/NPCData/127.EDT	15	480	"As the information officer, it's my pleasure to let you know we got Arulco's greatest treasure here. They call it, get this, ""The Chalice of Chance."""	안내 담당으로서 기쁜 마음으로 알려주겠네. 여기엔 아룰코 최고의 보물이 있지. 이름이 뭐냐면, 잘 들어. '행운의 성배'야.	번역완료	batch RowID 1688-1887
1801	Data/NPCData/127.EDT	16	480	Now, I don't know what kinda chance they're talking about. But I do know that they aren't taking any kind of chance with it. Heh heh heh!	무슨 행운을 말하는 건지는 모르겠지만, 이 물건만큼은 절대 운에 맡기지 않는다는 건 알지. 헤헤헤!	번역완료	batch RowID 1688-1887
1802	Data/NPCData/127.EDT	17	480	Guess the Queen brought it here, oh, I don't remember when, long, long time ago. Sort of a star attraction for the people of Balime. Been attracting lots of crowds, it has. Go take a look for yourself.	여왕이 이걸 여기로 가져온 게... 언제였더라, 아주 아주 오래전이야. 발리메 사람들에겐 최고의 명물이었지. 구경꾼도 엄청 많이 끌어모았어. 직접 가서 한번 보게.	번역완료	batch RowID 1688-1887
1803	Data/NPCData/127.EDT	18	480	Say, you really did miss a great exhibit here. Well, I should say that we really miss a great exhibit here. Yeah, The Chalice of Chance. Gone missing recently, and I tell ya, whoever's got it has a nice price on their heads now.	자네, 정말 멋진 전시품을 놓쳤군. 아니, 우리도 멋진 전시품을 잃어버렸다고 해야겠군. 그래, 행운의 성배 말이야. 최근에 사라졌는데, 누가 가지고 있든 지금 목에 꽤 큰 현상금이 걸렸을걸.	번역완료	batch RowID 1688-1887
1804	Data/NPCData/127.EDT	19	480	It was a star attraction here. Visiting it was a daily ritual for the people of Balime. Oh, I'm sure the Queen's just up in arms about it, but it wasn't my fault. Oh, I wasn't here when it happened!	여기 최고 인기 전시품이었지. 발리메 사람들은 매일 와서 보는 게 일상이었어. 여왕이 길길이 날뛰고 있겠지만, 내 잘못은 아니야. 난 그 일이 벌어질 때 여기 없었다고!	번역완료	batch RowID 1688-1887
1805	Data/NPCData/127.EDT	20	480	Anyway, we got other stuff to look at, so you go ahead on through. Pleasure talking to ya.	아무튼 다른 볼거리도 있으니 들어가서 구경하게. 얘기 즐거웠네.	번역완료	batch RowID 1688-1887
1806	Data/NPCData/127.EDT	21	480	'Fraid that's it for tonight, fellas. I gotta be heading on home. You come back and check out the exhibits tomorrow.	미안하지만 오늘 밤은 여기까지야, 친구들. 집에 가야겠어. 내일 다시 와서 전시품들을 구경하게.	번역완료	batch RowID 1688-1887
1807	Data/NPCData/127.EDT	22	480	Well, just between you and me, I am getting a little tired of the hours here. You know, I am getting up there in years. Last month or so, I've been puttin' in 15 hours a day! In at 7 and out at 10. That's a bit much.	우리끼리 얘긴데, 요즘 근무시간이 좀 지치는군. 나도 나이가 들었잖아. 지난 한 달쯤은 하루에 15시간씩 일했어! 아침 7시에 나와 밤 10시에 퇴근한다고. 이건 좀 심하지.	번역완료	batch RowID 1688-1887
1808	Data/NPCData/127.EDT	23	480	Halt! Museum security. Uh...I'll, uh...I'll shoot!	멈춰! 박물관 경비다. 어... 쏠, 어... 쏠 거야!	번역완료	batch RowID 1688-1887
1809	Data/NPCData/128.EDT	1	480	We no meet before... Arnold Brunzwell, Arulco's Blacksmith and Handyman. Whatever the need, I fix it for you in no time. Well, not much time, anyway.	우리 전에 안 만났다... 아놀드 브룬츠웰. 아룰코 대장장이 겸 만능 수리공이다. 뭐든 필요하면 금방 고쳐준다. 뭐, 아주 금방은 아니어도.	번역완료	batch RowID 1688-1887
1810	Data/NPCData/128.EDT	2	480	You again, huh? You got work for me, I guess.	또 당신이군, 응? 나한테 일 있나 보다.	번역완료	batch RowID 1688-1887
1811	Data/NPCData/128.EDT	3	480	Is an old trade, blacksmith. Machines, computers, they no do it right. Take a special hand and eye to get metal into shape.	대장장이는 오래된 기술이다. 기계, 컴퓨터, 그런 건 제대로 못 한다. 쇠를 모양 잡으려면 특별한 손과 눈 필요하다.	번역완료	batch RowID 1688-1887
1812	Data/NPCData/128.EDT	4	480	I fix anything for you, but I no like electronics. Me and Fredo, we have a pact. He no become a blacksmith, I no fix electronics.	나는 뭐든 고쳐준다. 하지만 전자제품 싫다. 나와 프레도 약속 있다. 그가 대장장이 안 되고, 나는 전자제품 안 고친다.	번역완료	batch RowID 1688-1887
1813	Data/NPCData/128.EDT	5	480	Interesting, but I no want it.	흥미롭지만, 나는 원하지 않는다.	번역완료	batch RowID 1688-1887
1814	Data/NPCData/128.EDT	6	480	Business pick up lately. Arulco's army men blow up everything! Is always something to be fixed. Bad for the country. Good for me.	요즘 장사 잘된다. 아룰코 군인들이 뭐든 폭파한다! 항상 고칠 게 있다. 나라엔 나쁘다. 나한텐 좋다.	번역완료	batch RowID 1688-1887
1815	Data/NPCData/128.EDT	7	480	Hot one outside, no? Dis weather, it make people go crazy! Hunh?	밖에 덥지, 응? 이 날씨 사람 미치게 만든다! 응?	번역완료	batch RowID 1688-1887
1816	Data/NPCData/128.EDT	8	480	No, hot metal belongs in a forge, not in me. I no want to die.	아니, 뜨거운 쇠는 대장간에 있어야 한다. 내 몸 안 말고. 나는 죽기 싫다.	번역완료	batch RowID 1688-1887
1817	Data/NPCData/128.EDT	9	480	I suffer, terribly...	나 너무... 고통스럽다...	번역완료	batch RowID 1688-1887
1818	Data/NPCData/128.EDT	10	480	I get back to work now.	나 이제 일하러 돌아간다.	번역완료	batch RowID 1688-1887
1819	Data/NPCData/128.EDT	11	480	Maybe you tell me first what you need fixed.	먼저 뭐 고칠 건지 말해주면 좋다.	번역완료	batch RowID 1688-1887
1820	Data/NPCData/128.EDT	12	480	You relax, man. Let me know what I can do for you. I get it done fast, fast, fast. Anything but electronics... get it back to you in about half an hour.	진정해, 친구. 뭘 해주면 되는지 말해. 빨리, 빨리, 빨리 끝낸다. 전자제품 빼고... 한 30분이면 돌려준다.	번역완료	batch RowID 1688-1887
1821	Data/NPCData/128.EDT	13	480	I'm thinking, maybe someday, I do the half-hour guarantee, like a pizza place, no? Half-hour for your repair or it's free. Then again, maybe I wait 'til the war is over.	언젠가는 피자집처럼 30분 보증을 해볼까 생각한다, 응? 30분 안에 수리 못 하면 공짜. 하지만 전쟁 끝난 뒤까지 기다리는 게 좋을지도.	번역완료	batch RowID 1688-1887
1822	Data/NPCData/128.EDT	14	480	Speed and efficiency, they be my mottos.	속도와 효율, 그게 내 좌우명이다.	번역완료	batch RowID 1688-1887
1823	Data/NPCData/128.EDT	15	480				
1824	Data/NPCData/128.EDT	16	480	Something you need fixed, man?	고칠 거 있나, 친구?	번역완료	batch RowID 1688-1887
1825	Data/NPCData/128.EDT	17	480	All right, then. Let me have a look at what you got.	좋다. 가진 거 한번 보자.	번역완료	batch RowID 1688-1887
1826	Data/NPCData/128.EDT	18	480	No, man. Not electronics. I told you, Fredo and I have a deal. You take the wirey stuff to him to fix. He in Grumm.	아니, 친구. 전자제품은 안 된다. 말했잖아, 프레도와 약속 있다. 전선 달린 건 그 사람한테 가져가. 그룸에 있다.	번역완료	batch RowID 1688-1887
1827	Data/NPCData/128.EDT	19	480	Ah, dis looks fine! No need to fix it.	아, 이건 멀쩡하다! 고칠 필요 없다.	번역완료	batch RowID 1688-1887
1828	Data/NPCData/128.EDT	20	480	Oh, I don't know if I could fix dis! I give it a try. Mean extra work for me, so I charge you a bit more.	오, 이거 내가 고칠 수 있을지 모르겠다! 그래도 해본다. 일이 더 많으니 돈도 조금 더 받는다.	번역완료	batch RowID 1688-1887
1829	Data/NPCData/128.EDT	21	480	Yeah, dis stuff? I fix it for you, man. Won't take no time.	그래, 이거? 내가 고쳐준다, 친구. 오래 안 걸린다.	번역완료	batch RowID 1688-1887
1830	Data/NPCData/128.EDT	22	480	Is not enough to cover charges here.	이걸론 수리비 부족하다.	번역완료	batch RowID 1688-1887
1831	Data/NPCData/128.EDT	23	480	Yeah, we done then. I appreciate it. Thank you.	그래, 그럼 끝났다. 고맙다. 감사한다.	번역완료	batch RowID 1688-1887
1832	Data/NPCData/128.EDT	24	480	Thank you, and no forget your change. Is pleasure to deal with the good side.	고맙다. 거스름돈 잊지 마라. 좋은 편과 거래하니 기분 좋다.	번역완료	batch RowID 1688-1887
1833	Data/NPCData/128.EDT	25	480	I do best to have it ready for you, as soon as I can.	최대한 빨리 준비해두겠다.	번역완료	batch RowID 1688-1887
1834	Data/NPCData/128.EDT	26	480	Maybe next time you find something you need.	다음엔 필요한 거 생기면 가져와.	번역완료	batch RowID 1688-1887
1835	Data/NPCData/128.EDT	27	480	Think you forgot something here.	여기 뭔가 두고 간 것 같다.	번역완료	batch RowID 1688-1887
1836	Data/NPCData/128.EDT	28	480	Hey, man. There's only one of me.  You leave some now, and then some more later.	이봐, 친구. 나는 한 명뿐이다. 지금은 일부만 맡기고, 나중에 더 가져와.	번역완료	batch RowID 1688-1887
1837	Data/NPCData/128.EDT	29	480	You a crazy dog!	당신 미친 개다!	번역완료	batch RowID 1688-1887
1838	Data/NPCData/128.EDT	30	480	I closed 'til the shooting stop.	총질 끝날 때까지 가게 닫는다.	번역완료	batch RowID 1688-1887
1839	Data/NPCData/128.EDT	31	480	It's too dangerous to talk to you. You're not liked in Grumm. People will talk.	당신과 얘기하기엔 너무 위험하다. 그룸 사람들 당신 안 좋아한다. 소문 난다.	번역완료	batch RowID 1688-1887
1840	Data/NPCData/128.EDT	32	480	You're a hero around here. It will be joy to serve you.	당신 여기선 영웅이다. 당신 도와주는 것 기쁘다.	번역완료	batch RowID 1688-1887
1841	Data/NPCData/128.EDT	33	480	Better now... I better now.	이제 낫다... 나 이제 괜찮다.	번역완료	batch RowID 1688-1887
1842	Data/NPCData/128.EDT	34	480	Hey, I say quick service, not magic! I want to do good job! You come  back in a bit, and maybe it be ready.	이봐, 빠른 서비스라고 했지 마법이라고 안 했다! 나는 제대로 고치고 싶다! 조금 있다 다시 와. 그때는 준비됐을지도.	번역완료	batch RowID 1688-1887
1843	Data/NPCData/128.EDT	35	480	I be closing up now, so if you don't mind, it's time for you to go. You can come back tomorrow, if you like.	이제 문 닫는다. 괜찮으면 이제 가줘. 원하면 내일 다시 와.	번역완료	batch RowID 1688-1887
1844	Data/NPCData/129.EDT	1	480	Uh! Well-la hello! Goodness, you scare me! Not expect someone to come in looking like that! Whoo... I am okay. I no like soldiers...	어! 어머, 안녕하세요! 세상에, 놀랐어요! 그런 모습으로 누가 들어올 줄 몰랐어요! 후우... 전 괜찮아요. 군인은 싫어요...	번역완료	batch RowID 1688-1887
1845	Data/NPCData/129.EDT	2	480	So you come again. Welcome.	또 왔군요. 어서 와요.	번역완료	batch RowID 1688-1887
1846	Data/NPCData/129.EDT	3	480	I like sewing. It gives me time to think.	난 바느질 좋아해요. 생각할 시간 생기니까.	번역완료	batch RowID 1688-1887
1847	Data/NPCData/129.EDT	4	480	I tell you, dis war, it tear Arulco apart. I don't know how much more de people can take. Is good to see people like you make difference.	말해줄게요. 이 전쟁, 아룰코 갈기갈기 찢고 있어요. 사람들이 얼마나 더 버틸지 모르겠어요. 당신 같은 사람이 변화를 만드는 것 봐서 좋아요.	번역완료	batch RowID 1688-1887
1848	Data/NPCData/129.EDT	5	480	No, I no need anything, but thank you.	아니요, 난 아무것도 필요 없어요. 그래도 고마워요.	번역완료	batch RowID 1688-1887
1849	Data/NPCData/129.EDT	6	480	No time for conversation. Let us get to business. Someday, we will return to de peaceful Arulco that I loved as a child.	대화할 시간 없어요. 일부터 해요. 언젠가 내가 어릴 때 사랑했던 평화로운 아룰코로 돌아갈 거예요.	번역완료	batch RowID 1688-1887
1850	Data/NPCData/129.EDT	7	480	You yell at a me. Why you yell?	나한테 소리 지르네요. 왜 소리 질러요?	번역완료	batch RowID 1688-1887
1851	Data/NPCData/129.EDT	8	480	Is too dangerous for me. Soldiers scare me.	나한텐 너무 위험해요. 군인 무서워요.	번역완료	batch RowID 1688-1887
1852	Data/NPCData/129.EDT	9	480	Could you... please... get doctor.	혹시... 제발... 의사 불러줘요.	번역완료	batch RowID 1688-1887
1853	Data/NPCData/129.EDT	10	480	I get back to work now.	나 이제 일하러 돌아가요.	번역완료	batch RowID 1688-1887
1854	Data/NPCData/129.EDT	11	480	Maybe there is something you would like me to do? I can't just take your money.	내가 해줬으면 하는 일 있어요? 그냥 돈만 받을 순 없어요.	번역완료	batch RowID 1688-1887
1855	Data/NPCData/129.EDT	12	480	Is something you need sewn? Let me see what you have.	꿰매야 할 거 있어요? 가진 거 보여줘요.	번역완료	batch RowID 1688-1887
1856	Data/NPCData/129.EDT	13	480	Take your time. There is no hurry.	천천히 해요. 급할 것 없어요.	번역완료	batch RowID 1688-1887
1857	Data/NPCData/129.EDT	14	480	I give very fast service.	나는 아주 빨리 해줘요.	번역완료	batch RowID 1688-1887
1858	Data/NPCData/129.EDT	15	480				
1859	Data/NPCData/129.EDT	16	480	You like me to take a look at that?	그거 내가 한번 봐줄까요?	번역완료	batch RowID 1688-1887
1860	Data/NPCData/129.EDT	17	480	Let me see how much work dey need.	얼마나 손봐야 하는지 보게 해줘요.	번역완료	batch RowID 1688-1887
1861	Data/NPCData/129.EDT	18	480	I am only able to sew.	나는 바느질만 할 수 있어요.	번역완료	batch RowID 1688-1887
1862	Data/NPCData/129.EDT	19	480	No. There is no need to fix dis.	아니요. 이건 고칠 필요 없어요.	번역완료	batch RowID 1688-1887
1863	Data/NPCData/129.EDT	20	480	Well-la! Dis will take some work. I will have to charge you a bit more.	어머나! 이건 손이 좀 많이 가겠어요. 돈 조금 더 받아야 해요.	번역완료	batch RowID 1688-1887
1864	Data/NPCData/129.EDT	21	480	Oh yes, I can fix dis. I give you good price, too.	오, 그래요. 이건 고칠 수 있어요. 좋은 값으로 해줄게요.	번역완료	batch RowID 1688-1887
1865	Data/NPCData/129.EDT	22	480	You don't have enough here, love.	이걸론 돈이 부족해요, 자기.	번역완료	batch RowID 1688-1887
1866	Data/NPCData/129.EDT	23	480	Thank you. Is perfect.	고마워요. 딱 맞아요.	번역완료	batch RowID 1688-1887
1867	Data/NPCData/129.EDT	24	480	Thank you. Here be de extra money...	고마워요. 여기 남은 돈 받아요...	번역완료	batch RowID 1688-1887
1868	Data/NPCData/129.EDT	25	480	It's been my pleasure. You come back and see me tomorrow. I try and have ready for you den.	도와드려 기뻤어요. 내일 다시 와요. 그때까지 준비해두도록 해볼게요.	번역완료	batch RowID 1688-1887
1869	Data/NPCData/129.EDT	26	480	Well, when you think what you want, you tell me.	뭘 원하는지 정하면 말해줘요.	번역완료	batch RowID 1688-1887
1870	Data/NPCData/129.EDT	27	480	Something you forget?	뭔가 두고 갔어요?	번역완료	batch RowID 1688-1887
1871	Data/NPCData/129.EDT	28	480	Well-la! Well-la! I can only do so much with two hands! I work on dis, and then you give me more when you come back.	어머나! 어머나! 손이 두 개뿐인데 한꺼번에 다 할 순 없어요! 이건 내가 작업할 테니, 나중에 돌아오면 그때 더 줘요.	번역완료	batch RowID 1688-1887
1872	Data/NPCData/129.EDT	29	480	Oh! Never trust soldier!	오! 군인은 절대 믿으면 안 돼!	번역완료	batch RowID 1688-1887
1873	Data/NPCData/129.EDT	30	480	Oh, I'm sorry. Is busy here. You come back later, and I try to get your stuff ready. Okay? Thank you.	아, 미안해요. 여긴 바빠요. 나중에 다시 오면 물건 준비해둘게요. 알겠죠? 고마워요.	번역완료	batch RowID 1688-1887
1874	Data/NPCData/129.EDT	31	480	What? I no can talk now! I fear for my life.	뭐라고요? 지금은 얘기 못 해요! 죽을까 봐 무서워요.	번역완료	batch RowID 1688-1887
1875	Data/NPCData/129.EDT	32	480	I sorry, but I cannot help you. I fear what will happen to business if I do. I hope you understand.	미안하지만 당신을 도울 수 없어요. 도와주면 장사가 어떻게 될지 두려워요. 이해해주면 좋겠어요.	번역완료	batch RowID 1688-1887
1876	Data/NPCData/129.EDT	33	480	You will free us. I know dis. And I thank you.	당신이 우리 자유롭게 해줄 거예요. 난 알아요. 그리고 고마워요.	번역완료	batch RowID 1688-1887
1877	Data/NPCData/129.EDT	34	480	Well-la! Long day! Is finally time for me leave. Heh. We closed now.	어머나! 긴 하루였어요! 드디어 집에 갈 시간이네요. 헤. 이제 문 닫았어요.	번역완료	batch RowID 1688-1887
1878	Data/NPCData/129.EDT	35	480	Thank you.	고마워요.	번역완료	batch RowID 1688-1887
1879	Data/NPCData/130.EDT	1	480	"Heyyy. Well, come on in. Found the place, did ya? Been meaning to hang out a new sign. ""Fredo's Electronics Repair."" It's real nice. And uh, yeah, I'm Fredo."	헤에이. 어서 들어와. 여기 찾았구나? 새 간판 하나 걸려고 했어. '프레도의 전자제품 수리점.' 꽤 멋지지. 그리고 어, 그래. 내가 프레도야.	번역완료	batch RowID 1688-1887
1880	Data/NPCData/130.EDT	2	480	Heyyy.	헤에이.	번역완료	batch RowID 1688-1887
1881	Data/NPCData/130.EDT	3	480	Been lotsa outsiders coming through lately. Some kind of festival or something in Arulco? Ah, guess I missed it.	요즘 외지인이 엄청 많이 지나가네. 아룰코에서 무슨 축제라도 하나? 아, 내가 놓쳤나 보네.	번역완료	batch RowID 1688-1887
1882	Data/NPCData/130.EDT	4	480	Hey, just between you and me, remember my name. I'm going to be taking this country wireless in a year or two. Already ordered four routers.	이봐, 우리끼리만 하는 얘긴데 내 이름 기억해둬. 1~2년 안에 이 나라를 무선으로 연결할 거야. 라우터도 벌써 네 개 주문했어.	번역완료	batch RowID 1688-1887
1883	Data/NPCData/130.EDT	5	480	No, man. I don't get no charge out of it. Heh. Get it?	아니, 친구. 그건 나한테 전혀 '전기가' 안 오는데. 헤. 알겠어?	번역완료	batch RowID 1688-1887
1884	Data/NPCData/130.EDT	6	480	Well, we don't have to make small talk. If there's something you need me to do, just say so.	뭐, 잡담할 필요는 없지. 내가 해줄 일이 있으면 그냥 말해.	번역완료	batch RowID 1688-1887
1885	Data/NPCData/130.EDT	7	480	Yeah, sometimes when the atmosphere is filled with negatively charged particles, you're really at its mercy. It's a common manifestation, but it'll pass, man.	그래, 가끔 대기에 음전하 입자가 가득 차면 사람이 완전히 그 영향에 휘둘리게 돼. 흔히 있는 현상이니까 곧 지나갈 거야, 친구.	번역완료	batch RowID 1688-1887
1886	Data/NPCData/130.EDT	8	480	You kidding? Bullets and broads, the two things that'll shorten a man's life.	농담해? 총알과 여자, 남자 목숨을 줄이는 두 가지지.	번역완료	batch RowID 1688-1887
1887	Data/NPCData/130.EDT	9	480	Damn... uh, this stings!	젠장... 어, 이거 따갑네!	번역완료	batch RowID 1688-1887
1888	Data/NPCData/130.EDT	10	480	Well, I got about ten different things to do, so I'll leave you to look around.	뭐, 할 일이 한 열 가지는 있어서. 구경은 알아서 해.	번역완료	batch RowID 1888-2087
1889	Data/NPCData/130.EDT	11	480	It's my policy to take money once I know what I'm suppossed to be fixing. You know what I mean?	뭘 고쳐야 하는지 알아야 돈을 받는 게 내 원칙이야. 무슨 말인지 알지?	번역완료	batch RowID 1888-2087
1890	Data/NPCData/130.EDT	12	480	Something you need me to fix? Let's see it, man.	고쳐야 할 거 있어? 어디 봐, 친구.	번역완료	batch RowID 1888-2087
1891	Data/NPCData/130.EDT	13	480	You know, I was thinking, why don't they make a microwave with a blender? Saves time! Your food's cooked AND pre-chewed. You know what I mean?	있잖아, 전자레인지에 믹서기를 붙이면 어떨까 생각해봤어. 시간도 아끼잖아! 음식은 익고 씹기까지 미리 끝나고. 무슨 말인지 알지?	번역완료	batch RowID 1888-2087
1892	Data/NPCData/130.EDT	14	480	I got quick turnaround here. I can pretty much guarantee most work by the next day. Even the big guys can't do that.	난 수리가 빨라. 웬만한 건 다음 날까지 끝낸다고 거의 장담할 수 있지. 큰 업체들도 그렇게는 못 해.	번역완료	batch RowID 1888-2087
1893	Data/NPCData/130.EDT	15	480				
1894	Data/NPCData/130.EDT	16	480	This the stuff that needs fixing?	이게 고쳐야 할 물건이야?	번역완료	batch RowID 1888-2087
1895	Data/NPCData/130.EDT	17	480	All right. Let me get a good look at it, man.	좋아. 제대로 한번 보자고, 친구.	번역완료	batch RowID 1888-2087
1896	Data/NPCData/130.EDT	18	480	Sorry, man... I only work on electronics.	미안, 친구... 난 전자제품만 고쳐.	번역완료	batch RowID 1888-2087
1897	Data/NPCData/130.EDT	19	480	Whaddya mean? Looks fine to me.	무슨 소리야? 내가 보기엔 멀쩡한데.	번역완료	batch RowID 1888-2087
1898	Data/NPCData/130.EDT	20	480	Man, this is gonna need some serious work. I'll have to charge you extra for my time.	이야, 이건 손을 제대로 봐야겠네. 시간 더 드는 만큼 추가로 받아야겠어.	번역완료	batch RowID 1888-2087
1899	Data/NPCData/130.EDT	21	480	Oh, yeah. This is kid stuff! I'll get it back in shape.	오, 그래. 이건 애들 장난이지! 말끔히 고쳐놓을게.	번역완료	batch RowID 1888-2087
1900	Data/NPCData/130.EDT	22	480	Almost, but you still owe me, man.	거의 됐는데, 아직 나한테 줄 돈이 조금 모자라, 친구.	번역완료	batch RowID 1888-2087
1901	Data/NPCData/130.EDT	23	480	Precision is an artform. Thanks, man.	정밀함은 예술이지. 고마워, 친구.	번역완료	batch RowID 1888-2087
1902	Data/NPCData/130.EDT	24	480	All right, and let me give you your change here...	좋아, 그리고 여기 거스름돈 줄게...	번역완료	batch RowID 1888-2087
1903	Data/NPCData/130.EDT	25	480	Thanks man, and spread the word, will ya? Your stuff'll be ready as soon as I can get to it. Should be no later than late tomorrow.	고마워, 친구. 소문도 좀 내줘, 알겠지? 손대는 대로 최대한 빨리 끝낼게. 늦어도 내일 저녁쯤이면 될 거야.	번역완료	batch RowID 1888-2087
1904	Data/NPCData/130.EDT	26	480	Well, you know where to come if you got problems.	뭐, 문제 생기면 어디로 와야 하는지 알잖아.	번역완료	batch RowID 1888-2087
1905	Data/NPCData/130.EDT	27	480	Heyyy, don't be leaving your stuff behind. I got enough junk as it is.	헤에이, 물건 두고 가지 마. 나도 잡동사니는 이미 충분해.	번역완료	batch RowID 1888-2087
1906	Data/NPCData/130.EDT	28	480	Oh, got lots of stuff to do here already. How about I take care of this first?	아, 지금도 할 일이 잔뜩이야. 일단 이것부터 끝내면 어때?	번역완료	batch RowID 1888-2087
1907	Data/NPCData/130.EDT	29	480	You butthole!	이 망할 자식아!	번역완료	batch RowID 1888-2087
1908	Data/NPCData/130.EDT	30	480	Sorry, man. It's not ready yet. I got kinda bogged down with some work for Hans. The guy owns an adult shop in San Mona. Has some annoying client that burns through her toys like there's no tomorrow. Try me later.	미안, 친구. 아직 안 끝났어. 산모나에서 성인용품점 하는 한스 일 때문에 좀 밀렸거든. 장난감이 남아나질 않는 성가신 손님이 하나 있나 봐. 나중에 다시 와.	번역완료	batch RowID 1888-2087
1909	Data/NPCData/130.EDT	31	480	You nuts? I'm not talking to you while you're a target!	미쳤어? 네가 표적이 된 판에 내가 말 걸 것 같아?	번역완료	batch RowID 1888-2087
1910	Data/NPCData/130.EDT	32	480	Hmmm, interesting. A gun that works by fingerprint. I could probably erase the existing setting. Take some tinkering. Best I can do is reset it though. Means the first person to use it will be the only person to use it.	흠, 흥미롭네. 지문으로 작동하는 총이라. 지금 설정된 지문은 아마 지울 수 있을 거야. 손 좀 봐야겠지만. 다만 내가 할 수 있는 건 초기화뿐이야. 그러면 처음 사용하는 사람만 이 총을 쓸 수 있게 되는 거지.	번역완료	batch RowID 1888-2087
1911	Data/NPCData/130.EDT	33	480	Hey, man. It's Miller Time for me, and time to go for you. I have to close up.	이봐, 친구. 난 이제 맥주 한잔할 시간이고, 넌 갈 시간이야. 문 닫아야 해.	번역완료	batch RowID 1888-2087
1912	Data/NPCData/130.EDT	34	480	Thanks, man. It was looking touch and go there for a while.	고마워, 친구. 한동안 정말 아슬아슬했어.	번역완료	batch RowID 1888-2087
1913	Data/NPCData/131.EDT	1	480	Hey, hey, hey! How did you get in here? This is a PRIVATE wildlife reserve. What I tolerate in this job! Ahh, if I get into trouble, it's going to be your ass, not mine.	이봐, 이봐, 이봐! 여기 어떻게 들어왔어? 여긴 사설 야생동물 보호구역이라고. 이 일을 하면서 별걸 다 참는군! 아, 내가 곤란해지면 책임은 네가 지는 거야. 난 아니고.	번역완료	batch RowID 1888-2087
1914	Data/NPCData/131.EDT	2	480	I'd like to remind you that this is a PRIVATE reserve.	다시 말하지만 여긴 사설 보호구역이야.	번역완료	batch RowID 1888-2087
1915	Data/NPCData/131.EDT	3	480	We HAD a nice facility here. Now Arulco is a regular United Nations... but we're not all getting along so well.	원래는 괜찮은 시설이었지. 그런데 지금 아룰코는 완전히 국제연합이 따로 없어... 문제는 서로 별로 사이가 좋지 않다는 거고.	번역완료	batch RowID 1888-2087
1916	Data/NPCData/131.EDT	4	480	These working conditions, really, aren't acceptable, but I'm not going to say anything. What would they do anyway?	이런 근무 환경은 정말 말도 안 되지만, 난 아무 말도 안 할 거야. 말해봐야 뭘 해주겠어?	번역완료	batch RowID 1888-2087
1917	Data/NPCData/131.EDT	5	480	I don't want to be caught with it.	그걸 갖고 있다가 들키고 싶진 않아.	번역완료	batch RowID 1888-2087
1918	Data/NPCData/131.EDT	6	480	"Nothing personal, but I gotta say if I hear another ""bloody"" or ""right"" or ""cheerio,"" I'm going to.... I don't know, get... upset."	개인적인 감정은 없는데, 또 '블러디'니 '라이트'니 '치리오'니 하는 소릴 들으면 나... 모르겠다, 진짜... 열받을 것 같아.	번역완료	batch RowID 1888-2087
1919	Data/NPCData/131.EDT	7	480	All right, all right! Calm down already. My nerves are bad enough as it is.	알았어, 알았다고! 이제 진정해. 안 그래도 내 신경은 충분히 예민하니까.	번역완료	batch RowID 1888-2087
1920	Data/NPCData/131.EDT	8	480	No, a battlefield is no place for me.	아니, 전쟁터는 나랑 안 맞아.	번역완료	batch RowID 1888-2087
1921	Data/NPCData/131.EDT	9	480	Get a... doctor.	의사... 불러줘.	번역완료	batch RowID 1888-2087
1922	Data/NPCData/131.EDT	10	480	I should get back to work.	일하러 돌아가야겠어.	번역완료	batch RowID 1888-2087
1923	Data/NPCData/131.EDT	11	480	That was a close one.	큰일 날 뻔했네.	번역완료	batch RowID 1888-2087
1924	Data/NPCData/131.EDT	12	480	You fool!	이 멍청아!	번역완료	batch RowID 1888-2087
1925	Data/NPCData/131.EDT	13	480	Maybe you could settle things down first...	일단 상황부터 좀 정리하면 안 될까...	번역완료	batch RowID 1888-2087
1926	Data/NPCData/131.EDT	14	480	We do keep certain hours here at the refuge, and you'll have to leave the premises now.	이 보호구역도 운영 시간이 있어. 이제 나가줘야겠어.	번역완료	batch RowID 1888-2087
1927	Data/NPCData/131.EDT	15	480	As I mentioned, this is a PRIVATE facility. We protect the Bloodcats and research their activities. There isn't much more to tell you.	말했듯 여긴 사설 시설이야. 우리는 블러드캣을 보호하고 행동을 연구하지. 더 해줄 이야기는 별로 없어.	번역완료	batch RowID 1888-2087
1928	Data/NPCData/131.EDT	16	480	This is both a conservatory and a research facility for the Bloodcats. Arulco's the only place they're found. Now, if you wish to know more about Bloodcats, I suggest you take it up with one personally.	여긴 블러드캣 보호구역이자 연구시설이야. 블러드캣은 아룰코에서만 발견되지. 더 알고 싶으면 직접 한 마리 붙잡고 물어보는 게 어때.	번역완료	batch RowID 1888-2087
1929	Data/NPCData/131.EDT	17	480	Look, do me a favor, and just pretend like you shot me or something. If the Queen finds out what I did, she'll do it herself. But, hey, she doesn't pay me enough to be honest.	이봐, 부탁 하나만 하자. 그냥 네가 날 쏜 척이라도 해줘. 여왕이 내가 한 짓을 알면 직접 날 쏠 테니까. 하지만 뭐, 솔직히 충성할 만큼 돈을 많이 주는 것도 아니잖아.	번역완료	batch RowID 1888-2087
1930	Data/NPCData/131.EDT	18	480	Frankly, I'm just surprised you made it in here alive.	솔직히 네가 여기까지 살아서 들어온 것부터 놀라워.	번역완료	batch RowID 1888-2087
1931	Data/NPCData/131.EDT	19	480	It feels good to let her secret out of the bag. It's a load off my chest. Honestly? I was getting sick of covering up for the bitch. Just... just don't say anything to get me caught.	그 여자의 비밀을 털어놓고 나니 속이 다 시원하네. 솔직히? 그년 뒤치다꺼리하며 감춰주는 것도 지긋지긋했어. 그냥... 내가 들키게 만들 말만 하지 마.	번역완료	batch RowID 1888-2087
1932	Data/NPCData/131.EDT	20	480	Hey! The guns, the bloodcats, the guards? What's another threat to my life, pal. Besides, why would you shoot me when I might know something, hm?	이봐! 총, 블러드캣, 경비병들? 내 목숨을 노리는 게 하나 더 늘어봐야 뭐 어때, 친구. 게다가 내가 뭔가 알고 있을지도 모르는데 왜 날 쏘겠어, 응?	번역완료	batch RowID 1888-2087
1933	Data/NPCData/131.EDT	21	480	You ever hear about random acts of kindness? Well, this might be a good time for one.	묻지도 따지지도 않는 친절이란 말 들어봤어? 지금이 딱 한번 베풀 때 같은데.	번역완료	batch RowID 1888-2087
1934	Data/NPCData/131.EDT	22	480	Hey. Why thank you. It's funny about money. Always makes me feel like talking.	이봐, 고맙군. 돈이라는 게 참 묘해. 받으면 늘 말하고 싶어지거든.	번역완료	batch RowID 1888-2087
1935	Data/NPCData/131.EDT	23	480	But, for this, that's all you get. I FEEL like talking, but I'm not DOING it.	하지만 이 정도론 여기까지야. 말하고 싶은 기분은 들지만, 실제로 입을 열진 않을 거라고.	번역완료	batch RowID 1888-2087
1936	Data/NPCData/131.EDT	24	480	What are you trying to buy, a vowel? Time to get serious.	뭐야, 모음이라도 하나 사게? 이제 진지하게 나오라고.	번역완료	batch RowID 1888-2087
1937	Data/NPCData/131.EDT	25	480	Wait, wait. I feel a thought coming on here.	잠깐, 잠깐. 뭔가 생각이 떠오르려 해.	번역완료	batch RowID 1888-2087
1938	Data/NPCData/131.EDT	26	480	See, downstairs, the Queen's got something brewing. It's research all right, but it doesn't have anything to do with the Bloodcats! She's got a, well, a secret weapons plant down there. Now, I'll let you in.	있잖아, 아래층에서 여왕이 뭔가 꾸미고 있어. 연구는 연구인데 블러드캣과는 아무 상관도 없어! 거기 비밀 무기 공장이 있거든. 자, 내가 들여보내줄게.	번역완료	batch RowID 1888-2087
1939	Data/NPCData/131.EDT	27	480	But don't you dare say word one about me and this little conversation. It never happened.	대신 나랑 이 대화에 관해선 절대 한마디도 하지 마. 이런 일은 없었던 거야.	번역완료	batch RowID 1888-2087
1940	Data/NPCData/131.EDT	28	480	I'll take your money, but I have to tell you, at this point, it's all charitable donations on your part.	돈은 받겠지만 말해두지. 지금부터는 네가 그냥 자선기부하는 셈이야.	번역완료	batch RowID 1888-2087
1941	Data/NPCData/131.EDT	29	480	Hope you didn't say anything about, you know, our little arrangement.	그... 우리끼리 한 약속 말이야. 어디 가서 얘기 안 했겠지?	번역완료	batch RowID 1888-2087
1942	Data/NPCData/132.EDT	1	480	Hi. Nurse Jenny, how can I help you?	안녕하세요. 간호사 제니예요. 뭘 도와드릴까요?	번역완료	batch RowID 1888-2087
1943	Data/NPCData/132.EDT	2	480	I thought we'd see you again.	다시 오실 줄 알았어요.	번역완료	batch RowID 1888-2087
1944	Data/NPCData/132.EDT	3	480	Sometimes, I don't know how these doctors keep up the pace. There's always an emergency coming through the front door.	가끔은 의사들이 이 속도를 어떻게 버티나 싶어요. 정문으로 응급환자가 끊임없이 들어오거든요.	번역완료	batch RowID 1888-2087
1945	Data/NPCData/132.EDT	4	480	There's a lot of people in this place pulling for you. But you didn't hear that from me.	여기엔 당신들을 응원하는 사람이 많아요. 하지만 내가 말했다고 하진 마세요.	번역완료	batch RowID 1888-2087
1946	Data/NPCData/132.EDT	5	480	Thanks, but hospital policy strictly forbids accepting any gifts.	고맙지만 병원 규정상 선물은 절대 받을 수 없어요.	번역완료	batch RowID 1888-2087
1947	Data/NPCData/132.EDT	6	480	We're running out of everything. I don't know how much longer this can go on.	모든 게 바닥나고 있어요. 이 상태가 얼마나 더 갈지 모르겠네요.	번역완료	batch RowID 1888-2087
1948	Data/NPCData/132.EDT	7	480	There's really no call for that. We're all in this together.	그러실 필요 없어요. 우리 모두 같은 처지인걸요.	번역완료	batch RowID 1888-2087
1949	Data/NPCData/132.EDT	8	480	I'm flattered, but I'm needed here, at the hospital.	고맙긴 하지만, 전 여기 병원에 필요한 사람이에요.	번역완료	batch RowID 1888-2087
1950	Data/NPCData/132.EDT	9	480	Aaah...get Doctor Willis...or...or any doctor.	아아... 윌리스 의사 선생님을... 아니... 아무 의사라도 불러줘요.	번역완료	batch RowID 1888-2087
1951	Data/NPCData/132.EDT	10	480	There's a virus going around. I don't have time to chat right now.	바이러스가 돌고 있어요. 지금은 얘기할 시간이 없어요.	번역완료	batch RowID 1888-2087
1952	Data/NPCData/132.EDT	11	480	Thank you. I can't say I get tipped too often.	고마워요. 팁을 자주 받는 편은 아니거든요.	번역완료	batch RowID 1888-2087
1953	Data/NPCData/132.EDT	12	480	Just wait here for a moment while I go see if I can find you a doctor.	잠깐만 여기서 기다리세요. 의사를 찾아볼게요.	번역완료	batch RowID 1888-2087
1954	Data/NPCData/132.EDT	13	480	Doctor Willis, these soldiers are here wishing to see a doctor.	윌리스 선생님, 이 병사분들이 진료를 받고 싶어 하세요.	번역완료	batch RowID 1888-2087
1955	Data/NPCData/132.EDT	14	480	We have patients, Doctor Beaumont. It's those paramilitary people.	보몬트 선생님, 환자들이 왔어요. 그 준군사조직 사람들이에요.	번역완료	batch RowID 1888-2087
1956	Data/NPCData/132.EDT	15	480	I'm sorry, but the doctors will not be seeing any patients until the hostilities calm.	죄송하지만 교전이 잦아들 때까지 의사들은 환자를 받지 않을 거예요.	번역완료	batch RowID 1888-2087
1957	Data/NPCData/132.EDT	16	480	There was a shady looking man in here claiming to know you. He said if you came by, you could find him in San Mona. He didn't say precisely where.	수상쩍게 생긴 남자가 와서 당신들을 안다고 하더군요. 당신들이 오면 산모나에서 자기를 찾으라고 했어요. 정확히 어디인지는 말하지 않았고요.	번역완료	batch RowID 1888-2087
1958	Data/NPCData/132.EDT	17	480	Some creepy man named Carmen wanted me to tell you he was in Drassen.	카르멘이라는 좀 음침한 남자가, 자기는 드라센에 있다고 전해달랬어요.	번역완료	batch RowID 1888-2087
1959	Data/NPCData/132.EDT	18	480	I can't accept those supplies. The hospital policy is very clear on that.	그 물자는 받을 수 없어요. 병원 규정에 아주 명확히 적혀 있어요.	번역완료	batch RowID 1888-2087
1960	Data/NPCData/132.EDT	19	480	Have you lost your mind?	정신 나갔어요?	번역완료	batch RowID 1888-2087
1961	Data/NPCData/132.EDT	20	480	Huhh, finally the bleeding is under control. Sort of ironic, needing medical aid in the middle of the hospital.	휴, 드디어 피가 멎었네요. 병원 한복판에서 치료가 필요하다니 좀 아이러니하군요.	번역완료	batch RowID 1888-2087
1962	Data/NPCData/132.EDT	21	480	It is most unfortunate, but we can't help you. We are the only medical facility in the countryside. And we mustn't lose the trust of the people we serve. Gain their trust, and then we will be able to help you.	정말 안타깝지만 지금은 도와드릴 수 없어요. 이 시골 지역에서 병원은 여기 하나뿐이에요. 우리가 돌보는 주민들의 신뢰를 잃을 순 없죠. 그들의 신뢰를 얻으세요. 그러면 저희도 도와드릴 수 있을 거예요.	번역완료	batch RowID 1888-2087
1963	Data/NPCData/132.EDT	22	480	From what I hear, you seem to be making headway against the army. It is very good news. It offers us all hope.	듣자 하니 군대를 상대로 꽤 성과를 내고 있다면서요. 정말 좋은 소식이에요. 우리 모두에게 희망을 주고 있어요.	번역완료	batch RowID 1888-2087
1964	Data/NPCData/133.EDT	1	480	They call me Billy.	사람들은 날 빌리라고 불러.	번역완료	batch RowID 1888-2087
1965	Data/NPCData/133.EDT	2	480	What ya want?	뭐 원해?	번역완료	batch RowID 1888-2087
1966	Data/NPCData/133.EDT	3	480	Madame Layla is like a mom to me.	마담 레일라는 나한테 엄마 같은 사람이야.	번역완료	batch RowID 1888-2087
1967	Data/NPCData/133.EDT	4	480	Billy like to sit once in awhile, but I'm not allowed.	빌리도 가끔 앉고 싶은데, 그러면 안 된대.	번역완료	batch RowID 1888-2087
1968	Data/NPCData/133.EDT	5	480	My pockets are full.	내 주머니 꽉 찼어.	번역완료	batch RowID 1888-2087
1969	Data/NPCData/133.EDT	6	480	I don't know nuthin' about the girls. Billy not allowed to touch dem.	난 여자들에 대해 아무것도 몰라. 빌리는 여자들 만지면 안 돼.	번역완료	batch RowID 1888-2087
1970	Data/NPCData/133.EDT	7	480	You're gonna make me mad, and I'm not allowed to get mad unless Madame Layla tells me to.	너 자꾸 그러면 나 화날 거야. 근데 마담 레일라가 허락하기 전엔 화내면 안 돼.	번역완료	batch RowID 1888-2087
1971	Data/NPCData/133.EDT	8	480	Madame Layla says, I have to stand right here and pay attention.	마담 레일라가 여기 똑바로 서서 잘 보고 있으랬어.	번역완료	batch RowID 1888-2087
1972	Data/NPCData/133.EDT	9	480	Oh, I got a big boo-boo.	아, 나 크게 다쳤어.	번역완료	batch RowID 1888-2087
1973	Data/NPCData/133.EDT	10	480	Billy can't talk to you right now.	빌리는 지금 너랑 얘기 못 해.	번역완료	batch RowID 1888-2087
1974	Data/NPCData/133.EDT	11	480	Madame Layla says I'm not allowed to touch the money.	마담 레일라가 돈은 만지면 안 된댔어.	번역완료	batch RowID 1888-2087
1975	Data/NPCData/133.EDT	12	480	You're gonna get it!	너 이제 혼날 거야!	번역완료	batch RowID 1888-2087
1976	Data/NPCData/134.EDT	1	480	What do you want?	뭐 원하는데?	번역완료	batch RowID 1888-2087
1977	Data/NPCData/134.EDT	2	480	You again.	또 너냐.	번역완료	batch RowID 1888-2087
1978	Data/NPCData/134.EDT	3	480	Ah... Should have never married that woman. Damn baby factory. Every time I turned around she was poppin' one out.	아... 그 여자랑 결혼하는 게 아니었어. 완전 애 낳는 공장이야. 돌아서기만 하면 애를 하나씩 낳고 있었으니.	번역완료	batch RowID 1888-2087
1979	Data/NPCData/134.EDT	4	480	Kinda like her workin' at the prison, ya know. Lets her get rid of her, uh, natural aggression. Haha, woman's got plenty of it.	그래도 감옥에서 일하는 건 좀 마음에 들어. 그 여자 특유의, 어, 공격성을 풀 수 있잖아. 하하, 그건 차고 넘치거든.	번역완료	batch RowID 1888-2087
1980	Data/NPCData/134.EDT	5	480	Whatcha want me to do with that?	나보고 그걸 어쩌라고?	번역완료	batch RowID 1888-2087
1981	Data/NPCData/134.EDT	6	480	Kids been drivin' me nuts. But, hey, heh, sure beats workin' for a living.	애들이 날 미치게 해. 그래도 뭐, 헤, 먹고살려고 일하는 것보단 낫지.	번역완료	batch RowID 1888-2087
1982	Data/NPCData/134.EDT	7	480	You don't know my wife, do ya? Cause if ya did, ya'd know that threatening and screaming be like normal conversation for me.	내 마누라 모르지? 알았다면 협박하고 소리 지르는 게 나한텐 그냥 평범한 대화라는 걸 알 텐데.	번역완료	batch RowID 1888-2087
1983	Data/NPCData/134.EDT	8	480	And get my ass shot off, you gotta be kiddin'.	그러다 내 엉덩이에 총구멍 나라고? 농담하지 마.	번역완료	batch RowID 1888-2087
1984	Data/NPCData/134.EDT	9	480	I-I'm hurtin' too much to talk.	나-나 너무 아파서 말 못 하겠어.	번역완료	batch RowID 1888-2087
1985	Data/NPCData/134.EDT	10	480	Ain't got time to spare right now.	지금은 시간 없어.	번역완료	batch RowID 1888-2087
1986	Data/NPCData/134.EDT	11	480	Sure, but there better be no strings attached.	그래, 대신 뒤에 뭐 붙는 조건은 없어야 해.	번역완료	batch RowID 1888-2087
1987	Data/NPCData/134.EDT	12	480	What's YOUR problem, buddy?	이봐, 네 문제는 대체 뭐야?	번역완료	batch RowID 1888-2087
1988	Data/NPCData/134.EDT	13	480	Heck of a fire fight happening out there. How about you deal with that first?	밖에서 총격전이 장난 아닌데. 그거나 먼저 처리하지 그래?	번역완료	batch RowID 1888-2087
1989	Data/NPCData/134.EDT	14	480	Maybe it's not what you want, but what I do that matters. Listen up. I have had it with that broad. You know my wife? She's the warden over at the prison, and I tell ya, the world's about to come down on her head.	네가 뭘 원하는지보다 내가 뭘 할지가 더 중요할지도 모르지. 잘 들어. 난 그 여자한테 질릴 대로 질렸어. 내 마누라 알지? 감옥 소장이야. 이제 그 여자 머리 위로 온 세상이 무너질 판이라고.	번역완료	batch RowID 1888-2087
1990	Data/NPCData/134.EDT	15	480	"Now, it ain't no secret that you're gonna be a part of that. Well, I ain't gonna be here when everything hits the fan! I'll be honest, the marriage was a ""put up and put out"" deal for dollars. Yeah, it was fine for a while."	너도 그 일에 한몫할 거란 건 비밀도 아니잖아. 난 난장판 터질 때 여기 없을 거야! 솔직히 말해 이 결혼도 돈 보고 참고 같이 살며 잠자리해준 거래였어. 그래, 한동안은 괜찮았지.	번역완료	batch RowID 1888-2087
1991	Data/NPCData/134.EDT	16	480	Then, everytime I turn around, she's pinching another kid, and what does she care? I gotta look after them all. We have one more, man, and I am drownin' it. I'm telling ya, it's as simple as that.	그러더니 돌아서기만 하면 또 애가 생겨. 자기는 신경이나 써? 내가 다 돌봐야지. 하나만 더 생기면, 친구, 난 진짜 물에 처박아버릴 거야. 농담 아니야.	번역완료	batch RowID 1888-2087
1992	Data/NPCData/134.EDT	17	480	Get this! My wife? She's home for ONE SINGLE HOUR a day, for dinner. Which, I might add, I get to cook. She strolls in at 5 and bitches if it ain't on the table. Man, I am not her goddamn slave. Then, back to work she goes.	이것 좀 들어봐! 내 마누라는 하루에 딱 한 시간, 저녁 먹으러 집에 와. 그 저녁은 내가 차리고. 5시에 어슬렁 들어와서는 밥이 식탁에 없으면 지랄하지. 난 그년 노예가 아니라고. 그러곤 다시 일하러 가.	번역완료	batch RowID 1888-2087
1993	Data/NPCData/134.EDT	18	480	Figured the way you're looking at me, ya kinda plan to nail her yourself. Well, don't be thinking I'm gonna stand in your way. I got a fair chunk of insurance on the broad. Why, I'll even give you the layout of the prison...	네가 날 보는 눈을 보니 그 여자를 직접 손봐줄 생각 같은데. 내가 방해할 거라곤 생각 마. 그 여자 앞으로 보험도 꽤 들어놨어. 감옥 구조까지 알려줄 수 있다고...	번역완료	batch RowID 1888-2087
1994	Data/NPCData/134.EDT	19	480	Now, getting to her through the front entrance is like swimming through a school of piranhas, what with all the damn guards. But, in her office, she's got these tear gas switches. I tell ya, she's a sick broad.	정문으로 들어가서 그 여자한테 가는 건 피라냐 떼 사이로 헤엄치는 거나 마찬가지야. 망할 경비가 워낙 많거든. 그런데 그 여자 사무실에는 최루가스 스위치가 있어. 정말 미친 여자라니까.	번역완료	batch RowID 1888-2087
1995	Data/NPCData/134.EDT	20	480	Anyway, the one on the left warns the guards that she's about to let loose with the juice. The one on the right sprays it out. So, no warning, no gas masks. Figure you can puzzle the rest out.	왼쪽 스위치는 가스를 뿌리기 전에 경비한테 경보를 보내. 오른쪽은 실제로 가스를 뿌리고. 그러니까 경보가 없으면 방독면도 없겠지. 나머지는 네가 알아서 생각해봐.	번역완료	batch RowID 1888-2087
1996	Data/NPCData/134.EDT	21	480	Might find this useful. You see the path right outside our door? Well, it'll lead you right to her office. Shouldn't be hard to follow. It's got about as much movement as she does when she's on her back.	이건 도움이 될지도 몰라. 우리 집 문 바로 밖에 길 보이지? 그 길 따라가면 바로 그 여자 사무실이 나와. 따라가기도 쉬워. 그 여자가 침대에 누웠을 때만큼이나 움직임이 없는 길이니까.	번역완료	batch RowID 1888-2087
1997	Data/NPCData/134.EDT	22	480	But I'll tell ya, she has got the hearing of a hawk. I could never sneak by her in the middle of the night. Like I mentioned, she's home for dinner at 5. Kids get a strict 5 minutes of quality time each. I get 3.	그런데 그 여자 귀는 매처럼 밝아. 한밤중에도 몰래 지나갈 수가 없었어. 말했듯 저녁 5시에 집에 와. 애들은 각자 정확히 5분씩 '좋은 시간'을 보내고. 난 3분이고.	번역완료	batch RowID 1888-2087
1998	Data/NPCData/134.EDT	23	480	You know what? I don't feel like dancing around it anymore. You looking for my wife? Well, here's the key to her office. But watch out. That broad's like a cobra. And your timing isn't very good either.	있잖아? 이제 돌려 말하기도 싫어. 내 마누라 찾는 거지? 자, 여기 그 여자 사무실 열쇠야. 조심해. 코브라 같은 여자니까. 그리고 지금 타이밍도 별로 안 좋고.	번역완료	batch RowID 1888-2087
1999	Data/NPCData/134.EDT	24	480	Buddy, you did me the biggest favor in the world, there's absolutely no need to threaten me. I adore you.	친구, 넌 세상에서 가장 큰 부탁을 들어줬어. 날 협박할 필요 전혀 없어. 사랑한다, 진짜.	번역완료	batch RowID 1888-2087
2000	Data/NPCData/134.EDT	25	480	As soon as this war is over, I think I'm gonna look into getting a pro sports franchise in Arulco. Thinking football...the Arulco Bloodcats. And free beer at every game with the purchase of a seat.	이 전쟁만 끝나면 아룰코에 프로 스포츠팀 하나 들여볼까 해. 미식축구가 좋겠어... '아룰코 블러드캣츠'. 좌석 하나 사면 경기마다 맥주도 공짜로 주고.	번역완료	batch RowID 1888-2087
2001	Data/NPCData/134.EDT	26	480	Oh... What am I saying here? You must be part of the group who whacked  my wife, the warden. Let me shake your hand. I can't tell you how many times I thought of doing it myself. Never met a meaner broad in my life.	아... 내가 무슨 말을 하는 거지? 너희가 내 마누라, 그 소장년을 죽인 사람들이구나. 악수 한번 하자. 나도 직접 죽이고 싶다고 생각한 게 몇 번인지 몰라. 살면서 그렇게 못된 여자는 처음이었어.	번역완료	batch RowID 1888-2087
2002	Data/NPCData/134.EDT	27	480	Woman kept having children and making me stay home with them. Spent all of an hour a day with 'em, she did. Good riddance, I say. She won't be missed.	그 여자는 계속 애를 낳고 나한테 집에서 애들 보라고 했어. 자기는 하루에 고작 한 시간 같이 있었고. 잘 죽었다고 봐. 아무도 그리워하지 않을 거야.	번역완료	batch RowID 1888-2087
2003	Data/NPCData/135.EDT	1	480	You will be punished for your intrusion.	무단 침입의 대가를 치르게 될 것이다.	번역완료	batch RowID 1888-2087
2004	Data/NPCData/135.EDT	2	480	I am surprised to see you alive.	아직 살아 있다니 놀랍군.	번역완료	batch RowID 1888-2087
2005	Data/NPCData/135.EDT	3	480	The Queen is a good woman. She is just under a tremendous amount of pressure.	여왕께서는 좋은 분이다. 그저 엄청난 압박을 받고 계실 뿐이지.	번역완료	batch RowID 1888-2087
2006	Data/NPCData/135.EDT	4	480	It is too bad you do not know the Queen like I do.	당신이 나처럼 여왕을 알지 못한다는 게 안타깝군.	번역완료	batch RowID 1888-2087
2007	Data/NPCData/135.EDT	5	480	I cannot take it.	받을 수 없다.	번역완료	batch RowID 1888-2087
2008	Data/NPCData/135.EDT	6	480	I have no intention of telling you anything.	당신에게 아무것도 말할 생각 없다.	번역완료	batch RowID 1888-2087
2009	Data/NPCData/135.EDT	7	480	You are speaking with the Queen's most trusted advisor. You will show respect.	여왕께서 가장 신뢰하는 고문과 이야기하고 있는 거다. 예의를 갖춰라.	번역완료	batch RowID 1888-2087
2010	Data/NPCData/135.EDT	8	480	It is not even an option.	그건 선택지조차 아니다.	번역완료	batch RowID 1888-2087
2011	Data/NPCData/135.EDT	9	480	I have been wounded. As the Queen's advisor, you are compelled to offer me aid.	나는 부상을 입었다. 여왕의 고문인 나를 당신들은 마땅히 도와야 한다.	번역완료	batch RowID 1888-2087
2012	Data/NPCData/135.EDT	10	480	That is all I have to say to you.	당신에게 할 말은 여기까지다.	번역완료	batch RowID 1888-2087
2013	Data/NPCData/135.EDT	11	480	Forgive the intrusion, Your Highness, but one of our North Patrols has been attacked!	방해하여 죄송합니다, 전하. 북부 순찰대 하나가 공격받았습니다!	번역완료	batch RowID 1888-2087
2014	Data/NPCData/135.EDT	12	480	Ahem... from what we have learned, Your Majesty, the rebels seem to have some sort of foreign aid - commando types. We speculate they arrived on the helicopter that was spotted earlier.	흠... 알아낸 바로는, 폐하, 반군이 외국의 지원을 받고 있는 듯합니다. 특공대 같은 자들입니다. 앞서 목격된 헬리콥터를 타고 들어온 것으로 추정됩니다.	번역완료	batch RowID 1888-2087
2015	Data/NPCData/135.EDT	13	480	They may be hired mercenaries, Your Highness. There weren't many.	고용된 용병들일 수도 있습니다, 전하. 수는 많지 않았습니다.	번역완료	batch RowID 1888-2087
2016	Data/NPCData/135.EDT	14	480	As you command, Your Highness.	명하신 대로 하겠습니다, 전하.	번역완료	batch RowID 1888-2087
2017	Data/NPCData/135.EDT	15	480	Ahem... the rebel party seems to have used the element of surprise to their advantage, my Queen. They defeated us.	흠... 반군 일행이 기습의 이점을 잘 이용한 듯합니다, 폐하. 우리 군이 패배했습니다.	번역완료	batch RowID 1888-2087
2018	Data/NPCData/135.EDT	16	480	Yes, Your Highness.	예, 전하.	번역완료	batch RowID 1888-2087
2019	Data/NPCData/135.EDT	17	480	Ahem... yes, Your Highness. I am. I regret the interruption, but it is important. Our reports confirm that the rebel party seems to have grown bolder, my Queen. There was an attack in Drassen.	흠... 예, 전하. 맞습니다. 방해하여 죄송하지만 중요한 일입니다. 보고에 따르면 반군이 점점 대담해지고 있습니다, 폐하. 드라센에서 공격이 있었습니다.	번역완료	batch RowID 1888-2087
2020	Data/NPCData/135.EDT	18	480	Well, Your Highness, I regret to inform you, but they were victorious. They control Drassen, Your Majesty.	송구스럽지만, 전하, 그들이 승리했습니다. 지금 드라센은 그들의 통제 아래 있습니다, 폐하.	번역완료	batch RowID 1888-2087
2021	Data/NPCData/135.EDT	19	480	Ahem... and I would not have bothered you had it not been important, Your Highness.	흠... 중요하지 않았다면 폐하를 방해하지 않았을 것입니다, 전하.	번역완료	batch RowID 1888-2087
2022	Data/NPCData/135.EDT	20	480	The rebels have...	반군이...	번역완료	batch RowID 1888-2087
2023	Data/NPCData/135.EDT	21	480	Not exactly, my Queen. They, how shall I say, occupy the city of Cambria.	꼭 그렇진 않습니다, 폐하. 그들이, 뭐라고 해야 할지... 캄브리아 시를 점령했습니다.	번역완료	batch RowID 1888-2087
2024	Data/NPCData/135.EDT	22	480	Ahem... my Queen, I believe I do. It seems these mercenaries, while a small group, are apparently well trained and equipped. They have recently secured Alma.	흠... 폐하, 저도 그렇게 생각합니다. 이 용병들은 수는 적지만 훈련과 장비가 상당히 잘 갖춰진 듯합니다. 최근 알마까지 장악했습니다.	번역완료	batch RowID 1888-2087
2025	Data/NPCData/135.EDT	23	480	Yes, Your Majesty.	예, 폐하.	번역완료	batch RowID 1888-2087
2026	Data/NPCData/135.EDT	24	480	Yes, Your Highness. Plenty?	예, 전하. 충분히 말입니까?	번역완료	batch RowID 1888-2087
2027	Data/NPCData/135.EDT	25	480	No, I do have some good news, Your Highness. You are still in power. Ahem... however, it seems that the mercenaries have taken Grumm.	아닙니다. 좋은 소식도 있습니다, 전하. 아직 권좌는 지키고 계십니다. 흠... 다만 용병들이 그룸을 점령한 듯합니다.	번역완료	batch RowID 1888-2087
2028	Data/NPCData/135.EDT	26	480	You would like me to summon them, my Queen?	제가 그들을 불러오길 원하십니까, 폐하?	번역완료	batch RowID 1888-2087
2029	Data/NPCData/135.EDT	27	480	Ahem... actually, Your Highness, it is rather bad.	흠... 실은, 전하, 상황이 꽤 좋지 않습니다.	번역완료	batch RowID 1888-2087
2030	Data/NPCData/135.EDT	28	480	Your Highness, these foreigners, these mercenaries, have overrun Chitzena. So far, however, ours has been a valiant effort.	전하, 그 외국인들, 그 용병들이 치트제나를 점령했습니다. 그래도 지금까지 우리 군은 용감히 싸웠습니다.	번역완료	batch RowID 1888-2087
2031	Data/NPCData/135.EDT	29	480	Ahem... I regret to inform you, Your Highness, that I do indeed have a troubling report. Our north west SAM site is now in the hands of the rebels.	흠... 유감스럽게도 좋지 않은 보고가 있습니다, 전하. 북서쪽 SAM 기지가 반군의 손에 넘어갔습니다.	번역완료	batch RowID 1888-2087
2032	Data/NPCData/135.EDT	30	480	Perfectly clear, Your Majesty.	명확히 알겠습니다, 폐하.	번역완료	batch RowID 1888-2087
2033	Data/NPCData/135.EDT	31	480	Ahem, Your Highness, I have an urgent report. The rebels attacked us at our north east SAM.	흠, 전하, 긴급 보고가 있습니다. 반군이 북동쪽 SAM 기지를 공격했습니다.	번역완료	batch RowID 1888-2087
2034	Data/NPCData/135.EDT	32	480	No, my Queen, um, rather, we were. Apparently, the guards were taken quite by surprise.	아닙니다, 폐하, 음, 오히려 우리가 당했습니다. 경비병들이 완전히 기습을 당한 모양입니다.	번역완료	batch RowID 1888-2087
2035	Data/NPCData/135.EDT	33	480	Ahem, I am sorry to hear that, Your Highness. I only wish to keep you informed on the progress of our troops.	흠, 안타깝게 생각합니다, 전하. 저는 그저 우리 군의 진행 상황을 계속 보고드리고 싶었을 뿐입니다.	번역완료	batch RowID 1888-2087
2036	Data/NPCData/135.EDT	34	480	The Central SAM has been overrun by the mercenaries. Our troops did not anticipate...	중앙 SAM 기지가 용병들에게 점령당했습니다. 우리 병력은 예상하지 못...	번역완료	batch RowID 1888-2087
2037	Data/NPCData/135.EDT	35	480	Ahem... Not exactly, Your Highness. From theirs.	흠... 꼭 그렇진 않습니다, 전하. 그들 쪽에서 말입니다.	번역완료	batch RowID 1888-2087
2038	Data/NPCData/135.EDT	36	480	Ahem... Yes, your majesty, it seems the flowers are a gift to Your Highness from the mercenaries. Perhaps they have taken a fondness toward you?	흠... 예, 폐하. 이 꽃들은 용병들이 전하께 보내온 선물인 듯합니다. 혹시 전하께 마음이라도 생긴 걸까요?	번역완료	batch RowID 1888-2087
2039	Data/NPCData/135.EDT	37	480	They are rather pretty, Your Highness.	꽤 예쁩니다, 전하.	번역완료	batch RowID 1888-2087
2040	Data/NPCData/135.EDT	38	480	Ahem... I am an idiot, Your Highness.	흠... 제가 바보였습니다, 전하.	번역완료	batch RowID 1888-2087
2041	Data/NPCData/135.EDT	39	480	Of course, my Queen. I know that you are a very busy woman. But, I insisted that I see you right away. I bring GREAT news!	물론입니다, 폐하. 폐하께서 매우 바쁘신 건 압니다. 하지만 당장 뵈어야 한다고 고집했습니다. 아주 좋은 소식이 있습니다!	번역완료	batch RowID 1888-2087
2042	Data/NPCData/135.EDT	40	480	Yes, Your Highness, I am pleased to report that we have taken back one of the cities. The report should be coming in soon.	예, 전하. 기쁘게도 도시 하나를 탈환했다는 보고입니다. 곧 정식 보고가 들어올 겁니다.	번역완료	batch RowID 1888-2087
2043	Data/NPCData/135.EDT	41	480	Yes, Your Highness! It is just as you requested, and, while I regret that your troops were not able to capture all of them, this is certainly a start.	예, 전하! 명하신 대로입니다. 폐하의 병력이 그들을 모두 사로잡지 못한 것은 유감이지만, 분명 좋은 시작입니다.	번역완료	batch RowID 1888-2087
2044	Data/NPCData/135.EDT	42	480	As you command, Your Highness. Should I release them, then? It has been a most cooperative and informative interrogation.	명하신 대로 하겠습니다, 전하. 그럼 그들을 풀어줄까요? 아주 협조적이고 유익한 심문이었습니다.	번역완료	batch RowID 1888-2087
2045	Data/NPCData/135.EDT	43	480	he-heh, heh, heh, heh. You idiot!	헤헤, 헤, 헤, 헤. 이 멍청아!	번역완료	batch RowID 1888-2087
2046	Data/NPCData/135.EDT	44	480	As you command, Your Highness. Should I summon the doctor to treat the injuries here?	명하신 대로 하겠습니다, 전하. 여기 부상자들을 치료할 의사를 부를까요?	번역완료	batch RowID 1888-2087
2047	Data/NPCData/135.EDT	45	480	I am sorry, Your Highness. And I regret that I do indeed bring another troubling report.	죄송합니다, 전하. 그리고 유감스럽게도 또 하나 좋지 않은 보고가 있습니다.	번역완료	batch RowID 1888-2087
2048	Data/NPCData/135.EDT	46	480	Ahem... well, it seems, that, how should I say, the people, are, well...	흠... 그게, 그러니까, 뭐라고 말씀드려야 할지... 백성들이, 음...	번역완료	batch RowID 1888-2087
2049	Data/NPCData/135.EDT	47	480	Ahem, yes, Your Highness. It seems the people, your subjects, are turning against you.	흠, 예, 전하. 백성들, 그러니까 전하의 신민들이 전하께 등을 돌리고 있는 듯합니다.	번역완료	batch RowID 1888-2087
2050	Data/NPCData/135.EDT	48	480	Ahem... well, yes, my Queen. Reports state that some are even speaking openly against you, and there are others who are quietly getting behind the rebel movement.	흠... 네, 폐하. 보고에 따르면 어떤 이들은 대놓고 폐하를 비난하고 있고, 또 다른 이들은 조용히 반군 운동을 지지하기 시작했습니다.	번역완료	batch RowID 1888-2087
2051	Data/NPCData/135.EDT	49	480	Your Highness?	전하?	번역완료	batch RowID 1888-2087
2052	Data/NPCData/135.EDT	50	480	Ahem... Your Highness, that is not our helicopter.	흠... 전하, 저 헬리콥터는 우리 것이 아닙니다.	번역완료	batch RowID 1888-2087
2053	Data/NPCData/135.EDT	51	480	Ahem... In fact, I was just now coming to report this to you. The rebel forces, it seems, have secured the services of one Mr. James Bullock, or Skyrider as I believe he is known.	흠... 사실 방금 그걸 보고드리러 오던 참이었습니다. 반군이 제임스 불록 씨, 아마 '스카이라이더'라고 불리는 자의 도움을 확보한 듯합니다.	번역완료	batch RowID 1888-2087
2054	Data/NPCData/135.EDT	52	480	Hello, Your Highness. I have...	안녕하십니까, 전하. 제가...	번역완료	batch RowID 1888-2087
2055	Data/NPCData/135.EDT	53	480	Ahem... with all due respect, Your Highness, I feel that I can say nothing which would please my Queen, the country such as it is.	흠... 외람되오나, 전하. 나라가 이 지경인 만큼 폐하께서 기뻐하실 만한 말씀은 아무것도 드릴 수 없을 것 같습니다.	번역완료	batch RowID 1888-2087
2056	Data/NPCData/135.EDT	54	480	Ahem... Dr. Kairns is missing from your research facility in Orta, Your Highness. He has not been seen for quite some time, and no one is certain of his whereabouts.	흠... 전하, 오르타의 연구시설에서 케언스 박사가 실종되었습니다. 꽤 오랫동안 목격되지 않았고, 어디 있는지 아무도 모릅니다.	번역완료	batch RowID 1888-2087
2057	Data/NPCData/135.EDT	55	480	Yes, Your Highness. It is so.	예, 전하. 그렇습니다.	번역완료	batch RowID 1888-2087
2058	Data/NPCData/135.EDT	56	480	Ahem, yes, Your Highness, very clear.	흠, 예, 전하. 아주 명확합니다.	번역완료	batch RowID 1888-2087
2059	Data/NPCData/135.EDT	57	480	Ahem... good day, Your Highness. I have an urgent report for you.	흠... 안녕하십니까, 전하. 긴급 보고가 있습니다.	번역완료	batch RowID 1888-2087
2060	Data/NPCData/135.EDT	58	480	Ahem... with all due respect, Your Highness, you need to hear this. The mercenary forces have been spotted on the outskirts of Meduna, and...	흠... 외람되오나, 전하, 이건 들으셔야 합니다. 용병 부대가 메두나 외곽에서 목격되었고...	번역완료	batch RowID 1888-2087
2061	Data/NPCData/135.EDT	59	480	Would you like me to extend them an offer, my Queen?	제가 그들에게 제안을 보내볼까요, 폐하?	번역완료	batch RowID 1888-2087
2062	Data/NPCData/135.EDT	60	480	Actually, Your Highness... I'll.... I'll clean it up myself. It's not a bother, really...	사실, 전하... 제... 제가 직접 치우겠습니다. 정말 별일 아닙니다...	번역완료	batch RowID 1888-2087
2063	Data/NPCData/135.EDT	61	480	Ahem... Apparently...not, Your Highness. I will try harder.	흠... 보아하니... 아니었던 모양입니다, 전하. 더 노력하겠습니다.	번역완료	batch RowID 1888-2087
2064	Data/NPCData/135.EDT	62	480	Splendid, Your Highness. What is it?	훌륭합니다, 전하. 무엇입니까?	번역완료	batch RowID 1888-2087
2065	Data/NPCData/135.EDT	63	480	Your... Your Majesty...	폐... 폐하...	번역완료	batch RowID 1888-2087
2066	Data/NPCData/135.EDT	64	480	But, but... Ahem, Your Highness, the Crepitus will come out! They'll kill the miners, the people, even our troops! I say this of course, with all due respect.	하, 하지만... 흠, 전하, 크레피투스가 밖으로 나올 겁니다! 광부들과 백성들, 심지어 우리 병력까지 죽일 겁니다! 물론 최대한의 존경을 담아 말씀드립니다.	번역완료	batch RowID 1888-2087
2067	Data/NPCData/135.EDT	65	480	Very good.	아주 좋습니다.	번역완료	batch RowID 1888-2087
2068	Data/NPCData/135.EDT	66	480	I can't be bought.	돈으로 날 살 수는 없다.	번역완료	batch RowID 1888-2087
2069	Data/NPCData/135.EDT	67	480	The Queen will make you pay!	여왕께서 반드시 대가를 치르게 하실 거다!	번역완료	batch RowID 1888-2087
2070	Data/NPCData/135.EDT	68	480	Forgive the intrusion, Your Highness, but Administrators in Drassen have been attacked!	방해하여 죄송합니다, 전하. 드라센의 행정관들이 공격받았습니다!	번역완료	batch RowID 1888-2087
2071	Data/NPCData/135.EDT	69	480	Forgive the intrusion, Your Highness, but Administrators in Cambria have been attacked!	방해하여 죄송합니다, 전하. 캄브리아의 행정관들이 공격받았습니다!	번역완료	batch RowID 1888-2087
2072	Data/NPCData/135.EDT	70	480	Not yet, Your Majesty.	아직은 아닙니다, 폐하.	번역완료	batch RowID 1888-2087
2073	Data/NPCData/135.EDT	71	480	There is good news, Your Majesty. Your quick thinking troops managed to disable it. It could take the rebels days to repair it so that it's usable.	좋은 소식이 있습니다, 폐하. 폐하의 병사들이 재빨리 판단해 그 시설을 작동 불능으로 만들었습니다. 반군이 다시 쓸 수 있게 고치려면 며칠은 걸릴 겁니다.	번역완료	batch RowID 1888-2087
2074	Data/NPCData/135.EDT	72	480	Not keeping you informed, Your Majesty?	제가 폐하께 제대로 보고드리지 않고 있다는 말씀이십니까?	번역완료	batch RowID 1888-2087
2075	Data/NPCData/135.EDT	73	480	With all due respect, my Queen, are you certain? How do you know?	외람되오나, 폐하, 정말 확실하십니까? 어떻게 아십니까?	번역완료	batch RowID 1888-2087
2076	Data/NPCData/135.EDT	74	480	Oh, you must be so happy, my Highness. I know how much you enjoy it when your friends from Balime visit.	오, 전하께서 무척 기쁘시겠군요. 발리메의 친구분들이 찾아오는 걸 얼마나 좋아하시는지 압니다.	번역완료	batch RowID 1888-2087
2077	Data/NPCData/135.EDT	75	480	Yes, Your Majesty, I'll get them right on it. Just as soon as they're finished helping your friends with their bags.	예, 폐하. 바로 시키겠습니다. 폐하의 친구분들 짐을 나르는 일이 끝나는 대로요.	번역완료	batch RowID 1888-2087
2078	Data/NPCData/135.EDT	76	480	As you wish, my Queen.	원하시는 대로 하겠습니다, 폐하.	번역완료	batch RowID 1888-2087
2079	Data/NPCData/136.EDT	1	480	You have no idea how thankful we are. I am so honored to meet you!	얼마나 감사한지 상상도 못 하실 겁니다. 만나 뵙게 되어 정말 영광입니다!	번역완료	batch RowID 1888-2087
2080	Data/NPCData/136.EDT	2	480	Remember me?	저 기억하시나요?	번역완료	batch RowID 1888-2087
2081	Data/NPCData/136.EDT	3	480	Freedom! It is not something I believed I would see in my lifetime!	자유라니! 살아생전에 보게 될 거라고는 생각도 못 했습니다!	번역완료	batch RowID 1888-2087
2082	Data/NPCData/136.EDT	4	480	The Queen is dead at last! You may not believe this, but all of us wanted her dead! We feared her too much to rise against her. I hope you understand.	드디어 여왕이 죽었군요! 믿기 어렵겠지만 우리 모두 그 여자가 죽길 바랐습니다! 너무 두려워서 맞서 일어날 수 없었을 뿐이에요. 이해해주시길 바랍니다.	번역완료	batch RowID 1888-2087
2083	Data/NPCData/136.EDT	5	480	No, I could not possibly accept anything from you. It is me who should be giving YOU gifts!	아니요, 당신에게선 아무것도 받을 수 없습니다. 오히려 제가 당신께 선물을 드려야죠!	번역완료	batch RowID 1888-2087
2084	Data/NPCData/136.EDT	6	480	Me? You want to talk to me? I don't know what to say! I am so grateful for everything you have done!	저요? 저랑 이야기하고 싶으시다고요? 무슨 말을 해야 할지 모르겠네요! 해주신 모든 일에 정말 감사드립니다!	번역완료	batch RowID 1888-2087
2085	Data/NPCData/136.EDT	7	480	Oh, I understand. It is a great victory you have achieved today! Some time to relax, to understand, all that you have accomplished is what you need.	아, 이해합니다. 오늘 정말 위대한 승리를 거두셨잖아요! 잠시 쉬면서 자신이 이룬 일을 되새겨볼 시간이 필요하겠죠.	번역완료	batch RowID 1888-2087
2086	Data/NPCData/136.EDT	8	480	It's not for me.	그건 제게 필요 없습니다.	번역완료	batch RowID 1888-2087
2087	Data/NPCData/136.EDT	9	480	Would you...help me?	저를... 도와주시겠어요?	번역완료	batch RowID 1888-2087
2088	Data/NPCData/136.EDT	10	480	You are heroes, and I am happy for this brief moment with you...	당신들은 영웅이에요. 이렇게 잠시나마 함께할 수 있어 기쁩니다...	번역완료	batch RowID 2088-2287
2089	Data/NPCData/136.EDT	11	480	I shall never forget your kindness.	당신의 친절은 절대 잊지 않겠습니다.	번역완료	batch RowID 2088-2287
2090	Data/NPCData/136.EDT	12	480	Wha... what? I... I don't understand!	뭐... 뭐라고요? 저... 이해가 안 돼요!	번역완료	batch RowID 2088-2287
2091	Data/NPCData/136.EDT	13	480	You have more pressing matters...	더 급한 일이 있으시겠죠...	번역완료	batch RowID 2088-2287
2092	Data/NPCData/136.EDT	14	480	There... There they are! Everyone! It's them!	저... 저기 있다! 여러분! 저 사람들이에요!	번역완료	batch RowID 2088-2287
2093	Data/NPCData/136.EDT	15	480	Queen Deidranna! Never, never again! We never trusted her! Never liked her! Did we, huh! Did we! Better off dead and buried! Yeah!	데이드라나 여왕이라니! 다시는, 절대로 다시는 안 돼! 우린 그 여자를 믿은 적도 없어! 좋아한 적도 없고! 그렇지, 응? 그렇지! 죽어서 땅에 묻힌 게 훨씬 낫지! 그래!	번역완료	batch RowID 2088-2287
2094	Data/NPCData/136.EDT	16	480	And generous, too! Thank you!	게다가 이렇게 후하기까지! 고맙습니다!	번역완료	batch RowID 2088-2287
2095	Data/NPCData/136.EDT	17	480	And the creatures! You won't leave us alone with those... those disgusting things, will you? They'll kill us all!	그리고 그 괴물들은요! 우리를 그... 그 끔찍한 것들과 함께 내버려두진 않으실 거죠? 그러면 우린 다 죽어요!	번역완료	batch RowID 2088-2287
2096	Data/NPCData/136.EDT	18	480	Yah! Then your job will be over!	그래요! 그러면 당신들 일도 끝나는 거죠!	번역완료	batch RowID 2088-2287
2097	Data/NPCData/137.EDT	1	480	You've saved us! The country! Its people! Arulco is free at last!	당신들이 우릴 구했어요! 이 나라와 사람들을요! 드디어 아룰코가 자유로워졌습니다!	번역완료	batch RowID 2088-2287
2098	Data/NPCData/137.EDT	2	480	The pleasure is mine...	제가 더 기쁩니다...	번역완료	batch RowID 2088-2287
2099	Data/NPCData/137.EDT	3	480	We believed the rebels when they said you were coming. We hoped. We prayed, and those prayers have been answered.	반군이 당신들이 온다고 했을 때 우리는 믿었습니다. 희망했고, 기도했죠. 그리고 그 기도가 이루어졌습니다.	번역완료	batch RowID 2088-2287
2100	Data/NPCData/137.EDT	4	480	May she rot in hell. You have given us our freedom back, and for that, we can never repay your bravery.	그 여자는 지옥에서 썩어야 해요. 당신들이 우리에게 자유를 되찾아줬습니다. 그 용기에 우리는 영원히 보답할 수 없을 겁니다.	번역완료	batch RowID 2088-2287
2101	Data/NPCData/137.EDT	5	480	Oh, no. You may need it.	아뇨. 당신에게 필요할지도 모르잖아요.	번역완료	batch RowID 2088-2287
2102	Data/NPCData/137.EDT	6	480	You will be remembered in the history of Arulco.	당신들은 아룰코의 역사에 길이 남을 겁니다.	번역완료	batch RowID 2088-2287
2103	Data/NPCData/137.EDT	7	480	The time for anger has passed, friend! We shall celebrate in your name!	이제 분노할 때는 지났어요, 친구! 당신들의 이름으로 축하할 겁니다!	번역완료	batch RowID 2088-2287
2104	Data/NPCData/137.EDT	8	480	I am honored, but you don't need me.	영광이지만, 당신들에게 저는 필요 없어요.	번역완료	batch RowID 2088-2287
2105	Data/NPCData/137.EDT	9	480	I... I need a doctor.	저... 의사가 필요해요.	번역완료	batch RowID 2088-2287
2106	Data/NPCData/137.EDT	10	480	I don't want to take up all of your time.	시간을 너무 많이 빼앗고 싶진 않아요.	번역완료	batch RowID 2088-2287
2107	Data/NPCData/137.EDT	11	480	Your kindness is amazing.	정말 놀라울 만큼 친절하시군요.	번역완료	batch RowID 2088-2287
2108	Data/NPCData/137.EDT	12	480	I... I don't understand? Me? Why? Was it... accident? Maybe?	저... 이해가 안 돼요. 저를요? 왜요? 혹시... 실수였나요? 어쩌면?	번역완료	batch RowID 2088-2287
2109	Data/NPCData/137.EDT	13	480	Wait until the fighting stops...	싸움이 끝날 때까지 기다려요...	번역완료	batch RowID 2088-2287
2110	Data/NPCData/137.EDT	14	480	Then she is dead! It's really true! Arulco is free from Deidranna!	그럼 그 여자가 죽은 거군요! 정말 사실이에요! 아룰코가 데이드라나에게서 해방됐어요!	번역완료	batch RowID 2088-2287
2111	Data/NPCData/137.EDT	15	480	Everyone, remember this moment! The day of our freedom! And these, these are the heroes we will speak of for years to come. Thank you!	여러분, 이 순간을 기억하세요! 우리가 자유를 되찾은 날입니다! 그리고 이분들, 이분들이 앞으로 오랫동안 이야기할 영웅들입니다. 고맙습니다!	번역완료	batch RowID 2088-2287
2112	Data/NPCData/137.EDT	16	480	No... If I had any money, I would gladly pay you!	아뇨... 돈이 있었다면 기꺼이 드렸을 겁니다!	번역완료	batch RowID 2088-2287
2113	Data/NPCData/137.EDT	17	480	Slay the creatures! Kill them! Then Arulco will be truly free.	그 괴물들을 처치하세요! 죽여버려요! 그러면 아룰코는 진정으로 자유로워질 겁니다.	번역완료	batch RowID 2088-2287
2114	Data/NPCData/139.EDT	1	480	I'm Doreen Harrows, the factory manager.	저는 이 공장 관리자인 도린 해로스예요.	번역완료	batch RowID 2088-2287
2115	Data/NPCData/139.EDT	2	480	What do you want this time?	이번엔 뭘 원하죠?	번역완료	batch RowID 2088-2287
2116	Data/NPCData/139.EDT	3	480	This isn't going anywhere.	이래선 아무 소용 없어요.	번역완료	batch RowID 2088-2287
2117	Data/NPCData/139.EDT	4	480	You are only wasting time. Mine included.	당신은 시간만 낭비하고 있어요. 내 시간까지요.	번역완료	batch RowID 2088-2287
2118	Data/NPCData/139.EDT	5	480	I don't want any of your gifts.	당신 선물 따윈 필요 없어요.	번역완료	batch RowID 2088-2287
2119	Data/NPCData/139.EDT	6	480	You should just go back to wherever you came from.	그냥 원래 있던 곳으로 돌아가세요.	번역완료	batch RowID 2088-2287
2120	Data/NPCData/139.EDT	7	480	Okay... I'd like to help you, but I only know about making baseball caps and sweatshirts.	좋아요... 돕고 싶긴 하지만, 전 야구모자와 스웨트셔츠 만드는 것밖에 몰라요.	번역완료	batch RowID 2088-2287
2121	Data/NPCData/139.EDT	8	480	I care nothing about you, or this country.	난 당신도, 이 나라도 전혀 신경 안 써요.	번역완료	batch RowID 2088-2287
2122	Data/NPCData/139.EDT	9	480	Ohhh...the pain. The pain is unbearable!	아아... 아파. 견딜 수가 없어!	번역완료	batch RowID 2088-2287
2123	Data/NPCData/139.EDT	10	480	I really don't have time for this.	정말 이럴 시간 없어요.	번역완료	batch RowID 2088-2287
2124	Data/NPCData/139.EDT	11	480	I hope you're not expecting me to do anything for it... because I won't.	이걸 줬다고 내가 뭘 해주길 기대하진 마세요... 안 해줄 테니까.	번역완료	batch RowID 2088-2287
2125	Data/NPCData/139.EDT	12	480	This is a private company, you have no business being here. You'll find nothing that concerns you, or your war. We make baseball caps and sweatshirts for a celebrity-endorsed clothing line.	여긴 사기업이에요. 당신이 있을 곳이 아닙니다. 당신이나 당신 전쟁과 관련된 건 아무것도 없어요. 우리는 유명인이 홍보하는 의류 브랜드의 야구모자와 스웨트셔츠를 만듭니다.	번역완료	batch RowID 2088-2287
2126	Data/NPCData/139.EDT	13	480	I understand your concern about the age of the workers. I, too, was fooled the first time I saw them. They are all a lot older than they look.	노동자들의 나이를 걱정하는 건 이해해요. 나도 처음 봤을 땐 속았으니까. 다들 보기보다 훨씬 나이가 많아요.	번역완료	batch RowID 2088-2287
2127	Data/NPCData/139.EDT	14	480	It's the exceptional working conditions. Keeps them looking youthful.	근무 환경이 워낙 훌륭해서 그래요. 어려 보이게 해주죠.	번역완료	batch RowID 2088-2287
2128	Data/NPCData/139.EDT	15	480	They should be in school? They are in school... This is the school.	학교에 있어야 한다고요? 학교에 있잖아요... 여기가 학교예요.	번역완료	batch RowID 2088-2287
2129	Data/NPCData/139.EDT	16	480	Look! I've had enough of this. I have a business to run. And I'll run it any damn way I choose. You don't like it, too bad.	이봐요! 이제 지긋지긋하군요. 난 사업을 운영해야 해요. 그리고 내 사업은 내가 원하는 방식으로 할 겁니다. 마음에 안 들면 어쩔 수 없고요.	번역완료	batch RowID 2088-2287
2130	Data/NPCData/139.EDT	17	480	You're right! You are absolutely right... They're kids. I'll shut the factory down. I never liked this job anyway.	당신 말이 맞아요! 정말 맞아요... 저 애들은 아이들이에요. 공장을 폐쇄하겠어요. 어차피 이 일 마음에 든 적도 없어요.	번역완료	batch RowID 2088-2287
2131	Data/NPCData/139.EDT	18	480	Mary Lynn will have to get her clothing line manufactured somewhere else. I never liked that woman either. Thought she was really something cause she had her own TV show.	메리 린은 이제 다른 데서 자기 의류를 생산해야겠네요. 그 여자도 마음에 든 적 없어요. TV 쇼 하나 했다고 자기가 대단한 줄 알았지.	번역완료	batch RowID 2088-2287
2132	Data/NPCData/139.EDT	19	480	I've seen the light. I don't know what I was thinking before, but you straightened me out, and I'm grateful for it.	이제야 정신이 들었어요. 예전엔 내가 무슨 생각을 했는지 모르겠지만, 당신이 바로잡아줬어요. 고맙습니다.	번역완료	batch RowID 2088-2287
2133	Data/NPCData/139.EDT	20	480	You idiot!	이 멍청아!	번역완료	batch RowID 2088-2287
2134	Data/NPCData/139.EDT	21	480	Get away from me. I don't want your help.	저리 가요. 당신 도움은 필요 없어요.	번역완료	batch RowID 2088-2287
2135	Data/NPCData/139.EDT	22	480	The Queen will deal with you soon enough. Her word will be final, so enjoy life while you can.	여왕께서 곧 당신들을 처리하실 거예요. 그분의 말이 최종 결정이니, 살아 있을 때 즐겨두세요.	번역완료	batch RowID 2088-2287
2136	Data/NPCData/139.EDT	23	480	Not now... You're a walking target, in case you hadn't noticed.	지금은 안 돼요... 눈치 못 챘다면 말해주죠. 당신은 걸어 다니는 표적이에요.	번역완료	batch RowID 2088-2287
2137	Data/NPCData/140.EDT	1	480	Kingpin sends his regards...	킹핀의 안부다...	번역완료	batch RowID 2088-2287
2138	Data/NPCData/140.EDT	2	480				
2139	Data/NPCData/140.EDT	3	480				
2140	Data/NPCData/140.EDT	4	480				
2141	Data/NPCData/140.EDT	5	480	Forget it, deadman!	됐어, 죽을 놈아!	번역완료	batch RowID 2088-2287
2142	Data/NPCData/140.EDT	6	480				
2143	Data/NPCData/140.EDT	7	480				
2144	Data/NPCData/140.EDT	8	480				
2145	Data/NPCData/140.EDT	9	480				
2146	Data/NPCData/140.EDT	10	480				
2147	Data/NPCData/140.EDT	11	480				
2148	Data/NPCData/140.EDT	12	480	Next time pay your debts!	다음엔 빚부터 갚아!	번역완료	batch RowID 2088-2287
2149	Data/NPCData/141.EDT	1	480	It is with pleasure I deliver this message from Kingpin.	기쁜 마음으로 킹핀의 전갈을 전해주지.	번역완료	batch RowID 2088-2287
2150	Data/NPCData/141.EDT	2	480				
2151	Data/NPCData/141.EDT	3	480				
2152	Data/NPCData/141.EDT	4	480				
2153	Data/NPCData/141.EDT	5	480	I'll get it from you once you're dead.	네가 죽으면 내가 가져가겠다.	번역완료	batch RowID 2088-2287
2154	Data/NPCData/141.EDT	6	480				
2155	Data/NPCData/141.EDT	7	480				
2156	Data/NPCData/141.EDT	8	480				
2157	Data/NPCData/141.EDT	9	480				
2158	Data/NPCData/141.EDT	10	480				
2159	Data/NPCData/141.EDT	11	480				
2160	Data/NPCData/141.EDT	12	480	I haven't finished with you yet.	아직 너랑 볼일 안 끝났어.	번역완료	batch RowID 2088-2287
2161	Data/NPCData/142.EDT	1	480	A friend of yours sent me. Does Kingpin ring a bell?	네 친구가 날 보냈다. 킹핀이라고 하면 기억나나?	번역완료	batch RowID 2088-2287
2162	Data/NPCData/142.EDT	2	480				
2163	Data/NPCData/142.EDT	3	480				
2164	Data/NPCData/142.EDT	4	480				
2165	Data/NPCData/142.EDT	5	480	I was not instructed to pick up anything. Only to kill you!	뭘 받아오라는 지시는 없었다. 널 죽이라는 것뿐이지!	번역완료	batch RowID 2088-2287
2166	Data/NPCData/142.EDT	6	480				
2167	Data/NPCData/142.EDT	7	480				
2168	Data/NPCData/142.EDT	8	480				
2169	Data/NPCData/142.EDT	9	480				
2170	Data/NPCData/142.EDT	10	480				
2171	Data/NPCData/142.EDT	11	480				
2172	Data/NPCData/142.EDT	12	480	This is a lesson you're going to learn too late.	이 교훈은 깨달을 때쯤이면 너무 늦을 거다.	번역완료	batch RowID 2088-2287
2173	Data/NPCData/143.EDT	1	480	I'm here to settle a score. You don't mess with Kingpin.	빚을 갚으러 왔다. 킹핀을 건드리면 안 돼.	번역완료	batch RowID 2088-2287
2174	Data/NPCData/143.EDT	2	480				
2175	Data/NPCData/143.EDT	3	480				
2176	Data/NPCData/143.EDT	4	480				
2177	Data/NPCData/143.EDT	5	480	You can take it with you.	그건 네가 가지고 가면 되겠군.	번역완료	batch RowID 2088-2287
2178	Data/NPCData/143.EDT	6	480				
2179	Data/NPCData/143.EDT	7	480				
2180	Data/NPCData/143.EDT	8	480				
2181	Data/NPCData/143.EDT	9	480				
2182	Data/NPCData/143.EDT	10	480				
2183	Data/NPCData/143.EDT	11	480				
2184	Data/NPCData/143.EDT	12	480	It's pay back time!	이제 빚을 갚을 시간이야!	번역완료	batch RowID 2088-2287
2185	Data/NPCData/144.EDT	1	480	I'm here on behalf of Mr. Klaus. He wanted me to give you this...	클라우스 씨 대신 왔다. 이걸 전해주라고 하셨지...	번역완료	batch RowID 2088-2287
2186	Data/NPCData/144.EDT	2	480				
2187	Data/NPCData/144.EDT	3	480				
2188	Data/NPCData/144.EDT	4	480				
2189	Data/NPCData/144.EDT	5	480	I shall take whatever I want when you are dead.	네가 죽으면 원하는 건 뭐든 가져가겠다.	번역완료	batch RowID 2088-2287
2190	Data/NPCData/144.EDT	6	480				
2191	Data/NPCData/144.EDT	7	480				
2192	Data/NPCData/144.EDT	8	480				
2193	Data/NPCData/144.EDT	9	480				
2194	Data/NPCData/144.EDT	10	480				
2195	Data/NPCData/144.EDT	11	480				
2196	Data/NPCData/144.EDT	12	480	This is hardly over.	아직 끝난 게 아니다.	번역완료	batch RowID 2088-2287
2197	Data/NPCData/145.EDT	1	480	Ya stiff Kingpin, you die... It's that simple.	킹핀 돈을 떼먹었으면 죽는 거야... 간단하지.	번역완료	batch RowID 2088-2287
2198	Data/NPCData/145.EDT	2	480				
2199	Data/NPCData/145.EDT	3	480				
2200	Data/NPCData/145.EDT	4	480				
2201	Data/NPCData/145.EDT	5	480	I'm here for your head. Nuthin else!	난 네 머리만 가지러 왔어. 다른 건 필요 없어!	번역완료	batch RowID 2088-2287
2202	Data/NPCData/145.EDT	6	480				
2203	Data/NPCData/145.EDT	7	480				
2204	Data/NPCData/145.EDT	8	480				
2205	Data/NPCData/145.EDT	9	480				
2206	Data/NPCData/145.EDT	10	480				
2207	Data/NPCData/145.EDT	11	480				
2208	Data/NPCData/145.EDT	12	480	Ya haven't paid the full amount yet, sucker.	아직 돈을 다 안 냈잖아, 멍청아.	번역완료	batch RowID 2088-2287
2209	Data/NPCData/146.EDT	1	480	Easy now! I presume you to be the mercenaries people been going on about. Well, you don't be messing with Doctor Kairns. I be wearing the same jersey as you.	진정해! 자네들이 사람들이 떠들던 그 용병들이겠군. 케언스 박사를 건드리진 말게. 나도 자네들과 같은 편이니까.	번역완료	batch RowID 2088-2287
2210	Data/NPCData/146.EDT	2	480	You're a fine sight to behold.	자네들을 보니 참 반갑군.	번역완료	batch RowID 2088-2287
2211	Data/NPCData/146.EDT	3	480	Can't really stay fer too long. Got more on me mind than 10 people if ya put 'em together!	오래 있을 순 없어. 머릿속에 든 생각이 열 사람 걸 합쳐놓은 것보다 많거든!	번역완료	batch RowID 2088-2287
2212	Data/NPCData/146.EDT	4	480	Ya know, I had so much going for me. Grants, brought up in publications I was, and dare I say, following in Einstein's path! Then I come ta this. Ta this! It'll haunt me, it will.	있잖나, 난 앞날이 창창했어. 연구비도 받았고, 논문에도 이름이 실렸지. 감히 말하자면 아인슈타인의 뒤를 따르고 있었어! 그런데 내가 와버린 곳이... 여기라니! 여기! 평생 날 괴롭힐 거야.	번역완료	batch RowID 2088-2287
2213	Data/NPCData/146.EDT	5	480	Aye, no. I don't be needing that.	아니, 됐네. 그건 필요 없어.	번역완료	batch RowID 2088-2287
2214	Data/NPCData/146.EDT	6	480	Ya didn't hear this from me, but I tell ya, the Queen's one crazy lady! One sick nut she is. I mean, they might call me MadLab, but I'm hardly the one who's mad here!	나한테 들었다고 하진 말게. 하지만 여왕은 완전히 미친 여자야! 병적으로 미쳤지. 사람들이 날 '매드랩'이라고 부를지는 몰라도, 여기서 진짜 미친 건 내가 아니라고!	번역완료	batch RowID 2088-2287
2215	Data/NPCData/146.EDT	7	480	Aye, we'd be much better off if we talked kindly here. Don't ya think?	그래, 여기선 좋게 이야기하는 게 서로 낫지 않겠나?	번역완료	batch RowID 2088-2287
2216	Data/NPCData/146.EDT	8	480	Ya must be jokin'! I got me enough trouble already!	농담하지 말게! 안 그래도 골칫거리가 충분해!	번역완료	batch RowID 2088-2287
2217	Data/NPCData/146.EDT	9	480	Aye, God this hurts...	아이고, 세상에... 이거 정말 아프군...	번역완료	batch RowID 2088-2287
2218	Data/NPCData/146.EDT	10	480	Not wise to be ignorin' my work. I should really get to it.	일을 내버려두는 건 현명하지 않지. 정말 돌아가봐야겠어.	번역완료	batch RowID 2088-2287
2219	Data/NPCData/146.EDT	11	480	Get along much faster now, I will.	이제 훨씬 빨리 할 수 있겠군.	번역완료	batch RowID 2088-2287
2220	Data/NPCData/146.EDT	12	480	What's going on? What did I do to you?	무슨 일이야? 내가 자네한테 뭘 했다고?	번역완료	batch RowID 2088-2287
2221	Data/NPCData/146.EDT	13	480	Aye, let's talk later. Looks like ya still have a score to settle.	그래, 얘기는 나중에 하세. 아직 해결할 일이 남아 보이는군.	번역완료	batch RowID 2088-2287
2222	Data/NPCData/146.EDT	14	480	Every little bit helps, it does.	작은 도움이라도 다 쓸모가 있지.	번역완료	batch RowID 2088-2287
2223	Data/NPCData/146.EDT	15	480	I'm sure ya probably heard already. Aye, I can see it in yer eyes. Wonderin' what I'm doin' here. Has he really left the employ of the Queen? Well... I have! Aye, the nerve of her using my passion against me.	벌써 들었겠지. 그래, 자네 눈을 보니 알겠군. 내가 여기서 뭘 하는지 궁금한 거지. '정말 여왕 밑을 떠난 건가?' 그래... 떠났어! 내 열정을 이용해먹다니, 정말 뻔뻔한 여자야.	번역완료	batch RowID 2088-2287
2224	Data/NPCData/146.EDT	16	480	Oh, don't get ma wrong! I don't mean sexual passion! Goodness, no! Why, even the thought could put me outta commission fer weeks! No, I mean science, ma research. That's my passion! It is.	오, 오해하지 말게! 성적인 열정을 말하는 게 아니야! 세상에, 절대 아니지! 그런 생각만 해도 몇 주는 일을 못 할걸! 아니, 과학 말이야. 내 연구. 그게 내 열정이라고!	번역완료	batch RowID 2088-2287
2225	Data/NPCData/146.EDT	17	480	Aye, she gave me lab all the toys it could ever be needing. Why, there was nothing I couldn't do! Then, ya see, I got to questioning things. Wonderin' about her motives.	그래, 그 여자는 내 연구실에 필요한 장비를 뭐든 대줬어. 못 할 게 없었지! 그런데 어느 순간 의문이 들기 시작했어. 그 여자의 목적이 뭔지 말이야.	번역완료	batch RowID 2088-2287
2226	Data/NPCData/146.EDT	18	480	So, I decided to take my head outta my work, and take a proper look around. And you know what I saw? The same thing you see. People dying and suffering fer that bitch! Never been such a greedy, evil woman to walk the earth.	그래서 연구에서 고개를 들고 주변을 제대로 보기로 했지. 그리고 뭘 봤는지 아나? 자네가 보는 것과 똑같아. 사람들이 그년 때문에 죽고 고통받고 있었어! 세상에 그렇게 탐욕스럽고 사악한 여자는 없었지.	번역완료	batch RowID 2088-2287
2227	Data/NPCData/146.EDT	19	480	And so I left! Just up and gone. And don't tell me you wouldn't have done different. Oh, and I'm not going back, no, not until I'm ready. And when I do, she'll pay with her life. I'm deadly certain of it.	그래서 떠났어! 그냥 그대로 나와버렸지. 자네라도 다르게 했을 거라곤 말하지 말게. 난 준비될 때까지 돌아가지 않을 거야. 그리고 돌아가는 날, 그 여자는 목숨으로 대가를 치르게 될 거다. 확신해.	번역완료	batch RowID 2088-2287
2228	Data/NPCData/146.EDT	20	480	Ya know, a good scientist, we take a vow almost, to help mankind and not destroy its creatures. Aye, but what she's done! You forgive me, but she's a cold bitch, and I'll do what I have to, to stop her!	좋은 과학자라면 인류를 돕고 생명을 파괴하지 않겠다는 맹세 같은 걸 하지. 그래, 하지만 그 여자가 한 짓을 봐! 말이 거칠어도 용서하게. 그 여자는 냉혈한이야. 막기 위해서라면 난 뭐든 할 거야!	번역완료	batch RowID 2088-2287
2229	Data/NPCData/146.EDT	21	480	Say, maybe I'm outta line here, but something just occurred ta me. You see, in order to right the wrongs I've committed, I've been workin' on... building this robot, and its purpose, well, it's ta kill the Queen.	이봐, 좀 주제넘을지도 모르지만 방금 생각난 게 있어. 내가 저지른 잘못을 바로잡으려고... 로봇 하나를 만들고 있었거든. 목적은, 뭐, 여왕을 죽이는 거야.	번역완료	batch RowID 2088-2287
2230	Data/NPCData/146.EDT	22	480	I was planning to take her on myself, but I figure now you and the robot have a better chance. I mean, look at ya! And friend, I'm not after glory. I just want her stopped, and I think you can do that.	원래는 내가 직접 상대할 생각이었지만, 이제 보니 자네와 로봇이 더 가능성이 있어 보여. 자네들 꼴을 봐! 그리고 친구, 난 명예 따위 바라지 않아. 그 여자만 막고 싶을 뿐이야. 자네라면 할 수 있다고 생각해.	번역완료	batch RowID 2088-2287
2231	Data/NPCData/146.EDT	23	480	My robot, she's nearly done. All she be needing is a rifle and a video camera. And then she'll be the Queen's worst nightmare! I tell ya, you gather me up what I need, and she's yours.	내 로봇은 거의 완성됐어. 필요한 건 소총 하나와 비디오카메라 하나뿐이지. 그러면 여왕 최악의 악몽이 될 거야! 필요한 것만 구해다주면 로봇은 자네 거야.	번역완료	batch RowID 2088-2287
2232	Data/NPCData/146.EDT	24	480	Aye! This'll work fine. Now it's a permanent thing once I get her attached, so you best have another weapon in mind fer yerself.	그래! 이거면 잘 되겠어. 일단 달아버리면 영구적으로 붙는 거니까, 자네가 쓸 다른 무기는 따로 생각해두는 게 좋을 거야.	번역완료	batch RowID 2088-2287
2233	Data/NPCData/146.EDT	25	480	Aye, are you sure about this? I mean, once I attach it, it's a permanent thing. And this gun isn't exactly what I'd call top-of-the-line. Can ya part with anything better?	그래, 정말 이걸로 괜찮겠나? 한번 달면 영구적으로 붙는다니까. 게다가 이 총은 최고급이라고 하긴 어렵군. 더 좋은 걸 내놓을 수는 없겠나?	번역완료	batch RowID 2088-2287
2234	Data/NPCData/146.EDT	26	480	All right, I'll put it on then. Don't be surprised if it's not a marvel.	좋아, 그럼 달아주지. 결과물이 별로라고 놀라진 말게.	번역완료	batch RowID 2088-2287
2235	Data/NPCData/146.EDT	27	480	Now all I be needing is a camera. I think ya can likely get one in Balime. Aye, the town be loaded with luxuries fer the rich.	이제 필요한 건 카메라뿐이야. 발리메라면 아마 구할 수 있을 거다. 부자들을 위한 사치품이 넘치는 동네니까.	번역완료	batch RowID 2088-2287
2236	Data/NPCData/146.EDT	28	480	Perfect. A little gem, she is. It'll do just fine.	완벽해. 작지만 보석 같은 물건이군. 이거면 충분해.	번역완료	batch RowID 2088-2287
2237	Data/NPCData/146.EDT	29	480	Aye God, what is this? The Hubble Telescope? It barely works my friend. There'd be no point in using this. The robot'd be useless.	세상에, 이게 뭐야? 허블 망원경인가? 거의 작동도 안 하잖아, 친구. 이걸 쓰는 건 의미가 없어. 로봇이 쓸모없어질 거야.	번역완료	batch RowID 2088-2287
2238	Data/NPCData/146.EDT	30	480	Come back tomorrow, and she'll be ready for ya...	내일 다시 오게. 그때면 준비돼 있을 거야...	번역완료	batch RowID 2088-2287
2239	Data/NPCData/146.EDT	31	480	Now all I be needing is a rifle of some sort, preferably a good one.	이제 필요한 건 소총 하나야. 가능하면 좋은 걸로.	번역완료	batch RowID 2088-2287
2240	Data/NPCData/146.EDT	32	480	Well, there she is, then! Now, let me give you a little insight into how she operates. And you be careful with her. Took me a while to build. Can't be building another in a jiff, you understand.	자, 다 됐군! 이제 작동법을 조금 알려주지. 그리고 조심해서 다뤄. 만드는 데 꽤 오래 걸렸거든. 금방 하나 더 만들 수는 없어, 알겠지?	번역완료	batch RowID 2088-2287
2241	Data/NPCData/146.EDT	33	480	She works by remote. As long as you not be too far, ya can easily maneuver her about by watching the image on the tiny display. And if she's got ammo, you pull this trigger here to fire her weapon.	원격으로 움직여. 너무 멀리 떨어지지만 않으면 작은 화면의 영상을 보면서 쉽게 조종할 수 있어. 탄약이 들어 있으면 여기 방아쇠를 당겨서 무기를 발사하면 되고.	번역완료	batch RowID 2088-2287
2242	Data/NPCData/146.EDT	34	480	I guess that's it then. Best of luck with it. And when ya find the Queen, give a smile over her dead body for me. Well, ya best be off. I'm certain she's looking for me. Wouldn't want us both getting caught.	그럼 이게 전부인 것 같군. 행운을 빌지. 여왕을 찾아내면 그 시체 위에서 나 대신 한번 웃어줘. 이제 가는 게 좋겠어. 분명 그 여자가 날 찾고 있을 테니까. 우리 둘 다 잡히면 곤란하잖아.	번역완료	batch RowID 2088-2287
2243	Data/NPCData/146.EDT	35	480	There's not much more I can tell ya, except to get on with it, of course.	더 해줄 말은 별로 없군. 물론 이제 실행에 옮기라는 말밖에는.	번역완료	batch RowID 2088-2287
2244	Data/NPCData/146.EDT	36	480	Look, I got me a plan, and if you want to be on the receiving end of it, it's fine with me! But I suggest you relax, and let me go about ma business!	이봐, 나한테 계획이 하나 있어. 자네가 그 계획의 희생양이 되고 싶다면 나야 상관없지! 하지만 진정하고 내가 할 일을 하게 놔두는 게 좋을 거야!	번역완료	batch RowID 2088-2287
2245	Data/NPCData/146.EDT	37	480	Aye, ya got all my support.	그래, 난 자네들을 전적으로 지지해.	번역완료	batch RowID 2088-2287
2246	Data/NPCData/146.EDT	38	480	What's your problem? You gettin' a little testy. Don't let yer nerves get ya going. Save it for the Queen.	왜 그래? 좀 예민해진 것 같군. 신경이 날뛰게 두지 말게. 그 분노는 여왕에게 아껴둬.	번역완료	batch RowID 2088-2287
2247	Data/NPCData/146.EDT	39	480	Don't know what I was thinking last time we met, or if I was thinkin' at all. But ya might be interested in knowing just where the Queen's secret weapons plant is located, don't ya think?	지난번 만났을 때 내가 무슨 생각을 했는지, 아니 생각이란 걸 하긴 했는지 모르겠군. 그래도 여왕의 비밀 무기 공장이 정확히 어디 있는지는 궁금하지 않겠나?	번역완료	batch RowID 2088-2287
2248	Data/NPCData/146.EDT	40	480	It's just north of Meduna, the capital, hidden below a wildlife conservation center. Don't be fooled. The building above is just a ruse. But it is well-protected, so be prepared.	수도 메두나 바로 북쪽, 야생동물 보호센터 지하에 숨겨져 있어. 속으면 안 돼. 위에 있는 건물은 위장일 뿐이야. 경비가 삼엄하니 단단히 준비하고.	번역완료	batch RowID 2088-2287
2249	Data/NPCData/146.EDT	41	480	Ya broke her, did ya? Well, I guess ya be needin' another. Okay, no cause for panic. It will require a bit of time, I'm afraid. A few days for sure.	로봇을 망가뜨렸나? 그럼 하나 더 필요하겠군. 좋아, 당황할 건 없어. 다만 시간이 좀 필요해. 적어도 며칠은 걸릴 거야.	번역완료	batch RowID 2088-2287
2250	Data/NPCData/146.EDT	42	480	I'll need ta gather all the parts, while you'll need to get me another camera and rifle. It can be done, though I sure hate to lose one that way. Aye, let's get to her then.	나는 부품을 다시 모아야 하고, 자네는 카메라와 소총을 하나씩 더 구해와야 해. 만들 수는 있어. 그렇게 잃어버린 건 정말 아깝지만. 자, 그럼 시작해보자고.	번역완료	batch RowID 2088-2287
2251	Data/NPCData/146.EDT	43	480	I'm workin' as fast as I can, but she's not ready yet.	최대한 빨리 하고 있지만 아직 준비 안 됐어.	번역완료	batch RowID 2088-2287
2252	Data/NPCData/146.EDT	44	480	She be ready now. But I want ya to be more careful with this one. I can't be sure I can get my hands on the parts I'll need to build another.	이제 준비됐네. 하지만 이번 건 좀 더 조심해서 다뤄. 또 하나 만들 부품을 구할 수 있을지는 장담 못 하겠거든.	번역완료	batch RowID 2088-2287
2253	Data/NPCData/147.EDT	1	480	Welcome! Best prices in Arulco, guaranteed!	어서 와! 아룰코 최저가, 확실히 보장하지!	번역완료	batch RowID 2088-2287
2254	Data/NPCData/147.EDT	2	480	Well, well... Nice to see you again.	이런, 이런... 또 보니 반갑군.	번역완료	batch RowID 2088-2287
2255	Data/NPCData/147.EDT	3	480	You know, if I had to do it all over again, I wouldn't. Life just don't make the sense it used to.	있잖아, 다시 살라고 해도 난 안 살 거야. 인생이 예전처럼 말이 되질 않거든.	번역완료	batch RowID 2088-2287
2256	Data/NPCData/147.EDT	4	480	Sometimes, life just sucks, you know that.	가끔 인생이 진짜 엿 같을 때가 있지. 알잖아.	번역완료	batch RowID 2088-2287
2257	Data/NPCData/147.EDT	5	480	Thanks, but no thanks. You keep it.	고맙지만 됐어. 자네가 가져.	번역완료	batch RowID 2088-2287
2258	Data/NPCData/147.EDT	6	480	You know, this country's going nuts lately. For Christ's sake, you even got women picking up guns now, and if you ask me, that's just a big, big accident waitin' to happen. No offense.	있잖아, 요즘 이 나라는 완전히 미쳐 돌아가. 세상에, 여자들까지 총을 들고 다니잖아. 내 생각엔 그거야말로 엄청 큰 사고가 터지기만 기다리는 꼴이야. 기분 나쁘게 듣진 마.	번역완료	batch RowID 2088-2287
2259	Data/NPCData/147.EDT	7	480	Hey, hey, calm down, man! I haven't done anything to you. Enough stress around here already.	이봐, 이봐, 진정해, 친구! 내가 자네한테 뭘 했다고 그래? 안 그래도 여기 스트레스가 넘쳐나.	번역완료	batch RowID 2088-2287
2260	Data/NPCData/147.EDT	8	480	I got drafted back in the eighties. Didn't go then, I ain't planning to go now. It just ain't for me. I'd rather just sit home and have the Mrs. bring me my dinner.	난 80년대에 징집됐었어. 그때도 안 갔고, 지금도 갈 생각 없어. 군대 체질이 아니야. 차라리 집에 앉아서 마누라가 저녁 가져다주는 게 낫지.	번역완료	batch RowID 2088-2287
2261	Data/NPCData/147.EDT	9	480	Man, this hurts like hell.	젠장, 더럽게 아프네.	번역완료	batch RowID 2088-2287
2262	Data/NPCData/147.EDT	10	480	Well, you take care. I gotta make myself busy.	그럼 잘 지내. 난 좀 바쁜 척이라도 해야겠어.	번역완료	batch RowID 2088-2287
2263	Data/NPCData/147.EDT	11	480	Round here, people generally choose their purchases before they pay for 'em.	이 동네에선 보통 뭘 살지 고른 다음에 돈을 내지.	번역완료	batch RowID 2088-2287
2264	Data/NPCData/147.EDT	12	480	Remember, I got the best prices. Let me know what interests you.	기억해, 내 가격이 제일 싸. 관심 가는 게 있으면 말해.	번역완료	batch RowID 2088-2287
2265	Data/NPCData/147.EDT	13	480	No rush. Safe in here most of the time.	서두를 것 없어. 여긴 대부분의 시간엔 안전하니까.	번역완료	batch RowID 2088-2287
2266	Data/NPCData/147.EDT	14	480	Stuff moves pretty quick here. Get it in, and I can usually turn her around in a day or two.	여기 물건은 회전이 꽤 빨라. 들어오면 보통 하루 이틀이면 다시 팔아치울 수 있지.	번역완료	batch RowID 2088-2287
2267	Data/NPCData/147.EDT	15	480	Looks like you're interested in doing a bit of dealing. That's my game, man.	거래 좀 해볼 생각인가 보군. 그게 바로 내 전문이지, 친구.	번역완료	batch RowID 2088-2287
2268	Data/NPCData/147.EDT	16	480	I buy stuff all the time, so if you're just looking to sell...	난 늘 물건을 사들이니까, 그냥 팔 생각이라면...	번역완료	batch RowID 2088-2287
2269	Data/NPCData/147.EDT	17	480	Sure thing, man. Let me get my manager's cap on.	물론이지, 친구. 어디 장사꾼 모드로 들어가볼까.	번역완료	batch RowID 2088-2287
2270	Data/NPCData/147.EDT	18	480	Yeah, well uh... I only take stuff I can move, you know?	그래, 뭐... 난 되팔 수 있는 물건만 받아, 알지?	번역완료	batch RowID 2088-2287
2271	Data/NPCData/147.EDT	19	480	I'll be straight with you: I don't think you'll get a dime anywhere.	솔직히 말하지. 어디 가도 이건 한 푼도 못 받을 것 같아.	번역완료	batch RowID 2088-2287
2272	Data/NPCData/147.EDT	20	480	You beat this with a heavy stick? Looks rough, man. I can't give you full value for it.	이거 몽둥이로 두들겨 팬 거야? 상태가 엉망이군, 친구. 제값은 못 쳐줘.	번역완료	batch RowID 2088-2287
2273	Data/NPCData/147.EDT	21	480	Yeah, okay. Looks all right. Let me make you a deal here.	그래, 좋아. 상태 괜찮네. 거래 한번 해보자고.	번역완료	batch RowID 2088-2287
2274	Data/NPCData/147.EDT	22	480	It's not quite enough to cover what you're looking to buy, though.	그런데 자네가 사려는 물건 값을 치르기엔 조금 부족해.	번역완료	batch RowID 2088-2287
2275	Data/NPCData/147.EDT	23	480	Right on. That's that then.	좋아. 그럼 거래 끝.	번역완료	batch RowID 2088-2287
2276	Data/NPCData/147.EDT	24	480	Let's see, you're covered. Got some change coming, too.	어디 보자, 값은 충분하네. 거스름돈도 좀 받아가.	번역완료	batch RowID 2088-2287
2277	Data/NPCData/147.EDT	25	480	Well, good doing business with you. Keep me in mind.	좋아, 거래 즐거웠어. 다음에도 날 기억해.	번역완료	batch RowID 2088-2287
2278	Data/NPCData/147.EDT	26	480	You know where to find me if you get wise.	생각이 바뀌면 어디로 와야 하는지 알지.	번역완료	batch RowID 2088-2287
2279	Data/NPCData/147.EDT	27	480	Hey, you left some stuff here.	이봐, 물건 좀 두고 갔어.	번역완료	batch RowID 2088-2287
2280	Data/NPCData/147.EDT	28	480	Sorry, man... Funds are limited. Ain't got any more purchasing power.	미안, 친구... 자금이 빠듯해. 지금은 더 사들일 여력이 없어.	번역완료	batch RowID 2088-2287
2281	Data/NPCData/147.EDT	29	480	You asked for it man... and here it comes!	자네가 자초한 거야, 친구... 간다!	번역완료	batch RowID 2088-2287
2282	Data/NPCData/147.EDT	30	480	Finish what you started, and then we can talk.	시작한 일부터 끝내. 그다음에 얘기하지.	번역완료	batch RowID 2088-2287
2283	Data/NPCData/147.EDT	31	480	Look. It's nothing personal, but I gotta make a living. People see me yakking with you, and I'm back hawking porno in San Mona.	이봐, 개인적인 감정은 없어. 하지만 나도 먹고살아야지. 사람들이 내가 자네랑 노닥거리는 걸 보면 난 다시 산모나에서 포르노나 팔아야 한다고.	번역완료	batch RowID 2088-2287
2284	Data/NPCData/147.EDT	32	480	There's a good buzz going around about you guys. People starting to get on your bandwagon. Starting to smell ten years of hell coming to an end.	자네들 평판이 꽤 좋아지고 있어. 사람들이 하나둘 자네들 편에 올라타고 있지. 10년 동안 이어진 지옥이 끝나려는 냄새가 나기 시작했어.	번역완료	batch RowID 2088-2287
2285	Data/NPCData/147.EDT	33	480	Cool. You saved my skin...	좋았어. 내 목숨을 구해줬군...	번역완료	batch RowID 2088-2287
2286	Data/NPCData/147.EDT	34	480	Sorry, man, but I got a life, too. We're closed for the night, so if you want to hurry it along, I'd appreciate it.	미안, 친구, 나도 내 생활이 있어. 오늘 장사는 끝났으니 좀 서둘러주면 고맙겠어.	번역완료	batch RowID 2088-2287
2287	Data/NPCData/147.EDT	35	480	About the only thing you won't find here is guns. Can't keep 'em. Every time I get one to sell, one of them hillbilly Hicks comes down here and steals it. That fraggin' family has been terrorizing Cambria for years.	여기서 거의 유일하게 못 구하는 건 총이야. 갖다놓을 수가 없어. 팔려고 총 하나 들여놓기만 하면 그 촌뜨기 힉스 집안 놈들 중 하나가 내려와 훔쳐가거든. 그 빌어먹을 가족이 몇 년째 캄브리아를 들쑤시고 다녀.	번역완료	batch RowID 2088-2287
2288	Data/NPCData/147.EDT	36	480	Bunch of crazy country cousins, just good for drinking and causing trouble. They live on a farm in the middle of nowhere, just east of here. Bloody tired of 'em, let me tell you.	그 미친 촌뜨기 친척들은 술이나 퍼마시고 사고 치는 것밖에 할 줄 몰라. 여기서 동쪽으로 좀 가면 아무것도 없는 벌판 한가운데 농장이 하나 있는데, 거기 살아. 정말 지긋지긋한 놈들이야.	번역완료	batch RowID 2288-2487
2289	Data/NPCData/147.EDT	37	480	About the only thing the people in Cambria fear more than that whacked-out, inbred family is the Army. A catch-22, that leaves those hillbillies free to do whatever they please.	캄브리아 사람들이 그 정신 나간 근친 일가보다 더 무서워하는 건 군대뿐이야. 이러지도 저러지도 못하니 그 촌뜨기들이 제멋대로 날뛰는 거지.	번역완료	batch RowID 2288-2487
2290	Data/NPCData/147.EDT	38	480	Shoot 'em myself, but it's one big, happy, shotgun-toting family. And rumor has it that they have enough weapons stashed away to start their own war... Something I wouldn't put past 'em.	내가 직접 쏴버리고 싶지만, 산탄총 든 대가족 전체를 상대해야 하잖아. 소문으론 놈들이 전쟁 하나 벌일 만큼 무기를 숨겨뒀다더군... 그놈들이라면 정말 그럴 만해.	번역완료	batch RowID 2288-2487
2291	Data/NPCData/147.EDT	39	480	Now, if you were to take a trip over there and talk some sense into them, this town would very much appreciate it. Earn you some points around here for sure.	그러니 그쪽에 한번 가서 놈들 정신 좀 차리게 해준다면 이 동네가 아주 고마워할 거야. 여기서 평판도 확실히 좋아질 테고.	번역완료	batch RowID 2288-2487
2292	Data/NPCData/147.EDT	40	480	As you can see, I'm out of business, man. Fraggin' hillbillies came into town and took everything I had at gunpoint. Loaded my whole fraggin' inventory onto a couple of cows and headed off.	보다시피 장사 접었어, 친구. 그 망할 촌뜨기들이 마을에 와서 총으로 위협하고 내가 가진 걸 몽땅 털어갔거든. 재고를 죄다 소 몇 마리에 싣고 가버렸어.	번역완료	batch RowID 2288-2487
2293	Data/NPCData/147.EDT	41	480	I got nothing to sell and no money to buy.	팔 물건도 없고, 살 돈도 없어.	번역완료	batch RowID 2288-2487
2294	Data/NPCData/147.EDT	42	480	Finally, those Hick boys and their still-brained father have been taken care of. Made yourself a lot of friends around here. Be good for business, too. Thanks, man.	드디어 힉 집안 아들놈들과 밀주에 절은 그 애비까지 처리됐군. 여기서 친구 많이 만들었어. 내 장사에도 좋을 테고. 고마워, 친구.	번역완료	batch RowID 2288-2487
2295	Data/NPCData/148.EDT	1	480	Hey there. Don't recall I've ever met ya before. Matt Duncan, Head Miner.	이봐. 전에 만난 적은 없는 것 같군. 난 맷 덩컨, 광산 감독이야.	번역완료	batch RowID 2288-2487
2296	Data/NPCData/148.EDT	2	480	Say, I was just thinking about ya.	마침 자네 생각을 하고 있었어.	번역완료	batch RowID 2288-2487
2297	Data/NPCData/148.EDT	3	480	I hope you ain't getting a bad feeling about Arulco. I mean, when it's all over, you might want to consider a vacation here. It's nice.	아룰코에 너무 나쁜 인상만 갖진 않았으면 좋겠군. 이 일이 다 끝나면 여기로 휴가 오는 것도 생각해봐. 괜찮은 곳이야.	번역완료	batch RowID 2288-2487
2298	Data/NPCData/148.EDT	4	480	Hey, I just keep myself concerned with everything under the ground. What happens above the grass line, I'll leave in your hands.	난 땅 밑에서 벌어지는 일만 신경 써. 풀 위에서 벌어지는 일은 자네들한테 맡기지.	번역완료	batch RowID 2288-2487
2299	Data/NPCData/148.EDT	5	480	Got everything I need.	필요한 건 다 있어.	번역완료	batch RowID 2288-2487
2300	Data/NPCData/148.EDT	6	480	Let me put it this way, you can't blame a whole country for the cruelty of its dictator. It's sad, but I got a feeling change is coming soon.	이렇게 생각해봐. 독재자가 잔혹하다고 나라 전체를 탓할 순 없잖아. 안타까운 일이지만, 곧 뭔가 바뀔 것 같은 느낌이 들어.	번역완료	batch RowID 2288-2487
2301	Data/NPCData/148.EDT	7	480	C'mon, take it easy. There's nothing so important you got to yell about it.	이봐, 진정해. 소리까지 질러야 할 만큼 중요한 일은 없잖아.	번역완료	batch RowID 2288-2487
2302	Data/NPCData/148.EDT	8	480	No thanks. I got a lot of men to look after here.	사양하지. 여기서 챙겨야 할 광부들이 많아.	번역완료	batch RowID 2288-2487
2303	Data/NPCData/148.EDT	9	480	Lord! This hurts something awful...	세상에! 지독하게 아프군...	번역완료	batch RowID 2288-2487
2304	Data/NPCData/148.EDT	10	480	I won't hold you up. Suppose you got lots to be doing.	붙잡고 있진 않을게. 자네도 할 일이 많겠지.	번역완료	batch RowID 2288-2487
2305	Data/NPCData/148.EDT	11	480	You're good people. Thanks.	자네들은 좋은 사람들이야. 고맙네.	번역완료	batch RowID 2288-2487
2306	Data/NPCData/148.EDT	12	480	I trusted you!	난 자네들을 믿었는데!	번역완료	batch RowID 2288-2487
2307	Data/NPCData/148.EDT	13	480	Looks like my mine falls on your side of the fence now. Can't say I'm unhappy about that. Be more than a pleasure to hand over every last dime I can squeeze out of that hole, if it will help put the Queen in her grave.	이제 이 광산도 자네들 쪽이 된 것 같군. 나로선 나쁠 게 없지. 여기서 짜낼 수 있는 마지막 한 푼까지 전부 넘겨줄 수 있어. 그 돈이 여왕을 무덤에 처넣는 데 도움이 된다면 기꺼이.	번역완료	batch RowID 2288-2487
2308	Data/NPCData/148.EDT	14	480	I'll see how many of the workers are willing to join me. Convincing them won't be easy, of course. Alma's a military town. The townspeople have earned their livelihood off the academy for years.	광부들 중 몇 명이나 나와 함께할지 알아보지. 물론 설득하기 쉽진 않을 거야. 알마는 군사 도시니까. 이 동네 사람들은 몇 년이나 사관학교 덕에 먹고살았어.	번역완료	batch RowID 2288-2487
2309	Data/NPCData/148.EDT	15	480	Don't get me wrong, they hate the army. They'd love to see them wiped out. But they're terrified, and it ain't because a stranger comes down here that they're going to forget where they live.	오해하진 마. 사람들은 군대를 증오해. 싹 쓸려나가길 바라지. 하지만 너무 겁에 질려 있어. 낯선 사람이 한 번 나타났다고 자기들이 어디서 사는지 잊을 사람들은 아니야.	번역완료	batch RowID 2288-2487
2310	Data/NPCData/148.EDT	16	480	You'll have to convince them with your actions that you're serious. Once they're confident, they'll back you. Understand, however, that if the mine falls back into the Queen's hands, they'll go back to work for her.	자네들이 진심이라는 걸 행동으로 보여줘야 해. 확신이 생기면 사람들도 자네 편에 설 거야. 하지만 광산이 다시 여왕 손에 넘어가면 그들은 다시 여왕을 위해 일할 수밖에 없다는 건 알아둬.	번역완료	batch RowID 2288-2487
2311	Data/NPCData/148.EDT	17	480	There is something you can do to rally the workers and make me a friend for life at the same time. You can get my brother's ass the hell out of that prison in Tixa. He has no business being there!	광부들의 사기를 끌어올리면서 동시에 날 평생 친구로 만들 방법이 하나 있어. 틱사 감옥에 갇힌 내 동생을 당장 빼내줘. 그 녀석은 거기 있을 이유가 전혀 없어!	번역완료	batch RowID 2288-2487
2312	Data/NPCData/148.EDT	18	480	Of course, busting my brother, Dynamo, out of Tixa has already given this town something to get excited about. He's a popular guy in these parts. I want to thank you. You and I are gonna get along just fine.	물론 내 동생 다이너모를 틱사에서 빼낸 일만으로도 이 마을은 벌써 들썩이고 있어. 이 근방에서 인기 많은 녀석이거든. 정말 고맙네. 자네와 난 아주 잘 지낼 것 같아.	번역완료	batch RowID 2288-2487
2313	Data/NPCData/148.EDT	19	480	We got a serious problem down below the mines. Some sort of prehistoric bugs or something. Not sure what they are, but they eat people, and I ain't letting anyone work down there 'til they're gone.	광산 아래쪽에 심각한 문제가 생겼어. 무슨 선사시대 벌레 같은 놈들인데 정체는 모르겠어. 사람을 잡아먹어. 놈들이 사라질 때까지는 아무도 내려보내지 않을 거야.	번역완료	batch RowID 2288-2487
2314	Data/NPCData/148.EDT	20	480	I was wondering when I'd see you again. Suffered a setback, huh? Well... you're back in control now. I want you to know that we all prefer working for you by a long shot. Hopefully this time, it'll stay that way.	언제 다시 보나 했어. 한 번 크게 당했지? 뭐... 이제 다시 장악했으니 됐어. 우리 모두 여왕 밑에서 일하는 것보다 자네들 밑에서 일하는 게 훨씬 좋다는 걸 알아줬으면 해. 이번엔 계속 그랬으면 좋겠군.	번역완료	batch RowID 2288-2487
2315	Data/NPCData/148.EDT	21	480	It's a little wild around here to be having a chat, don't you think?	지금은 한가하게 얘기 나눌 상황이 아닌 것 같은데, 안 그래?	번역완료	batch RowID 2288-2487
2316	Data/NPCData/148.EDT	22	480	I don't know why you guys came down here to help us, but I'm sure glad you did. You're doing one hell of a job!	자네들이 왜 여기까지 와서 우리를 돕는진 모르겠지만, 와줘서 정말 다행이야. 아주 끝내주게 잘하고 있어!	번역완료	batch RowID 2288-2487
2317	Data/NPCData/148.EDT	23	480	Wanted to let you know that we're running on full steam. Never saw my crew more determined about their work.	여긴 지금 전력으로 돌아가고 있다고 알려주고 싶었어. 우리 광부들이 이렇게 의욕 넘치는 건 처음 봐.	번역완료	batch RowID 2288-2487
2318	Data/NPCData/148.EDT	24	480	I'm having a problem getting men to work. Army buttered their bread for so long, they figure it's only a question of time before you desert us, and things go back to the way they've always been.	사람들을 일하러 나오게 하는 게 문제야. 군대가 오랫동안 이 사람들 밥줄을 쥐고 있었으니, 자네들이 곧 우릴 버리고 예전으로 돌아갈 거라고 생각해.	번역완료	batch RowID 2288-2487
2319	Data/NPCData/148.EDT	25	480	The army killed his kid right in front of him, then raped his wife... All because he missed a meeting or something. Greg's doing time in that hell-hole for nothing.	군대는 그 사람 눈앞에서 아이를 죽이고 아내까지 강간했어... 회의 같은 걸 한 번 빠졌다는 이유로 말이야. 그렉은 아무 죄도 없이 그 지옥 같은 곳에 갇혀 있어.	번역완료	batch RowID 2288-2487
2320	Data/NPCData/148.EDT	26	480	He's quite popular with the guys around here. They call him Dynamo. You get him out, you'll be giving them a sign that you can pretty much do anything. Be a real boost to this town, not to mention me, personally.	여기 사람들 사이에서 인기가 아주 좋아. 다들 다이너모라고 부르지. 그를 빼내주면 자네들이 못할 일이 없다는 걸 보여주는 셈이야. 이 마을에도 큰 힘이 될 거고, 개인적으로 나한테도 그렇고.	번역완료	batch RowID 2288-2487
2321	Data/NPCData/148.EDT	27	480	Heard word that you got my brother out. Good work, man. Everyone around here is pretty impressed by your efforts... Now, you got a free cell to put that Queen bitch in, once you get a hold of her.	내 동생을 빼냈다는 소식 들었어. 잘했어, 친구. 여기 사람들도 자네들한테 꽤 깊은 인상을 받았어... 이제 여왕 그년을 잡으면 처넣을 빈 감방도 생겼군.	번역완료	batch RowID 2288-2487
2322	Data/NPCData/148.EDT	28	480	Pretty disappointed to hear about the passing of my brother. It's sad to say, but his fate was pretty much decided that night the army barged into house and destroyed his life. I'm gonna miss him.	동생이 죽었다는 소식을 듣고 정말 마음이 무겁군. 슬픈 말이지만, 군대가 그날 밤 집에 들이닥쳐 그 녀석 인생을 망가뜨렸을 때 이미 운명이 정해졌던 것 같아. 많이 그리울 거야.	번역완료	batch RowID 2288-2487
2323	Data/NPCData/148.EDT	29	480	Man, is it ever good to see ya, Greg. Looks like you been to hell and back.	세상에, 그렉. 다시 보니 정말 좋구나. 지옥을 한 바퀴 돌고 온 꼴이네.	번역완료	batch RowID 2288-2487
2324	Data/NPCData/148.EDT	30	480	So, you joined up... Gonna say hello to Deidranna for the both of us, I hope.	그래, 합류했구나... 우리 둘 몫까지 데이드라나한테 안부 좀 전해줘.	번역완료	batch RowID 2288-2487
2325	Data/NPCData/148.EDT	31	480	Man, if you're gonna give handouts, I'd rather you find someone who needs it.	친구, 적선할 생각이면 그 돈이 정말 필요한 사람을 찾아줘.	번역완료	batch RowID 2288-2487
2326	Data/NPCData/148.EDT	32	480	Those ancient ants are back, man. I'm keeping the mine closed 'til you do some more exterminating.	그 고대 벌레들이 또 나타났어, 친구. 다시 한번 싹 쓸어버릴 때까지 광산은 닫아둘 거야.	번역완료	batch RowID 2288-2487
2327	Data/NPCData/148.EDT	33	480	Well, thank God that's over. Mine's clear. There don't seem to be any signs of them, and most of the crew has even come back to work. Tell you what though, I hear any of them noises again, I'm coming straight up.	휴, 하느님 감사합니다. 이제 끝났군. 광산은 깨끗해. 놈들 흔적도 안 보이고 광부들도 대부분 다시 일하러 왔어. 그래도 그 소리 한 번만 다시 들리면 난 바로 지상으로 올라올 거야.	번역완료	batch RowID 2288-2487
2328	Data/NPCData/149.EDT	1	480	Got something to say before you die?	죽기 전에 할 말이라도 있나?	번역완료	batch RowID 2288-2487
2329	Data/NPCData/149.EDT	2	480	You're tempting fate.	운명을 시험하는군.	번역완료	batch RowID 2288-2487
2330	Data/NPCData/149.EDT	3	480	Point is -  I'm too good to work with others. Was part of AIM for a long time.	요점은 이거야. 난 남들과 같이 일하기엔 너무 뛰어나. A.I.M.에도 오래 있었지.	번역완료	batch RowID 2288-2487
2331	Data/NPCData/149.EDT	4	480	I got the call, the cash was good, real good, so I took the job. I don't care which side I work for.	연락이 왔고 돈이 좋았어. 아주 좋았지. 그래서 일을 맡았어. 어느 편에서 일하든 상관없어.	번역완료	batch RowID 2288-2487
2332	Data/NPCData/149.EDT	5	480	Trust me, I've got everything I need.	걱정 마. 필요한 건 다 갖고 있어.	번역완료	batch RowID 2288-2487
2333	Data/NPCData/149.EDT	6	480	Look, I don't have to justify anything to you or to anyone else. I go where the cash is.	이봐, 내가 자네한테든 누구한테든 변명할 이유는 없어. 난 돈 있는 쪽으로 간다.	번역완료	batch RowID 2288-2487
2334	Data/NPCData/149.EDT	7	480	Have you lost your mind?	정신 나갔나?	번역완료	batch RowID 2288-2487
2335	Data/NPCData/149.EDT	8	480	You're a little late for that. I'm already on the payroll.	그 제안은 너무 늦었어. 난 이미 돈 받고 일하고 있거든.	번역완료	batch RowID 2288-2487
2336	Data/NPCData/149.EDT	9	480	Need a medic here.	의무병이 필요하다.	번역완료	batch RowID 2288-2487
2337	Data/NPCData/149.EDT	10	480	Just back away. I'll give you a head start before I shoot you.	그냥 물러서. 쏘기 전에 조금 먼저 도망갈 시간은 주지.	번역완료	batch RowID 2288-2487
2338	Data/NPCData/149.EDT	11	480	Just like old times. Not that it changes anything.	옛날 생각 나는군. 그렇다고 달라지는 건 없지만.	번역완료	batch RowID 2288-2487
2339	Data/NPCData/149.EDT	12	480	Target in sight.	표적 확인.	번역완료	batch RowID 2288-2487
2340	Data/NPCData/149.EDT	13	480	YOU'RE the target, and I don't miss.	표적은 바로 너야. 그리고 난 빗나가지 않아.	번역완료	batch RowID 2288-2487
2341	Data/NPCData/149.EDT	14	480	That wouldn't buy a minute of my time.	그 돈으론 내 시간 1분도 못 사.	번역완료	batch RowID 2288-2487
2342	Data/NPCData/149.EDT	15	480	Aw, don't look so surprised. It's never been about glory for me. It's about money.	뭘 그렇게 놀라. 난 애초에 명예 따윈 관심 없었어. 중요한 건 돈이지.	번역완료	batch RowID 2288-2487
2343	Data/NPCData/150.EDT	1	480	We got us company! Say, you ain't related, are ya? I'd recognize my kin. Name's Daryl Hick, and don't ya be trying nothing.	손님이 왔구먼! 이봐, 설마 우리 친척은 아니겠지? 친척이면 내가 알아볼 테니까. 난 대릴 힉이여. 허튼짓할 생각은 말어.	번역완료	batch RowID 2288-2487
2344	Data/NPCData/150.EDT	2	480	Ya ferget somethin'?	뭐 놓고 간 거라도 있나?	번역완료	batch RowID 2288-2487
2345	Data/NPCData/150.EDT	3	480	Never found it wise to be friendly with strangers. And if you ain't family, you's a stranger.	낯선 놈한테 친절해서 좋을 건 없더라고. 가족이 아니면 다 남이지.	번역완료	batch RowID 2288-2487
2346	Data/NPCData/150.EDT	4	480	Family is the most important thing to a man. I take care of them, and they take care of me. You remember that.	사내한텐 가족이 제일 중요한 법이여. 내가 가족을 챙기고, 가족이 날 챙기지. 그거 기억해둬.	번역완료	batch RowID 2288-2487
2347	Data/NPCData/150.EDT	5	480	Nope. Nuthin' I need.	아녀. 필요한 거 없어.	번역완료	batch RowID 2288-2487
2348	Data/NPCData/150.EDT	6	480	"I told my family, I said, ""This war will pass, and we'll all make it through just fine."" Made 'em feel better. Now don't you go riling them up any."	내가 가족들한테 그랬지. '이 전쟁도 지나갈 거고, 우린 다 멀쩡히 살아남을 거다.' 그랬더니 안심하더라고. 그러니 괜히 와서 사람들 들쑤시지 말어.	번역완료	batch RowID 2288-2487
2349	Data/NPCData/150.EDT	7	480	Hold on, there. You be starting anything with me, you be dealing with the family. You remember that.	잠깐. 나한테 시비 걸면 우리 가족 전체를 상대해야 하는 거여. 그거 잘 기억해.	번역완료	batch RowID 2288-2487
2350	Data/NPCData/150.EDT	8	480	No, I got to stay here with the family. They'd be lost without me.	아녀, 난 가족하고 여기 있어야 해. 내가 없으면 다들 어쩔 줄 모를 거여.	번역완료	batch RowID 2288-2487
2351	Data/NPCData/150.EDT	9	480	Damn it! This stings!	젠장! 따끔거리잖아!	번역완료	batch RowID 2288-2487
2352	Data/NPCData/150.EDT	10	480	Well, I got me things to do. Imagine you do, too.	뭐, 나도 할 일이 있어. 자네도 그렇겠지.	번역완료	batch RowID 2288-2487
2353	Data/NPCData/150.EDT	11	480	Well, that's better. Where was ya when I got that nasty infection?	아, 이제 좀 낫구먼. 내가 그 지독한 염증에 걸렸을 땐 자네 어디 있었어?	번역완료	batch RowID 2288-2487
2354	Data/NPCData/150.EDT	12	480	That's it! Get 'em boys!	됐다! 얘들아, 잡아!	번역완료	batch RowID 2288-2487
2355	Data/NPCData/150.EDT	13	480	Lookit! I ain't gettin' dragged into yer fight. You take care of it first!	이봐! 난 자네 싸움에 끌려들어갈 생각 없어. 먼저 끝내고 와!	번역완료	batch RowID 2288-2487
2356	Data/NPCData/150.EDT	14	480	Hell and tarnation!	빌어먹을 세상에!	번역완료	batch RowID 2288-2487
2357	Data/NPCData/150.EDT	15	480	Well, I'll be! I haven't seen me any of this since the Queen cut off our assistance program! I mean, she made up fer it in other ways, don't be getting me wrong.	이런 걸 보는 게 얼마 만이야! 여왕이 우리 지원 프로그램을 끊은 뒤론 처음이군! 물론 다른 방식으로 보상은 해줬어. 오해하진 말고.	번역완료	batch RowID 2288-2487
2358	Data/NPCData/150.EDT	16	480	Yous are welcome to visit, just don't be nosin' around, starting any trouble, and for God sakes, stay off the cows. I been having problems with a few of the boys, ya see.	구경 오는 건 상관없어. 대신 이리저리 코 들이밀거나 사고 치지 말고, 제발 소에는 손대지 마. 요즘 아들놈 몇이 그걸로 말썽이라서 말이야.	번역완료	batch RowID 2288-2487
2359	Data/NPCData/150.EDT	17	480	Look, I'm not partial to being pushed around. Think you got guns? Think you got bullets? Well, let me tell ya, I got me guns, too. And you be seeing them right close soon, unless you find some manners.	이봐, 난 누가 날 밀어붙이는 걸 싫어해. 총 있다고? 총알도 있다고? 나도 총 있어. 예의 안 차리면 곧 코앞에서 보게 될 거여.	번역완료	batch RowID 2288-2487
2360	Data/NPCData/150.EDT	18	480	You's a cute lookin' one. Got nice teeth and all. You wouldn't be interested in relocatin', would ya? Move to Arulco and become kin. Got me more boys than I got cows.	자네 꽤 귀엽게 생겼구먼. 이빨도 예쁘고. 여기로 이사 올 생각 없어? 아룰코로 와서 우리 식구가 되는 거야. 난 소보다 아들이 더 많거든.	번역완료	batch RowID 2288-2487
2361	Data/NPCData/150.EDT	19	480	Course, even if I had more cows, can't be makin' kin, now can they? Give you the pick of the bunch. You can marry the boy that catches your fancy...	물론 소가 더 많아도 소랑 식구를 만들 순 없잖아? 아들 중에서 마음에 드는 놈 하나 골라. 결혼하면 되지...	번역완료	batch RowID 2288-2487
2362	Data/NPCData/150.EDT	20	480	Damn it. I divorce the wife and marry you myself if you's interested. Woman's back been on the fritz for darn near ten years anyways. So, what say, honeypie? Yous want to be a Hick?	젠장, 자네만 좋다면 마누라랑 이혼하고 내가 직접 결혼해도 돼. 그 여자는 허리가 거의 10년째 맛이 갔거든. 어때, 귀염둥이? 힉 집안 사람이 될래?	번역완료	batch RowID 2288-2487
2363	Data/NPCData/150.EDT	21	480	Heehaw! We's done bagged ourselves a live one, boys. Give ya every gun in my collection for this pretty thing. Yous just head on over there and help yourself. Gots me a shed full of 'em.	히이하! 얘들아, 살아 있는 걸 하나 낚았구먼. 이 예쁜 아가씨를 주면 내 총을 전부 내놓지. 저쪽 창고로 가서 마음껏 가져가. 총이 한가득이여.	번역완료	batch RowID 2288-2487
2364	Data/NPCData/150.EDT	22	480	Wantcha to bring this pretty-teethed girl on up to the chapel, Darrel, before she changes her mind. Don't wantcha touching her none, though. And you don't go mooing for him either there, pretty teeth.	대럴, 저 예쁜 이빨 아가씨가 마음 바꾸기 전에 예배당으로 데려가. 대신 손대지는 말고. 자네도 그놈한테 암소처럼 음메거리며 꼬리치지 말고, 예쁜 이빨.	번역완료	batch RowID 2288-2487
2365	Data/NPCData/150.EDT	23	480	Why ain't that a shame. I was looking kinda forward to seeing those pretty teeth of yours at the family meals. Well okay, but if you know of any other pretty-teethed woman hungry for a man, yous send 'em over to see me.	그거 참 아쉽구먼. 가족 식사 때 자네 예쁜 이빨 보는 걸 기대했는데. 뭐, 알았어. 그래도 남자 찾는 예쁜 이빨 여자가 또 있으면 나한테 보내줘.	번역완료	batch RowID 2288-2487
2366	Data/NPCData/150.EDT	24	480	Ya know, I wouldn't mind talking to the girl over there with the pretty teeth.	저기 있는 예쁜 이빨 아가씨랑 얘기 좀 해보고 싶은데.	번역완료	batch RowID 2288-2487
2367	Data/NPCData/150.EDT	25	480				
2368	Data/NPCData/151.EDT	1	480	Welcome to my establishment. I am one of de Santos Bartending Brothers. We are famous Arulco-wide for our drinks.	어서 와요! 여긴 내 가게예요. 나는 데 산토스 바텐더 형제 중 하나예요. 우리 술은 아룰코 전역에서 유명해요.	번역완료	batch RowID 2288-2487
2369	Data/NPCData/151.EDT	2	480	Hello again. Is good to see you.	또 왔군요. 다시 봐서 좋아요.	번역완료	batch RowID 2288-2487
2370	Data/NPCData/151.EDT	3	480	We import all of our drinks except de rum. It was made locally before de war began.	럼 빼고 모든 술은 수입해요. 럼은 전쟁 전부터 여기서 만들었어요.	번역완료	batch RowID 2288-2487
2371	Data/NPCData/151.EDT	4	480	Poor Manny, he tries very hard.	불쌍한 매니. 아주 열심히 해요.	번역완료	batch RowID 2288-2487
2372	Data/NPCData/151.EDT	5	480	No. But I do accept cash tips.	아니요. 하지만 현금 팁은 받아요.	번역완료	batch RowID 2288-2487
2373	Data/NPCData/151.EDT	6	480	Tell you dis. De people, dey know about you. Some like, some no like.	이건 말해줄게요. 사람들, 당신 알아요. 좋아하는 사람도 있고, 싫어하는 사람도 있어요.	번역완료	batch RowID 2288-2487
2374	Data/NPCData/151.EDT	7	480	Maybe you need drink more than I think you do, no?	내 생각보다 술이 더 필요한 사람인가 봐요, 그렇죠?	번역완료	batch RowID 2288-2487
2375	Data/NPCData/151.EDT	8	480	No thank you. It is too dangerous for me out dere.	아니요, 고마워요. 밖은 나한테 너무 위험해요.	번역완료	batch RowID 2288-2487
2376	Data/NPCData/151.EDT	9	480	Oh... is doctor here?	오... 여기 의사 있어요?	번역완료	batch RowID 2288-2487
2377	Data/NPCData/151.EDT	10	480	Call name if you need anything.	필요한 거 있으면 내 이름 불러요.	번역완료	batch RowID 2288-2487
2378	Data/NPCData/151.EDT	11	480	Thank you for de tip. You get good service.	팁 고마워요. 좋은 서비스 해줄게요.	번역완료	batch RowID 2288-2487
2379	Data/NPCData/151.EDT	12	480	De best liquor around! Only number-one brand names.	이 근방 최고 술! 전부 일류 상표만 있어요.	번역완료	batch RowID 2288-2487
2380	Data/NPCData/151.EDT	13	480	Everything looks good, yes...	다 좋아 보여요, 그렇죠...	번역완료	batch RowID 2288-2487
2381	Data/NPCData/151.EDT	14	480	Maybe something cool to take off de heat?	더위 식힐 시원한 거 한잔 어때요?	번역완료	batch RowID 2288-2487
2382	Data/NPCData/151.EDT	15	480	Hm. I am sorry. We only accept cash for de drinks.	흠. 미안해요. 술값은 현금만 받아요.	번역완료	batch RowID 2288-2487
2383	Data/NPCData/151.EDT	16	480	Hmm. Much misery. I have no money to buy anything.	흠. 참 안됐네요. 난 물건 살 돈이 없어요.	번역완료	batch RowID 2288-2487
2384	Data/NPCData/151.EDT	17	480	Is very interesting. Yes.	아주 흥미롭네요. 네.	번역완료	batch RowID 2288-2487
2385	Data/NPCData/151.EDT	18	480				
2386	Data/NPCData/151.EDT	19	480	I am sorry, but dis is only a cash bar.	미안해요. 여긴 현금만 받는 바예요.	번역완료	batch RowID 2288-2487
2387	Data/NPCData/151.EDT	20	480				
2388	Data/NPCData/151.EDT	21	480				
2389	Data/NPCData/151.EDT	22	480				
2390	Data/NPCData/151.EDT	23	480	In Arulco, good service is awarded tip. So you know now...	아룰코에서는 좋은 서비스에 팁을 줘요. 이제 알았죠...	번역완료	batch RowID 2288-2487
2391	Data/NPCData/151.EDT	24	480	Enjoy. And thank you for de tip.	맛있게 마셔요. 팁도 고마워요.	번역완료	batch RowID 2288-2487
2392	Data/NPCData/151.EDT	25	480	You need another, you let me know. I make it perfect for you.	한잔 더 필요하면 말해요. 당신한테 딱 맞게 만들어줄게요.	번역완료	batch RowID 2288-2487
2393	Data/NPCData/151.EDT	26	480	Well, you think about it.	뭐, 생각해봐요.	번역완료	batch RowID 2288-2487
2394	Data/NPCData/151.EDT	27	480	Don't forget, your drink is here.	당신 술 여기 있는 거 잊지 마요.	번역완료	batch RowID 2288-2487
2395	Data/NPCData/151.EDT	28	480				
2396	Data/NPCData/151.EDT	29	480	You low life!	이 천박한 인간!	번역완료	batch RowID 2288-2487
2397	Data/NPCData/151.EDT	30	480	Oh, is so much better.	오, 훨씬 좋아졌어요.	번역완료	batch RowID 2288-2487
2398	Data/NPCData/151.EDT	31	480	Is not safe to do business now. Can no enjoy drink! Stop fighting first!	지금은 장사하기 안전하지 않아요. 총알 날아다니면 술도 못 즐겨요! 싸움부터 끝내요!	번역완료	batch RowID 2288-2487
2399	Data/NPCData/151.EDT	32	480	Is time for you to go now. We stay open late for you, then everybody want it, and I never sleep.	이제 갈 시간이에요. 당신 때문에 늦게까지 열어주면 모두가 그래달라고 해요. 그러면 난 잠도 못 자요.	번역완료	batch RowID 2288-2487
2400	Data/NPCData/151.EDT	33	480	De Santos are also known for our amazing similarities. Dere are five of us, we are identical quintuplets. It is funny. We sound same, speak same things, and we are all bartenders in Arulco.	데 산토스 형제는 서로 너무 닮은 걸로도 유명해요. 우리는 다섯 명, 똑같이 생긴 다섯쌍둥이예요. 웃기죠. 목소리도 같고 말하는 것도 같고, 모두 아룰코에서 바텐더 해요.	번역완료	batch RowID 2288-2487
2401	Data/NPCData/151.EDT	34	480	Well, everyone except Manny. Poor Manny. He was born a day after de rest of us. He has spent his entire life trying to catch up. We hope one day he will be one of de Santos bartending brothers too.	매니만 빼고요. 불쌍한 매니. 우리보다 하루 늦게 태어났어요. 평생 우리 따라잡으려고 애썼죠. 언젠간 그도 데 산토스 바텐더 형제가 되길 바라요.	번역완료	batch RowID 2288-2487
2402	Data/NPCData/151.EDT	35	480	For now, he is a barboy. He sweeps floors, clean toilets and fills condom machines. We teach him drink-making when family gets together. He is getting much better.	지금 매니는 바 보이예요. 바닥 쓸고, 화장실 청소하고, 콘돔 자판기 채워요. 가족이 모이면 술 만드는 법도 가르쳐줘요. 많이 늘었어요.	번역완료	batch RowID 2288-2487
2403	Data/NPCData/151.EDT	36	480	I believe you know of us. My brother has spoken of you, de soldiers who are going to save Arulco. I tell you, we wish you de best of luck cleaning out de mess dis country is in.	당신도 우리를 아는 것 같군요. 형제가 당신 얘기했어요. 아룰코를 구하러 온 군인들이라고. 이 엉망인 나라를 깨끗이 치우길 진심으로 빌어요.	번역완료	batch RowID 2288-2487
2404	Data/NPCData/151.EDT	37	480	My brothers tell me about you. We no meet yet. But, meet one, you meet them all, no? Heh. This what people say... Women, dey confuse us all de time. And me, I confuse de woman, let me tell you dis.	형제들이 당신 얘기 많이 했어요. 우린 아직 처음 보죠. 하지만 한 명 만나면 다 만난 거나 같아요, 그렇죠? 헤. 사람들이 그래요... 여자들은 우리를 늘 헷갈려 해요. 그리고 나는 여자들을 헷갈리게 하죠, 정말이에요.	번역완료	batch RowID 2288-2487
2405	Data/NPCData/151.EDT	38	480	But you cannot tell my brothers. He, he, I have passed nights with each of their wives, except for Manny's. Poor Manny. My carpet is more beautiful den his wife. It has been good for their marriage.	하지만 형제들한텐 말하면 안 돼요. 헤헤, 매니 아내 빼고 형제들 아내와 전부 밤을 보냈어요. 불쌍한 매니. 내 카펫이 그 아내보다 더 예뻐요. 그래도 그들 부부관계엔 도움이 됐죠.	번역완료	batch RowID 2288-2487
2406	Data/NPCData/151.EDT	39	480	Their wives do not look at dem de same after spendin' time with me. It is not dat I brag of de gift God has given me, but only to show you how close de Santos bartending brothers truly are.	그 아내들은 나랑 밤을 보낸 뒤 자기 남편을 예전처럼 보지 않아요. 하느님이 내게 준 재능을 자랑하려는 게 아니라, 데 산토스 바텐더 형제가 얼마나 가까운 사이인지 보여주는 거예요.	번역완료	batch RowID 2288-2487
2407	Data/NPCData/151.EDT	40	480	I bet you think you have seen me before. I have heard very much about you from my brothers and de others. You are de one who will give birth to a new Arulco, an Arulco free and equal for everyone. De people are in awe of you.	당신은 날 전에 봤다고 생각하겠죠. 형제들과 다른 사람들한테 당신 얘기 많이 들었어요. 당신은 새 아룰코를 낳을 사람이에요. 모두가 자유롭고 평등한 아룰코. 사람들은 당신을 경외해요.	번역완료	batch RowID 2288-2487
2408	Data/NPCData/151.EDT	41	480	It is a great time in de history of de Santos brothers. We are all bartenders now, even Manny, who many said would never be able to open a beer, has joined us. Our dead father sheds his tears in pride.	데 산토스 형제 역사에 위대한 날이에요. 이제 우리 모두 바텐더예요. 맥주병 하나도 못 딸 거라던 매니도 합류했어요. 돌아가신 아버지도 자랑스러워 눈물 흘릴 거예요.	번역완료	batch RowID 2288-2487
2409	Data/NPCData/151.EDT	42	480	Yes, you are not the first to notice dat we look very similar. I do not understand, since de differences are obvious to me.	네. 우리가 아주 닮았다고 말한 사람은 당신이 처음 아니에요. 난 차이가 너무 뚜렷한데 왜 그런지 모르겠어요.	번역완료	batch RowID 2288-2487
2410	Data/NPCData/151.EDT	43	480	Yes. Many have mentioned dat I am de most handsome of de brothers.	네. 많은 사람이 내가 형제 중 제일 잘생겼다고 했어요.	번역완료	batch RowID 2288-2487
2411	Data/NPCData/151.EDT	44	480	Perhaps, you have had too much to drink already.	아마 술을 이미 너무 많이 마신 것 같군요.	번역완료	batch RowID 2288-2487
2412	Data/NPCData/155.EDT	1	480	Hello. I am Manny Santos. Maybe you have met brother of me.	안녕하세요. 난 매니 산토스예요. 내 형제 만난 적 있을지도 몰라요.	번역완료	batch RowID 2288-2487
2413	Data/NPCData/155.EDT	2	480	Hello. I, um, shoot. I forget your name again.	안녕하세요. 저, 음... 이런. 또 이름 까먹었어요.	번역완료	batch RowID 2288-2487
2414	Data/NPCData/155.EDT	3	480	"My brothers, dey tell me, ""Manny, one day you be bartender, too."" It be good, five Santos brothers all bartenders."	형제들이 말해요. '매니, 너도 언젠가 바텐더 된다.' 좋아요. 산토스 다섯 형제 모두 바텐더.	번역완료	batch RowID 2288-2487
2415	Data/NPCData/155.EDT	4	480	I can mix many drinks. Beer, dis is my favorite.	나 술 많이 만들 수 있어요. 맥주, 이게 제일 좋아요.	번역완료	batch RowID 2288-2487
2416	Data/NPCData/155.EDT	5	480	Um, no. I no need dis.	음, 아니요. 나 이거 필요 없어요.	번역완료	batch RowID 2288-2487
2417	Data/NPCData/155.EDT	6	480	Dere are many lovely ladies here in Arulco, no? De ladies, dey like me. Dey say I remind them of my brothers that would no date them.	아룰코에 예쁜 여자 많아요, 그렇죠? 여자들, 나 좋아해요. 자기랑 안 만나준 내 형제들 닮았다고 해요.	번역완료	batch RowID 2288-2487
2418	Data/NPCData/155.EDT	7	480	"My brothers, dey say, ""Manny, is no good to hit de clients."" I ask if dey would say dat now."	형제들이 말해요. '매니, 손님 때리면 안 된다.' 지금도 그렇게 말할지 궁금해요.	번역완료	batch RowID 2288-2487
2419	Data/NPCData/155.EDT	8	480	No, thank you. I am part of de famous Santos brothers. I just wish to be bartender.	아니요, 고마워요. 나는 유명한 산토스 형제 중 하나예요. 그냥 바텐더 되고 싶어요.	번역완료	batch RowID 2288-2487
2420	Data/NPCData/155.EDT	9	480	Ooh. Uch. Uh. Dis hurts. Need strong drink. Get me Shirley Temple.	우우... 으윽. 아파요. 독한 술 필요해요. 셜리 템플 가져다줘요.	번역완료	batch RowID 2288-2487
2421	Data/NPCData/155.EDT	10	480	I be here if you need me.	필요하면 나 여기 있어요.	번역완료	batch RowID 2288-2487
2422	Data/NPCData/155.EDT	11	480	A tip! Thank you.	팁! 고마워요.	번역완료	batch RowID 2288-2487
2423	Data/NPCData/155.EDT	12	480	I mix you up nice, no? You tell me what you like.	내가 맛있게 만들어줘요, 응? 뭐 좋아하는지 말해요.	번역완료	batch RowID 2288-2487
2424	Data/NPCData/155.EDT	13	480	Take time. Dey say age good for drinks.	천천히 해요. 술은 오래될수록 좋다고 하잖아요.	번역완료	batch RowID 2288-2487
2425	Data/NPCData/155.EDT	14	480	You afraid I can no make it?	내가 못 만들까 봐 걱정해요?	번역완료	batch RowID 2288-2487
2426	Data/NPCData/155.EDT	15	480	I can no take dat for drinks. Is cash bar only.	술값으로 그건 못 받아요. 여긴 현금만 받아요.	번역완료	batch RowID 2288-2487
2427	Data/NPCData/155.EDT	16	480	Dey no pay me yet. I am in training, you see? I have no money.	아직 나 월급 안 줘요. 나 수습 중이거든요. 돈 없어요.	번역완료	batch RowID 2288-2487
2428	Data/NPCData/155.EDT	17	480	Ooh. Many fun objects...	우와. 재미있는 물건 많아요...	번역완료	batch RowID 2288-2487
2429	Data/NPCData/155.EDT	18	480				
2430	Data/NPCData/155.EDT	19	480	Yes, but dis cash bar. Sorry.	네, 하지만 여긴 현금만 받아요. 미안해요.	번역완료	batch RowID 2288-2487
2431	Data/NPCData/155.EDT	20	480				
2432	Data/NPCData/155.EDT	21	480				
2433	Data/NPCData/155.EDT	22	480				
2434	Data/NPCData/155.EDT	23	480	Hm. No tip? Maybe next time, I serve you better.	흠. 팁 없어요? 다음엔 내가 더 잘 해줄게요.	번역완료	batch RowID 2288-2487
2435	Data/NPCData/155.EDT	24	480	And thank you for de tip. Enjoy de drink.	팁 고마워요. 술 맛있게 마셔요.	번역완료	batch RowID 2288-2487
2436	Data/NPCData/155.EDT	25	480	You need another, you call Manny.	한잔 더 필요하면 매니 불러요.	번역완료	batch RowID 2288-2487
2437	Data/NPCData/155.EDT	26	480	Maybe you come back when you thirsty.	목마르면 다시 와요.	번역완료	batch RowID 2288-2487
2438	Data/NPCData/155.EDT	27	480	You want I should drink this?	이거 나보고 마시라는 거예요?	번역완료	batch RowID 2288-2487
2439	Data/NPCData/155.EDT	28	480				
2440	Data/NPCData/155.EDT	29	480	You insult de Santos family! You garbage!	데 산토스 가족을 모욕해요! 이 쓰레기!	번역완료	batch RowID 2288-2487
2441	Data/NPCData/155.EDT	30	480	Oooh. Much better. Me get drink.	우우, 훨씬 좋아요. 나 술 마시러 갈래요.	번역완료	batch RowID 2288-2487
2442	Data/NPCData/155.EDT	31	480	No talk now... de glasses get all shot up. Wait 'til is quiet.	지금 말하면 안 돼요... 잔이 전부 총 맞아요. 조용해질 때까지 기다려요.	번역완료	batch RowID 2288-2487
2443	Data/NPCData/155.EDT	32	480	Oh! Dat's it! Is time for me to go home. I no forget last call, did I? Ah, well.	오! 끝이에요! 이제 집에 갈 시간. 마지막 주문 받는 거 안 잊었죠? 아, 뭐.	번역완료	batch RowID 2288-2487
2444	Data/NPCData/155.EDT	33	480	I do dis until I learn de trade. Bartending hard, no? You have de liquor, de glasses, de money, much to do. But one day, I, Manny Santos, will be famous bartender like my brothers.	일 배우는 동안은 이거 해요. 바텐더 어렵죠? 술도 있고, 잔도 있고, 돈도 있고, 할 일 많아요. 하지만 언젠가 나, 매니 산토스도 형제들처럼 유명한 바텐더 될 거예요.	번역완료	batch RowID 2288-2487
2445	Data/NPCData/155.EDT	34	480	I like dis place. Charlie, de bartender, he is no mean to me. Teach me how to do job. Yesterday, I learn to make ice. I wonder, though. Charlie, sometimes he mix funny drinks. I no think dey good.	나 여기 좋아해요. 바텐더 찰리는 나한테 못되게 안 해요. 일하는 법 가르쳐줘요. 어제는 얼음 만드는 법 배웠어요. 근데 이상해요. 찰리는 가끔 이상한 술 만들어요. 좋은 것 같지 않아요.	번역완료	batch RowID 2288-2487
2446	Data/NPCData/155.EDT	35	480	De money is de hardest part for me. I only count to five. I work on it though.	돈이 나한텐 제일 어려워요. 난 다섯까지밖에 못 세요. 그래도 연습해요.	번역완료	batch RowID 2288-2487
2447	Data/NPCData/155.EDT	36	480	Why you yell at Manny? What I do? Maybe I fix you up with one of Charlie's mean drinks! Is no good to drink those! They hurt peop... oh. Wait. You no hear me say dat. Good bartender no talk, Manny. No talk.	왜 매니한테 소리 질러요? 내가 뭐 했어요? 찰리의 독한 술 하나 만들어줄까요! 그거 마시면 안 좋아요! 사람을 다치게... 어. 잠깐. 내가 그런 말 한 거 못 들었어요. 좋은 바텐더는 말 안 해, 매니. 말 안 해.	번역완료	batch RowID 2288-2487
2448	Data/NPCData/155.EDT	37	480	Dis mean I bartender now, no? Sudden opening is like dream come true.	그럼 나 이제 바텐더예요, 그렇죠? 갑자기 자리 난 게 꿈이 현실 된 것 같아요.	번역완료	batch RowID 2288-2487
2449	Data/NPCData/156.EDT	1	480	Careful, you don't watch where you're going, you're liable to get hurt. And I don't want that happenin' on my watch.	조심해. 앞을 안 보고 다니다간 다칠 수 있어. 내 근무 중에 그런 일 생기는 건 싫거든.	번역완료	batch RowID 2288-2487
2450	Data/NPCData/156.EDT	2	480	How goes it?	어떻게 지내?	번역완료	batch RowID 2288-2487
2451	Data/NPCData/156.EDT	3	480	When you been at this as long as me, nothing surprises ya anymore. Seen it all.	나처럼 오래 이 일을 하면 더는 놀랄 게 없어. 볼 건 다 봤지.	번역완료	batch RowID 2288-2487
2452	Data/NPCData/156.EDT	4	480	Had four men call in sick the other day. Worries me that something might be going around. Hope you're feeling okay.	며칠 전 광부 네 명이 아프다고 쉬었어. 뭔가 유행하는 게 아닌가 걱정되는군. 자넨 괜찮길 바라.	번역완료	batch RowID 2288-2487
2453	Data/NPCData/156.EDT	5	480	Well, that's kind of you, but I don't need it.	마음은 고맙지만 난 필요 없어.	번역완료	batch RowID 2288-2487
2454	Data/NPCData/156.EDT	6	480	Right until you showed up, I couldn't imagine this war coming to an end. Now, I got me a bit of hope.	자네들이 나타나기 전까진 이 전쟁이 끝나는 걸 상상도 못 했어. 이제 조금은 희망이 생겼군.	번역완료	batch RowID 2288-2487
2455	Data/NPCData/156.EDT	7	480	I understand... I know you got a lot on your shoulders.	이해해... 자네 어깨에 짊어진 게 많다는 거 알아.	번역완료	batch RowID 2288-2487
2456	Data/NPCData/156.EDT	8	480	To be honest with you, I'd rather stay with what I know.	솔직히 난 내가 아는 일을 계속하고 싶어.	번역완료	batch RowID 2288-2487
2457	Data/NPCData/156.EDT	9	480	Can't take this pain...	이 고통은... 못 견디겠어.	번역완료	batch RowID 2288-2487
2458	Data/NPCData/156.EDT	10	480	I know you haven't got all day to stand around and chat, so I'll be on my way.	자네도 하루 종일 서서 얘기할 순 없을 테니 난 이만 가보지.	번역완료	batch RowID 2288-2487
2459	Data/NPCData/156.EDT	11	480	That'll heal up just fine now.	이제 잘 아물겠군.	번역완료	batch RowID 2288-2487
2460	Data/NPCData/156.EDT	12	480	You madman! Don't ever look for my help again.	이 미친놈아! 다시는 내 도움을 바라지 마.	번역완료	batch RowID 2288-2487
2461	Data/NPCData/156.EDT	13	480	I'm the guy in charge of the mine, and it's damn good to meet you. Me and some of the guys are willing to keep on working. Turn the day's take, less the usual expenses, directly over to you.	내가 이 광산 책임자야. 만나서 정말 반갑군. 나와 몇몇 광부는 계속 일할 생각이야. 평소 비용을 뺀 하루 수익 전부를 자네한테 직접 넘기지.	번역완료	batch RowID 2288-2487
2462	Data/NPCData/156.EDT	14	480	Matter of fact... I'll see who I can rustle up and get right on it.	사실... 사람 몇 명 더 모을 수 있는지 알아보고 바로 시작하지.	번역완료	batch RowID 2288-2487
2463	Data/NPCData/156.EDT	15	480	News on this end is bad. We're reaching the last of the ore deposit. Probably just a question of time before the mine peters out to nothing. I guess I sorta knew it was bound to happen.	여긴 안 좋은 소식이야. 광맥의 끝에 거의 다 왔어. 이제 광산이 완전히 바닥나는 건 시간문제일 거야. 언젠가 이렇게 될 줄은 알고 있었지.	번역완료	batch RowID 2288-2487
2464	Data/NPCData/156.EDT	16	480	We got a problem. I can't get anyone to go down into the mine. There's a rumor spreadin' around that there's beastly insects movin' about. I'm gonna have to shut her down.	문제가 생겼어. 아무도 광산에 내려가려 하지 않아. 흉측한 벌레들이 돌아다닌다는 소문이 퍼졌거든. 광산을 닫아야겠어.	번역완료	batch RowID 2288-2487
2465	Data/NPCData/156.EDT	17	480	For a while there, I didn't know if I'd ever see you again. I had to do some quick talking just to stay alive. I beg of you not to let that happen again.	한동안 다시는 자네들을 못 보나 했어. 살아남으려고 말로 겨우 둘러대야 했지. 제발 다시는 그런 일이 생기지 않게 해줘.	번역완료	batch RowID 2288-2487
2466	Data/NPCData/156.EDT	18	480	It's too risky. We'll talk later.	너무 위험해. 나중에 얘기하자.	번역완료	batch RowID 2288-2487
2467	Data/NPCData/156.EDT	19	480	I don't how you guys do it, but I'm sure pleased to see it happening. Keep it up! I'm waiting for the day when I can stand in line for the chance to sit on the Queen's throne.	어떻게 해내는진 모르겠지만 일이 잘 풀리는 걸 보니 정말 기쁘군. 계속해! 언젠가 여왕의 왕좌에 한번 앉아보려고 줄 설 날만 기다리고 있어.	번역완료	batch RowID 2288-2487
2468	Data/NPCData/156.EDT	20	480	News on this end is good. We've maxed out our daily production. And let me tell you, you guys are developing quite a reputation for yourselves around this town.	여긴 좋은 소식이야. 하루 생산량이 최고치에 도달했어. 그리고 말인데, 이 마을에서 자네들 명성이 꽤 대단해지고 있더군.	번역완료	batch RowID 2288-2487
2469	Data/NPCData/156.EDT	21	480	I realize production is low, but I'm doing the best I can with the limited number of people I can recruit. It's just not easy. People around here are leery.	생산량이 낮은 건 알아. 하지만 모집할 수 있는 사람이 워낙 적어서 나도 최선을 다하고 있어. 쉽지 않아. 이 동네 사람들은 아직 경계심이 많거든.	번역완료	batch RowID 2288-2487
2470	Data/NPCData/156.EDT	22	480	I've worked this mine for over nine years. Quite something... Nothing, but a hole now. I ain't ashamed to say, I cried when she tapped dry. Don't know how I'm gonna get by now.	이 광산에서 9년 넘게 일했어. 참 기분이 묘하군... 이제 그냥 구멍만 남았어. 광맥이 마른 날 나도 울었다는 걸 부끄러워하진 않아. 이제 어떻게 먹고살지 모르겠군.	번역완료	batch RowID 2288-2487
2471	Data/NPCData/156.EDT	23	480	No, but I'll tell you what, there are people who need it.	아니, 하지만 이건 필요한 사람들이 따로 있어.	번역완료	batch RowID 2288-2487
2472	Data/NPCData/156.EDT	24	480	Had to shut the mine down again. Don't think you killed all those beasty bugs the last time, 'cause one of them ate another one of the men.	광산을 또 닫아야 했어. 지난번에 그 괴물 벌레를 전부 죽인 건 아닌가 봐. 놈들 중 하나가 또 광부 한 명을 잡아먹었거든.	번역완료	batch RowID 2288-2487
2473	Data/NPCData/156.EDT	25	480	Gotta hand it to you, looks like the mine's all clear of those beasty bugs. Not a moment too soon either! We're back in production.  As long as those things, well, stay dead, we'll be all right.	인정해야겠군. 이제 광산에서 그 괴물 벌레들이 완전히 사라진 것 같아. 정말 아슬아슬했어! 생산도 다시 시작했지. 그놈들이, 뭐, 계속 죽어 있기만 하면 우린 괜찮을 거야.	번역완료	batch RowID 2288-2487
2474	Data/NPCData/157.EDT	1	480	Whoa! You one of those inspector guys? Let me tell you right off the bat that I run the most technologically advanced mine in all of Arulco. Built it from the ground up with stolen American technology. But it's all mine.	워! 자네 검사관 같은 사람인가? 먼저 말해두는데, 내가 운영하는 곳은 아룰코에서 기술적으로 가장 앞선 광산이야. 훔쳐온 미국 기술로 밑바닥부터 내가 지었지. 그래도 전부 내 거야.	번역완료	batch RowID 2288-2487
2475	Data/NPCData/157.EDT	2	480	You stalking me? You know, I keep a log of everything you do, so watch your step.	나 스토킹하는 거야? 난 자네가 하는 일을 전부 기록해두니까 행동 조심해.	번역완료	batch RowID 2288-2487
2476	Data/NPCData/157.EDT	3	480	Here's the thing. Other miners? They think they're better than me. Point is, I'm an innovative genius. Eventually, the Queen will recognize that, and I'll become Head of Head Miners.	문제는 이거야. 다른 광산 감독들? 다들 자기들이 나보다 낫다고 생각하지. 하지만 난 혁신의 천재야. 언젠가 여왕도 그걸 알아보고 날 광산 감독들의 총감독으로 만들 거야.	번역완료	batch RowID 2288-2487
2477	Data/NPCData/157.EDT	4	480	I've taken up writing as a hobby, editorial writing on the other miners. Takes me about six hours a day to do the writing plus another hour to make up a few obscure references, but hey, I enjoy it.	요즘 취미로 글을 써. 다른 광산 감독들을 평가하는 논평이지. 글 쓰는 데 하루 여섯 시간, 잘 알려지지 않은 인용구를 지어내는 데 한 시간쯤 더 걸리지만, 뭐, 난 즐거워.	번역완료	batch RowID 2288-2487
2478	Data/NPCData/157.EDT	5	480	No thanks. There's literally nothing you have that I need.	사양하지. 문자 그대로 자네가 가진 것 중 내가 필요한 건 하나도 없어.	번역완료	batch RowID 2288-2487
2479	Data/NPCData/157.EDT	6	480	So, I been thinking. After this war is over, I'm interested in hiring you guys to do a job for me. Keep it between us. I want to take over... sh... Canada. I got me a little grudge to settle.	그래서 생각해봤는데, 이 전쟁이 끝나면 자네들을 고용해서 일을 하나 맡기고 싶어. 우리끼리 비밀로 해. 난... 쉿... 캐나다를 접수하고 싶거든. 갚아줄 빚이 좀 있어.	번역완료	batch RowID 2288-2487
2480	Data/NPCData/157.EDT	7	480	You obviously don't know who you're talking to! Calvin Barkmore! I will devote all my waking hours toward making your life a living hell if you continue to talk to me this way.	지금 누구한테 말하는지도 모르는 모양이군! 캘빈 바크모어다! 계속 그런 식으로 말하면 깨어 있는 시간 전부를 자네 인생을 생지옥으로 만드는 데 쓰겠어.	번역완료	batch RowID 2288-2487
2481	Data/NPCData/157.EDT	8	480	No, the last time I was recruited, it kinda pushed me over the edge.	아니, 지난번에 징집됐을 때 내가 좀 맛이 가버렸거든.	번역완료	batch RowID 2288-2487
2482	Data/NPCData/157.EDT	9	480	Ugh! That which does not kill me makes me stronger.	으윽! 나를 죽이지 못하는 것은 나를 더 강하게 만든다.	번역완료	batch RowID 2288-2487
2483	Data/NPCData/157.EDT	10	480	Well, I'm a busy man. Everyone wants a moment of my time, so I'll be going.	뭐, 난 바쁜 사람이야. 다들 내 시간을 조금이라도 달라고 하니 이만 가보지.	번역완료	batch RowID 2288-2487
2484	Data/NPCData/157.EDT	11	480	Say, you didn't implant something while you were doing that, did you?	이봐, 치료하면서 뭔가 심어놓은 건 아니겠지?	번역완료	batch RowID 2288-2487
2485	Data/NPCData/157.EDT	12	480	Are you crazy? Do you know how many push-ups I can do? Just you wait.	미쳤어? 내가 팔굽혀펴기를 몇 개나 할 수 있는지 알아? 두고 봐.	번역완료	batch RowID 2288-2487
2486	Data/NPCData/157.EDT	13	480	Oh, no... You're one of those mercenaries. I was in the Army once, full of dope-puffing socialists. You probably heard of me, Calvin Barkmore, broke every record they keep track of.	오, 안 돼... 자네 그 용병 중 하나군. 나도 군대에 있었지. 약이나 빨아대는 사회주의자 천지였어. 캘빈 바크모어라는 이름 들어봤겠지. 기록이란 기록은 죄다 갈아치웠으니까.	번역완료	batch RowID 2288-2487
2487	Data/NPCData/157.EDT	14	480	I suppose, since you're in charge, you'll want all the money. Leave me the crumbs you call salary. Well... I guess I got no choice! But one day I'm going to get my own mine, then you watch.	자네가 책임자니 돈을 전부 가져가겠군. 월급이라고 부르는 푼돈만 나한테 남기고. 뭐... 선택의 여지가 없겠지! 하지만 언젠간 내 광산을 가질 거야. 그때 두고 보라고.	번역완료	batch RowID 2288-2487
2488	Data/NPCData/157.EDT	15	480	I realize it's hardly believable, but me and the team of men I hand-selected actually managed to dig out the whole mine. That's right, the whole mine. You probably won't be able to find an ounce of ore by week's end.	믿기 힘들겠지만, 내가 직접 뽑은 팀과 함께 광산 전체를 다 파냈어. 그래, 전부 다. 아마 이번 주가 끝날 때쯤이면 광석 한 온스도 못 찾을걸.	번역완료	batch RowID 2488-2687
2489	Data/NPCData/157.EDT	16	480	The mine's closed. There's someone's drug-induced version of monsters down there. The phallic-symbolled beasts are eating my men. Eating men, I tell you! It's an artsy-fartsy nightmare.	광산은 폐쇄했어. 누가 약에 취해 상상해낸 것 같은 괴물들이 아래에 있거든. 거대한 성기 모양 괴물들이 내 광부들을 잡아먹고 있어. 사람을 먹는다고! 무슨 허세 가득한 악몽 같아.	번역완료	batch RowID 2488-2687
2490	Data/NPCData/157.EDT	17	480	Come to think of it, where the hell have you been? You left me to single-handedly fend off an army. I had to throw the whole lot of them through windows. Don't you ever pull that stunt again.	그러고 보니 자네 대체 어디 있었어? 나 혼자 군대 하나를 상대하게 내버려뒀잖아. 놈들을 전부 창문 밖으로 집어던져야 했다고. 다시는 그런 짓 하지 마.	번역완료	batch RowID 2488-2687
2491	Data/NPCData/157.EDT	18	480	Do your job, then maybe, if it's safe, we can actually converse like adults.	자네 일부터 해. 그러고 안전해지면 어른답게 대화할 수 있겠지.	번역완료	batch RowID 2488-2687
2492	Data/NPCData/157.EDT	19	480	I know, you actually seem to be doing all right without me. But I tell you, if I had time and was on your team, this thing would be finished by now. I'm not one to let things drag on.	그래, 나 없이도 제법 잘하고 있긴 하군. 하지만 내가 시간이 나서 자네 팀에 있었다면 이 일은 벌써 끝났어. 난 일을 질질 끄는 성격이 아니거든.	번역완료	batch RowID 2488-2687
2493	Data/NPCData/157.EDT	20	480	No need to thank me. I'm quite satisfied working for my meager salary, but I got everybody working faster and harder than any other mine. We are at maximum production.	고맙다는 말은 됐어. 쥐꼬리만 한 월급에도 꽤 만족해. 그래도 내가 사람들을 다른 어느 광산보다 빠르고 죽어라 일하게 만들었지. 생산량은 최대야.	번역완료	batch RowID 2488-2687
2494	Data/NPCData/157.EDT	21	480	You do realize I'm pretty much working alone and doing as much as any five miners combined. You want things to go any faster, you'll have to convince more people to work here.	나 거의 혼자 일하면서 광부 다섯 명 몫을 하고 있다는 건 알지? 더 빨리 돌리고 싶으면 더 많은 사람을 설득해서 여기서 일하게 해.	번역완료	batch RowID 2488-2687
2495	Data/NPCData/157.EDT	22	480	Naturally, seeing how me and my team are the best darn miners in the world, we've already managed to clean out the whole mine. There's no ore left.	당연하지. 나와 내 팀은 세계 최고의 광부들이니까 벌써 광산을 통째로 털어냈어. 광석은 하나도 안 남았지.	번역완료	batch RowID 2488-2687
2496	Data/NPCData/157.EDT	23	480	I had this coming to me. About time.	내가 받을 만한 거였지. 이제야 받는군.	번역완료	batch RowID 2488-2687
2497	Data/NPCData/157.EDT	24	480	Look! Can't you get this right, you warped liberal dimwit? Those bung-holed monsters are back. Do I have to go down there and fix 'em once and for all myself?	이봐! 이것도 제대로 못 해, 이 뒤틀린 자유주의 얼간이야? 그 똥구멍 같은 괴물들이 돌아왔잖아. 내가 직접 내려가서 끝장을 내야겠어?	번역완료	batch RowID 2488-2687
2498	Data/NPCData/157.EDT	25	480	Well, it appears the monsters are gone, and I am officially back in business. Frankly, I still suspect they were planted by the other head miners as a plot to subvert my obvious excellence.	흠, 괴물들이 사라진 것 같고 나도 공식적으로 다시 영업 시작이야. 솔직히 아직도 다른 광산 감독들이 내 뻔한 우월함을 깎아내리려고 일부러 풀어놓은 놈들이라고 의심해.	번역완료	batch RowID 2488-2687
2499	Data/NPCData/158.EDT	1	480	Name's Carl. I'm the head honcho underground.	난 칼이야. 지하에선 내가 책임자지.	번역완료	batch RowID 2488-2687
2500	Data/NPCData/158.EDT	2	480	Back again, huh?	또 왔군?	번역완료	batch RowID 2488-2687
2501	Data/NPCData/158.EDT	3	480	Way back, I mean before all this shooting and crap started, Arulco was a magnet for tourists. Pulled in a lot of money for the country, too.	아주 옛날, 이 총질과 난리가 시작되기 전엔 아룰코가 관광객을 끌어모으는 곳이었어. 나라에도 돈을 꽤 벌어줬고.	번역완료	batch RowID 2488-2687
2502	Data/NPCData/158.EDT	4	480	You know, every once in a while when it's quiet, I just close my eyes and pretend that she's dead and everything's peaceful again. Yeah.	가끔 조용할 때면 눈을 감고 그 여자가 죽어서 다시 모든 게 평화로워졌다고 상상해. 그래.	번역완료	batch RowID 2488-2687
2503	Data/NPCData/158.EDT	5	480	No, I'd rather you keep it.	아니, 자네가 갖고 있는 게 낫겠어.	번역완료	batch RowID 2488-2687
2504	Data/NPCData/158.EDT	6	480	I've been around here long enough to know that this thing'll blow over. Think you might have something to do with that, too. You got my blessings.	여기서 오래 살아보니 이런 일도 결국 지나갈 거란 걸 알아. 자네들이 그걸 앞당길 것 같군. 내 축복을 받았다고 생각해.	번역완료	batch RowID 2488-2687
2505	Data/NPCData/158.EDT	7	480	Hey, hey, hey. Hold it down. My nerves are already frazzled. I don't need you adding to it any.	이봐, 이봐, 이봐. 목소리 좀 낮춰. 이미 신경이 곤두서 있는데 자네까지 보태지 마.	번역완료	batch RowID 2488-2687
2506	Data/NPCData/158.EDT	8	480	I can't. Not that I don't support you, understand? Just that I got a family to support, too.	안 돼. 자네들을 지지하지 않는다는 뜻은 아니야, 알겠지? 나도 먹여 살릴 가족이 있어서 그래.	번역완료	batch RowID 2488-2687
2507	Data/NPCData/158.EDT	9	480	Aw... you got anything that will help me with the pain?	아... 이 통증 좀 어떻게 해줄 만한 거 있어?	번역완료	batch RowID 2488-2687
2508	Data/NPCData/158.EDT	10	480	Well, you're busy people, so don't let me hold you up.	자네들 바쁠 테니 내가 붙잡고 있진 않을게.	번역완료	batch RowID 2488-2687
2509	Data/NPCData/158.EDT	11	480	Was a close one, wasn't it?	큰일 날 뻔했지, 안 그래?	번역완료	batch RowID 2488-2687
2510	Data/NPCData/158.EDT	12	480	And I believed in you!	난 자네들을 믿었는데!	번역완료	batch RowID 2488-2687
2511	Data/NPCData/158.EDT	13	480	Looks like you're the boss now. Don't mind at all... I'll see how much support you've got amongst the men and put them to work immediately.	이제 자네가 책임자인 모양이군. 난 전혀 상관없어... 광부들 중 자네를 지지하는 사람이 얼마나 되는지 알아보고 바로 일에 투입하지.	번역완료	batch RowID 2488-2687
2512	Data/NPCData/158.EDT	14	480	I want you to know that we'll be doing this for you to help speed things up. The sooner you get rid of her and bring peace and prosperity to Arulco, the better.	우리가 이렇게 하는 건 자네 일을 빨리 끝내게 도우려는 거야. 그 여자를 빨리 없애고 아룰코에 평화와 번영을 되찾을수록 좋으니까.	번역완료	batch RowID 2488-2687
2513	Data/NPCData/158.EDT	15	480	I have some disturbing news, I'm afraid. The mine is just about tapped out. The Queen has been working her hard, and now the ore is coming to an end.  We'll get what we can out of it, then we'll close her down.	안 좋은 소식이 있어. 광산이 거의 바닥났어. 여왕이 워낙 혹사시킨 탓에 광맥이 끝나가고 있지. 남은 만큼만 캐고 폐광할 거야.	번역완료	batch RowID 2488-2687
2514	Data/NPCData/158.EDT	16	480	I've lost one of the workers to some sorta huge insect. I know it's hard to believe, but now nobody will go back into the mine. I have no choice but to close it down.	광부 한 명이 무슨 거대한 벌레한테 죽었어. 믿기 어렵다는 건 알지만 이제 아무도 광산에 다시 내려가려 하지 않아. 닫는 수밖에 없어.	번역완료	batch RowID 2488-2687
2515	Data/NPCData/158.EDT	17	480	I hope you're here to stay this time. Workers went through hell. Deidranna wasn't too happy with us. Promise me you'll do a better job of protecting us from here on in.	이번엔 계속 여기 있어줬으면 좋겠군. 광부들이 지옥을 겪었어. 데이드라나가 우리한테 몹시 화났었거든. 이제부터는 우리를 더 잘 지켜주겠다고 약속해.	번역완료	batch RowID 2488-2687
2516	Data/NPCData/158.EDT	18	480	It's not safe to talk. Come back and see me when the fighting's over.	지금은 얘기하기 안전하지 않아. 싸움이 끝나면 다시 와.	번역완료	batch RowID 2488-2687
2517	Data/NPCData/158.EDT	19	480	I'm glad to see our hard work is paying off. For a small group of guys, you sure know how to run circles around that Queen and her army.	우리 노력이 결실을 보는 것 같아 기쁘군. 사람도 몇 안 되면서 여왕과 그 군대를 아주 가지고 놀더군.	번역완료	batch RowID 2488-2687
2518	Data/NPCData/158.EDT	20	480	Pleased to report the mine is back running at full speed. You have the full cooperation of the town.	광산이 다시 전속력으로 돌아간다고 보고할 수 있어 기쁘군. 마을 전체가 자네들에게 협력하고 있어.	번역완료	batch RowID 2488-2687
2519	Data/NPCData/158.EDT	21	480	I'm having a hard time motivating the workers. Some of them are wondering aloud whether you've bitten off more than you can chew.	광부들 의욕을 끌어내기가 힘들어. 자네들이 감당 못 할 일을 벌인 게 아니냐고 대놓고 묻는 사람들도 있어.	번역완료	batch RowID 2488-2687
2520	Data/NPCData/158.EDT	22	480	Don't know if you're aware of this or not, but this mine's been totally exploited. We closed her down. Nothing left to extract.	알고 있는지 모르겠지만 이 광산은 완전히 고갈됐어. 폐광했지. 더 캘 건 없어.	번역완료	batch RowID 2488-2687
2521	Data/NPCData/158.EDT	23	480	Thanks. I'll make sure it goes to good use.	고마워. 꼭 쓸모 있게 쓰지.	번역완료	batch RowID 2488-2687
2522	Data/NPCData/158.EDT	24	480	Those huge insects are back. I've had to close the mine again. You'd better take care of them this time. I don't know how many more times I can convince the workers to go back down there.	그 거대한 벌레들이 또 돌아왔어. 광산을 다시 닫았지. 이번엔 확실히 처리하는 게 좋을 거야. 광부들을 또 내려가게 몇 번이나 더 설득할 수 있을지 모르겠어.	번역완료	batch RowID 2488-2687
2523	Data/NPCData/158.EDT	25	480	Well, it looks like your version of Raid worked, man. Can't find the bugs anywhere. The men seem glad about it, too. We're all back in business. Between you and me, though, they come back, we're outta here.	자네식 '레이드'가 통했나 보군, 친구. 벌레가 하나도 안 보여. 광부들도 좋아하고, 다들 다시 일하고 있어. 하지만 우리끼리 얘긴데, 또 나타나면 우린 여기 뜰 거야.	번역완료	batch RowID 2488-2687
2524	Data/NPCData/66.EDT	1	480	Freedom. Sweet freedom. I'm Greg Duncan. A survivor of Deidranna's madness.	자유다. 달콤한 자유. 난 그렉 덩컨이야. 데이드라나의 광기에서 살아남은 사람이지.	번역완료	batch RowID 2488-2687
2525	Data/NPCData/66.EDT	2	480	Good to see ya... I haven't forgotten ya. Doubt I ever will.	다시 보니 좋군... 자네를 잊지 않았어. 아마 평생 못 잊겠지.	번역완료	batch RowID 2488-2687
2526	Data/NPCData/66.EDT	3	480	I might be able to help ya.	내가 자네를 도울 수 있을지도 몰라.	번역완료	batch RowID 2488-2687
2527	Data/NPCData/66.EDT	4	480	Satan himself wouldn't last the day in a cell at Tixa.	사탄이라도 틱사의 감방에선 하루도 못 버틸 거야.	번역완료	batch RowID 2488-2687
2528	Data/NPCData/66.EDT	5	480	Thanks. But I don't need it.	고맙지만, 난 필요 없어.	번역완료	batch RowID 2488-2687
2529	Data/NPCData/66.EDT	6	480	Hard to believe I'm finally free.	내가 정말 자유라니 믿기지가 않아.	번역완료	batch RowID 2488-2687
2530	Data/NPCData/66.EDT	7	480	You don't scare me. There's nothing left to scare.	자네는 날 겁줄 수 없어. 이제 무서워할 것도 남지 않았거든.	번역완료	batch RowID 2488-2687
2531	Data/NPCData/66.EDT	8	480	I'm thinking I should check in with my wife.	아내한테 가봐야 할 것 같아.	번역완료	batch RowID 2488-2687
2532	Data/NPCData/66.EDT	9	480	I need to get medi...a doctor.	의무병... 아니, 의사가 필요해.	번역완료	batch RowID 2488-2687
2533	Data/NPCData/66.EDT	10	480	I ain't got time.	시간 없어.	번역완료	batch RowID 2488-2687
2534	Data/NPCData/66.EDT	11	480	I ain't got nothing to say to you, until you pay me the money you owe me.	내게 빚진 돈부터 갚기 전엔 자네한테 할 말 없어.	번역완료	batch RowID 2488-2687
2535	Data/NPCData/66.EDT	12	480	I'm sure I can put that to use.	이건 분명 쓸 데가 있을 거야.	번역완료	batch RowID 2488-2687
2536	Data/NPCData/66.EDT	13	480	Could be my chance to watch the bitch die. Ya...I got a score to settle.	그년이 죽는 걸 직접 볼 기회일지도 모르지. 그래... 갚아줄 빚이 있어.	번역완료	batch RowID 2488-2687
2537	Data/NPCData/66.EDT	14	480	What do say to fifty bucks a day? Something to send back to the wife and put food in my mouth along the way. I'm pretty good at jimming doors. Could get ya into alot of places.	하루 50달러면 어때? 아내한테 좀 보내고 나도 먹고살 수 있을 정도면 돼. 문 따는 건 꽤 잘해. 자네를 많은 곳에 들여보내줄 수 있어.	번역완료	batch RowID 2488-2687
2538	Data/NPCData/66.EDT	15	480	I've was caged up for over a month. A month longer than most people imprisoned in Tixa. They usually don't make it past the first day!	한 달 넘게 갇혀 있었어. 틱사에 갇힌 대부분 사람보다 한 달은 더 버틴 셈이지. 보통 첫날도 못 넘기거든!	번역완료	batch RowID 2488-2687
2539	Data/NPCData/66.EDT	16	480	My crime? I was told to attend one of Queen's speeches and to clap loudly. My kid got sick, and I forgot all about it. They came for me the same night.	내 죄가 뭐냐고? 여왕 연설에 참석해서 크게 박수치라는 지시를 받았어. 그런데 아이가 아파서 까맣게 잊었지. 그날 밤 바로 날 잡으러 왔어.	번역완료	batch RowID 2488-2687
2540	Data/NPCData/66.EDT	17	480	When I told the authorities what happened, they shot and killed my four year old son right in front of me, just so it wouldn't happen again.	당국에 무슨 일이 있었는지 말했더니 다시는 그런 일이 없게 하겠다며 네 살배기 아들을 내 눈앞에서 쏴 죽였어.	번역완료	batch RowID 2488-2687
2541	Data/NPCData/66.EDT	18	480	I know you're busy. Ya got a war to fight and all. I should be grateful just for the chance to breath air, but I'm hurtin' bad and could use some bandaging...	바쁜 거 알아. 전쟁도 치러야 하고. 살아서 공기 마실 기회만으로도 고마워해야겠지만, 몸이 너무 아파서 붕대라도 좀 감아줬으면 해...	번역완료	batch RowID 2488-2687
2542	Data/NPCData/66.EDT	19	480	Thanks. Feeling better already.	고마워. 벌써 좀 나아진 것 같아.	번역완료	batch RowID 2488-2687
2543	Data/NPCData/66.EDT	20	480	Only reason I'm probably still alive is that my brother runs the mining operation in Grumm. That was enough to make sure the guards brought me my food first. There was never enough go around.	내가 아직 살아 있는 건 아마 형이 그룸 광산을 맡고 있기 때문일 거야. 그 덕에 경비들이 먹을 걸 먼저 가져다줬지. 음식은 늘 턱없이 부족했어.	번역완료	batch RowID 2488-2687
2544	Data/NPCData/66.EDT	21	480	Grumm might know stuff, etc. A bunch of quest quotes would go either here or in his Tactical quote file.	그룸 쪽에서 뭔가 정보를 알 수도 있고, 기타 등등. 퀘스트 대사 여러 개가 여기나 그의 전술 대사 파일에 들어갈 예정.	번역완료	batch RowID 2488-2687
2545	Data/NPCData/66.EDT	22	480				
2546	Data/NPCData/66.EDT	23	480				
2547	Data/NPCData/66.EDT	24	480				
2548	Data/NPCData/66.EDT	25	480				
2549	Data/NPCData/66.EDT	26	480				
2550	Data/NPCData/66.EDT	27	480				
2551	Data/NPCData/66.EDT	28	480				
2552	Data/NPCData/66.EDT	29	480				
2553	Data/NPCData/66.EDT	30	480				
2554	Data/NPCData/67.EDT	1	480	Breeham Druz. Dynamo calls me Shank.	브리엄 드루즈. 다이너모는 날 섕크라고 불러.	번역완료	batch RowID 2488-2687
2555	Data/NPCData/67.EDT	2	480	How you doing? Thanks to you, I'm doing a lot better.	어떻게 지내? 자네 덕분에 난 훨씬 나아졌어.	번역완료	batch RowID 2488-2687
2556	Data/NPCData/67.EDT	3	480	It be nice to be able to sleep through a night.	밤새 푹 잘 수 있으니 좋군.	번역완료	batch RowID 2488-2687
2557	Data/NPCData/67.EDT	4	480	It was like God sent you. You can't believe how grateful I am.	마치 신이 자네를 보내준 것 같았어. 내가 얼마나 고마운지 모를 거야.	번역완료	batch RowID 2488-2687
2558	Data/NPCData/67.EDT	5	480	Getting me out a prison was enough. You keep it.	감옥에서 꺼내준 것만으로 충분해. 자네가 가져.	번역완료	batch RowID 2488-2687
2559	Data/NPCData/67.EDT	6	480	Promise me, you'll see to it that Deidranna suffers.	데이드라나가 반드시 고통받게 해주겠다고 약속해.	번역완료	batch RowID 2488-2687
2560	Data/NPCData/67.EDT	7	480	I told you everything. I swear!	말할 건 다 말했어. 맹세해!	번역완료	batch RowID 2488-2687
2561	Data/NPCData/67.EDT	8	480	It's not that I don't want to. I'm just not much of a soldier.	싫어서 그러는 게 아니야. 난 그냥 군인 체질이 아니거든.	번역완료	batch RowID 2488-2687
2562	Data/NPCData/67.EDT	9	480	I can't deal with this... The pain's...painful.	못 견디겠어... 통증이... 너무 아파.	번역완료	batch RowID 2488-2687
2563	Data/NPCData/67.EDT	10	480	I need time alone.	혼자 있을 시간이 필요해.	번역완료	batch RowID 2488-2687
2564	Data/NPCData/67.EDT	11	480	I'd appreciate the money you still owe me. Until then, I haven't really much to say to you.	아직 내게 줄 돈이 남아 있잖아. 그걸 받기 전엔 자네한테 별로 할 말이 없어.	번역완료	batch RowID 2488-2687
2565	Data/NPCData/67.EDT	12	480	Money's always good.	돈은 언제나 좋지.	번역완료	batch RowID 2488-2687
2566	Data/NPCData/67.EDT	13	480	Gettin' back at those responsible for putting me in Tixa? Sounds like a decent proposition to me. I'll try not to get in the way.	날 틱사에 처넣은 놈들에게 복수한다고? 괜찮은 제안 같은데. 방해되지 않게 해볼게.	번역완료	batch RowID 2488-2687
2567	Data/NPCData/67.EDT	14	480	This is kinda ackward... But do you think ya could spare twenty bucks a day, just so I'm not moochin' off everybody? I'm a pretty damn good knife thrower. Use to even do it blindfolded just for kicks at parties.	좀 민망한데... 남들한테 빌붙지 않을 정도로 하루 20달러만 줄 수 있을까? 나 칼 던지는 건 꽤 잘해. 예전엔 파티에서 재미로 눈 가리고도 던졌지.	번역완료	batch RowID 2488-2687
2568	Data/NPCData/67.EDT	15	480	All right! Now what can I do for you?	좋아! 이제 내가 뭘 해주면 돼?	번역완료	batch RowID 2488-2687
2569	Data/NPCData/67.EDT	16	480	You must be part of that group of mercenaries we've been hearing about. Ya guys are going save our country, I know it... You've already saved me.	자네가 우리가 듣던 그 용병들 중 하나군. 자네들이 우리 나라를 구할 거야, 난 알아... 이미 날 구해줬잖아.	번역완료	batch RowID 2488-2687
2570	Data/NPCData/67.EDT	17	480	Gordon has lost his mind. They beat that poor guy to a pulp, then let him recover enough so they could beat him again. It's best to just leave him alone.	고든은 제정신이 아니야. 불쌍한 사람을 반죽음이 되도록 패고, 다시 팰 수 있을 만큼 회복시키고 또 팼어. 그냥 혼자 두는 게 좋아.	번역완료	batch RowID 2488-2687
2571	Data/NPCData/67.EDT	18	480	I consider myself lucky. I only spent a couple of days in Tixa. Which is nothing compared to Dynamo Duncan. He's an oldtimer. Don't know how he survived.	난 운이 좋았다고 생각해. 틱사에 며칠밖에 안 있었거든. 다이너모 덩컨에 비하면 아무것도 아니지. 그는 오래 갇혀 있었어. 어떻게 살아남았는지 모르겠어.	번역완료	batch RowID 2488-2687
2572	Data/NPCData/67.EDT	19	480	You want to know why I'm in Tixa? Because of my parents. Turned me in for growing a couple of plants. Their rich, and their friends with the Queen. Just like everyone else who lives in Balime.	내가 왜 틱사에 왔는지 궁금해? 부모 때문이야. 대마 몇 포기 키웠다고 날 신고했어. 부자에다 여왕과 친하지. 발리메 사는 인간들이 다 그렇듯이.	번역완료	batch RowID 2488-2687
2573	Data/NPCData/67.EDT	20	480	I hate them! All of them! Got their wealth from the suffering of others. I'd think nothing of killing 'em. That goes double for my old man and old lady.	난 그들이 싫어! 전부 다! 남들 고통으로 부자가 된 놈들이야. 죽여도 눈 하나 깜짝 안 할 거야. 특히 우리 아버지와 어머니는 더 그렇고.	번역완료	batch RowID 2488-2687
2574	Data/NPCData/67.EDT	21	480				
2575	Data/NPCData/67.EDT	22	480				
2576	Data/NPCData/67.EDT	23	480				
2577	Data/NPCData/67.EDT	24	480				
2578	Data/NPCData/67.EDT	25	480				
2579	Data/NPCData/67.EDT	26	480				
2580	Data/NPCData/67.EDT	27	480				
2581	Data/NPCData/67.EDT	28	480				
2582	Data/NPCData/67.EDT	29	480				
2583	Data/NPCData/67.EDT	30	480				
2584	Data/NPCData/97.EDT	1	480	What do you want?	뭘 원해?	번역완료	batch RowID 2488-2687
2585	Data/NPCData/97.EDT	2	480	What's up, Cap?	무슨 일이야, 대장?	번역완료	batch RowID 2488-2687
2586	Data/NPCData/97.EDT	3	480	Been thinkin' that maybe I should get the heck out of Arulco.	아룰코에서 그냥 떠나버릴까 생각 중이야.	번역완료	batch RowID 2488-2687
2587	Data/NPCData/97.EDT	4	480	Heck a of country from a bird's eye.	하늘에서 보면 끝내주는 나라지.	번역완료	batch RowID 2488-2687
2588	Data/NPCData/97.EDT	5	480	Can't see a use for that, Cap.	그게 어디에 쓸모 있는진 모르겠는데, 대장.	번역완료	batch RowID 2488-2687
2589	Data/NPCData/97.EDT	6	480	You're talkin' to the only guy left in Arulco who can fly an chopper.	지금 자네가 말하는 사람은 아룰코에서 헬기를 몰 수 있는 유일한 남자야.	번역완료	batch RowID 2488-2687
2590	Data/NPCData/97.EDT	7	480	Tone her down there, Cap.	목소리 좀 낮춰, 대장.	번역완료	batch RowID 2488-2687
2591	Data/NPCData/97.EDT	8	480	Got a problem with bosses, Cap. Only do contract work.	난 상사 있는 걸 못 견뎌, 대장. 계약 일만 해.	번역완료	batch RowID 2488-2687
2592	Data/NPCData/97.EDT	9	480	I need help... First aid...	도움이 필요해... 응급처치...	번역완료	batch RowID 2488-2687
2593	Data/NPCData/97.EDT	10	480	Not lookin' to chew it now, Cap.	지금은 얘기할 기분 아니야, 대장.	번역완료	batch RowID 2488-2687
2594	Data/NPCData/97.EDT	11	480	Money's always cool, Cap!	돈은 언제나 환영이지, 대장!	번역완료	batch RowID 2488-2687
2595	Data/NPCData/97.EDT	12	480	You're grounded, Cap, till I see my money.	내 돈 보기 전까진 자네도 비행 금지야, 대장.	번역완료	batch RowID 2488-2687
2596	Data/NPCData/97.EDT	13	480	Skyrider. That's what they call me. Ain't nobody around here that can fly an eggbeater like me.	스카이라이더. 다들 날 그렇게 불러. 이 근방에서 나만큼 헬기를 모는 사람은 없어.	번역완료	batch RowID 2488-2687
2597	Data/NPCData/97.EDT	14	480	Sorry about being a little abrupt there. Been hanging low. Queen's looking for me to be part of her air force. Pays dink and the hours are long. Plus I can't stand her...on a personal level.	아까 좀 퉁명스러웠다면 미안해. 숨어 지내는 중이거든. 여왕이 날 공군에 끌어들이려고 찾아다녀. 돈은 쥐꼬리고 근무시간은 길지. 게다가 난 그 여자를... 개인적으로 정말 싫어해.	번역완료	batch RowID 2488-2687
2598	Data/NPCData/97.EDT	15	480	You get me to my eggbeater in Drassen, Cap, and we might be able to work out some business.	드라센에 있는 내 헬기까지 데려다주면, 대장, 우리끼리 사업 얘기를 좀 해볼 수 있겠어.	번역완료	batch RowID 2488-2687
2599	Data/NPCData/97.EDT	16	480	There's my baby. She looks just fine, Cap. We're in business...	저기 내 애마가 있군. 멀쩡해 보여, 대장. 이제 장사할 수 있겠어...	번역완료	batch RowID 2488-2687
2600	Data/NPCData/97.EDT	17	480	Here's the story. I charge by distance and risk. I'll get ya where ever ya want to go as long as I got enough fuel to get my butt back. I do EVACS too.	이런 식이야. 거리와 위험도에 따라 돈을 받아. 내 엉덩이까지 돌아올 연료만 충분하면 어디든 데려다주지. 긴급 후송도 해.	번역완료	batch RowID 2488-2687
2601	Data/NPCData/97.EDT	18	480	But I don't do anything in unfriendly zones. I'll drop you off or pick you up as close as possible. It's my policy, think before ya book. Works for me...ya can make it work for you.	하지만 적대 지역엔 절대 안 들어가. 가능한 한 가까운 곳에 내려주거나 데리러 가지. 내 원칙은 예약 전에 생각하라는 거야. 나한텐 잘 통하니... 자네도 맞춰 쓰면 돼.	번역완료	batch RowID 2488-2687
2602	Data/NPCData/97.EDT	19	480	I'll be looking to get paid when the trip's over. Ya don't pay me, you're walking around Arulco.	비행이 끝나면 바로 돈 받을 거야. 안 주면 아룰코를 걸어다니게 될걸.	번역완료	batch RowID 2488-2687
2603	Data/NPCData/97.EDT	20	480	If that's workable for you, Cap, you make contact when you need me. Together we'll fry that broad's butt!	그 조건 괜찮으면 필요할 때 연락해, 대장. 같이 그 여자 엉덩이를 지져버리자고!	번역완료	batch RowID 2488-2687
2604	Data/NPCData/97.EDT	21	480	Got a couple of concerns, Cap. The Queen's got SAM sites spread out across the country. We take to the skies, the broad's got the means to blow us the heck out of 'em.	걱정되는 게 몇 가지 있어, 대장. 여왕이 전국에 SAM 기지를 깔아놨어. 하늘로 올라가면 우리를 날려버릴 수단이 있다는 거지.	번역완료	batch RowID 2488-2687
2605	Data/NPCData/97.EDT	22	480	Makes the risk higher, Cap. High risk, big fee. I know she's got a SAM site to the east of Drassen. Takin' it out would lower your costs and... well, help keep my pretty boy butt intact.	그러면 위험이 커져, 대장. 위험이 크면 요금도 커지고. 드라센 동쪽에 SAM 기지 하나 있는 건 알아. 그걸 없애면 비용도 내려가고... 뭐, 내 잘생긴 엉덩이도 멀쩡히 지킬 수 있지.	번역완료	batch RowID 2488-2687
2606	Data/NPCData/97.EDT	23	480	Good work, Cap. Taking out the SAM site bought us some room to play.	잘했어, 대장. SAM 기지를 없애서 움직일 공간이 좀 생겼군.	번역완료	batch RowID 2488-2687
2607	Data/NPCData/97.EDT	24	480	Skyrider, here. What's your plans for the bird?	스카이라이더다. 헬기는 어떻게 할 생각이야?	번역완료	batch RowID 2488-2687
2608	Data/NPCData/97.EDT	25	480	Oh, yeah...before we get into that, Cap. I've been asking around...doing some legwork for ya. Managed to get the locations of the rest Sam sites.	아, 맞다... 그 얘기 전에 말해줄 게 있어, 대장. 여기저기 물어보고... 자네 대신 좀 뛰어다녔지. 나머지 SAM 기지 위치를 알아냈어.	번역완료	batch RowID 2488-2687
2609	Data/NPCData/97.EDT	26	480	There's one slightly south Chitzena, another north-west of Tixa, and she's got one in the capital city of Meduna. Best I can figure that's all of them. No need to thank me. Where is it ya wanted to go?	하나는 치트제나에서 약간 남쪽, 또 하나는 틱사 북서쪽, 그리고 수도 메두나에도 하나 있어. 내가 알아본 바로는 그게 전부야. 고맙다는 말은 됐고. 어디 가고 싶다고 했지?	번역완료	batch RowID 2488-2687
2610	Data/NPCData/97.EDT	27	480	Hold on, don't tell me, I got something to tell you. Cleaning up Estoni offers us a new option. They got fuel and clearings. No reason we can be using it to refuel. Give us more range...	잠깐, 말하지 마. 내가 먼저 알려줄 게 있어. 에스토니를 정리한 덕분에 새 선택지가 생겼어. 거긴 연료도 있고 착륙할 빈터도 있어. 거기서 급유 못 할 이유가 없지. 항속거리도 늘어나고...	번역완료	batch RowID 2488-2687
2611	Data/NPCData/97.EDT	28	480	That's big roger, Cap.	확인 완료, 대장.	번역완료	batch RowID 2488-2687
2612	Data/NPCData/97.EDT	29	480	I'll never make it there and back on a tank of fuel, Cap.	연료 한 탱크로 거기까지 갔다 돌아오는 건 절대 못 해, 대장.	번역완료	batch RowID 2488-2687
2613	Data/NPCData/97.EDT	30	480	Gonna have to abort, Cap. Destination's got unfriendlies. I'll wait for new orders.	임무 취소해야겠어, 대장. 목적지에 적이 있어. 새 지시를 기다릴게.	번역완료	batch RowID 2488-2687
2614	Data/NPCData/98.EDT	1	480	I'm Pablo Greco. What do you want?	난 파블로 그레코야. 원하는 게 뭐야?	번역완료	batch RowID 2488-2687
2615	Data/NPCData/98.EDT	2	480	You again.	또 너군.	번역완료	batch RowID 2488-2687
2616	Data/NPCData/98.EDT	3	480	Ya... It's nice talking to you, but I got a lot of friends. What I never got enough of is spending money.	그래... 너랑 얘기하는 건 좋지만 친구는 이미 많아. 늘 부족한 건 쓸 돈이지.	번역완료	batch RowID 2488-2687
2617	Data/NPCData/98.EDT	4	480	I never stop, I tell you. Pace around here would bury someone like you.	난 쉴 틈이 없어. 여기 일 속도라면 너 같은 사람은 묻혀버릴걸.	번역완료	batch RowID 2488-2687
2618	Data/NPCData/98.EDT	5	480	I already got enough stuff to keep track of.	이미 챙길 물건이 너무 많아.	번역완료	batch RowID 2488-2687
2619	Data/NPCData/98.EDT	6	480	I really don't care who you are or why you're here.	네가 누군지, 왜 여기 있는지 난 정말 관심 없어.	번역완료	batch RowID 2488-2687
2620	Data/NPCData/98.EDT	7	480	Relax...	진정해...	번역완료	batch RowID 2488-2687
2621	Data/NPCData/98.EDT	8	480	Nah...	싫어...	번역완료	batch RowID 2488-2687
2622	Data/NPCData/98.EDT	9	480	It hurts... I fraggin' hurt.	아파... 빌어먹게 아프다고.	번역완료	batch RowID 2488-2687
2623	Data/NPCData/98.EDT	10	480	I got a lot of work to do.	할 일이 산더미야.	번역완료	batch RowID 2488-2687
2624	Data/NPCData/98.EDT	11	480	Coffee money. Help me keep my eyes open, if you know what I mean.	커피값이지. 무슨 말인지 알지? 눈 좀 뜨고 있게 도와주는 돈.	번역완료	batch RowID 2488-2687
2625	Data/NPCData/98.EDT	12	480	Well...Whatever you were expecting, isn't here. You can try again tomorrow.	뭐... 네가 뭘 기대했든 여기엔 없어. 내일 다시 와봐.	번역완료	batch RowID 2488-2687
2626	Data/NPCData/98.EDT	13	480	Ya... I got something for you.	그래... 너한테 줄 게 있어.	번역완료	batch RowID 2488-2687
2627	Data/NPCData/98.EDT	14	480	A small package came in...just hope I didn't misplace it somewhere...	작은 소포 하나가 왔어... 어디다 잘못 둔 건 아니었으면 좋겠는데...	번역완료	batch RowID 2488-2687
2628	Data/NPCData/98.EDT	15	480	If I remember right it was a decent size, too...	기억이 맞다면 크기도 꽤 됐어...	번역완료	batch RowID 2488-2687
2629	Data/NPCData/98.EDT	16	480	It's fraggin' heavy, too. Nearly pulled out my back. You movin' down here, or something?	무겁기도 엄청 무겁더군. 허리 나갈 뻔했어. 여기로 이사라도 오는 거야?	번역완료	batch RowID 2488-2687
2630	Data/NPCData/98.EDT	17	480	And, ah... In case you're not aware, I'm, ah...we're not responsible for anything that might be missing.	그리고, 어... 혹시 모르고 있을까 봐 말하는데, 난, 어... 우리는 없어진 물건에 대해 책임 안 져.	번역완료	batch RowID 2488-2687
2631	Data/NPCData/98.EDT	18	480	It wasn't me I swear.	내가 아니야, 맹세해.	번역완료	batch RowID 2488-2687
2632	Data/NPCData/98.EDT	19	480	You don't scare me. I don't care what you do to me. I don't know nothing about your missing stuff.	네가 겁줘도 소용없어. 날 어떻게 해도 상관없어. 네 물건 없어진 건 난 아무것도 몰라.	번역완료	batch RowID 2488-2687
2633	Data/NPCData/98.EDT	20	480	Okay...ah... Don't go crazy on me. I'll see what I can do... I'll ask around. But I'll need time, maybe you can come back tomorrow.	알았어... 어... 미친 짓은 하지 마. 내가 어떻게든 해볼게... 여기저기 물어보지. 하지만 시간이 좀 필요해. 내일 다시 와.	번역완료	batch RowID 2488-2687
2634	Data/NPCData/98.EDT	21	480	I have good news for you. It wasn't easy, but I managed to find your missing stuff. Even threw in a couple of extra things I found lying around just to make up for the inconvenience.	좋은 소식이 있어. 쉽진 않았지만 없어진 물건을 찾았어. 불편 끼친 보상으로 주변에 굴러다니던 물건 몇 개도 덤으로 넣었지.	번역완료	batch RowID 2488-2687
2635	Data/NPCData/98.EDT	22	480	A lot of people come in and out of here, you know. I can't be babysitting your shipments. Well... At least not for free.	여긴 사람이 워낙 많이 드나들어. 내가 네 화물을 애 봐주듯 지키고 있을 순 없잖아. 뭐... 적어도 공짜로는.	번역완료	batch RowID 2488-2687
2636	Data/NPCData/98.EDT	23	480				
2637	Data/NPCData/98.EDT	24	480				
2638	Data/NPCData/98.EDT	25	480				
2639	Data/NPCData/98.EDT	26	480				
2640	Data/NPCData/98.EDT	27	480				
2641	Data/NPCData/98.EDT	28	480				
2642	Data/NPCData/98.EDT	29	480				
2643	Data/NPCData/98.EDT	30	480				
2644	Data/NPCData/A2.EDT	1	320	Please be respectful of the ruins. They are a gift from our ancestors.	유적을 존중해 주세요. 우리 조상들이 남긴 선물입니다.	번역완료	batch RowID 2488-2687
2645	Data/NPCData/A2.EDT	2	320	Believe it or not, there was a time when there was so many tourists visiting the ruins that moving around Chitzena was next to impossible.	믿기 어렵겠지만, 예전엔 유적을 보러 온 관광객이 너무 많아 치트제나 안에서 움직이기조차 힘들었던 때가 있었습니다.	번역완료	batch RowID 2488-2687
2646	Data/NPCData/A2.EDT	3	320	Chitzena is not the same without the Chalice of Chance. Losing such an artifact was to lose our very souls.	행운의 황금 성배가 없는 치트제나는 예전과 같지 않습니다. 그런 유물을 잃는 건 우리의 영혼 자체를 잃는 것과 같았죠.	번역완료	batch RowID 2488-2687
2647	Data/NPCData/A2.EDT	4	320				
2648	Data/NPCData/A2.EDT	5	320				
2649	Data/NPCData/B13.EDT	1	320	You do business at airport, you want to keep eye on Pablo. He is thief.	공항에서 거래할 거면 파블로를 잘 감시해야 해요. 도둑이니까.	번역완료	batch RowID 2488-2687
2650	Data/NPCData/B13.EDT	2	320	Ya meet my nephew, Waldo, yet? He's quite the mechanic. Pretty proud of the boy. He's the only helicopter mechanic in all of Arulco.	내 조카 왈도는 만나봤나? 솜씨 좋은 정비사지. 자랑스러운 녀석이야. 아룰코에서 유일한 헬리콥터 정비사거든.	번역완료	batch RowID 2488-2687
2651	Data/NPCData/B13.EDT	3	320	You'd do this town one big favor if you took care of that Doreen. She's got most of Drassen's children slaving in her sweatshop.	도린을 처리해주면 이 마을에 큰 도움이 될 거야. 드라센 아이들 대부분을 자기 작업장에서 노예처럼 부리고 있거든.	번역완료	batch RowID 2488-2687
2652	Data/NPCData/B13.EDT	4	320				
2653	Data/NPCData/B13.EDT	5	320				
2654	Data/NPCData/B2.EDT	1	320	I was once a guide in the mine. Chitzena has a small mine, but the tourists liked to visit it anyway.	난 예전에 광산 안내원이었어요. 치트제나 광산은 작지만 관광객들은 그래도 구경하길 좋아했죠.	번역완료	batch RowID 2488-2687
2655	Data/NPCData/B2.EDT	2	320	I hope trouble does not follow you. Chitzena is far enough away to not be in the middle of Arulco's problems.	당신을 따라 문제가 여기까지 오지 않았으면 좋겠군요. 치트제나는 아룰코의 문제 한복판에서 충분히 멀리 떨어져 있으니까요.	번역완료	batch RowID 2488-2687
2656	Data/NPCData/B2.EDT	3	320				
2657	Data/NPCData/B2.EDT	4	320				
2658	Data/NPCData/B2.EDT	5	320				
2659	Data/NPCData/C13.EDT	1	320	There is a man named Perko in Cambria. He can repair almost anything. I do not know if this information is useful to you.	캄브리아에 페르코라는 사람이 있어요. 거의 뭐든 수리할 수 있죠. 이 정보가 도움이 될지는 모르겠지만요.	번역완료	batch RowID 2488-2687
2660	Data/NPCData/C13.EDT	2	320	I give advice. Stay away from San Mona. It is a very bad town. It is full of sinners.	충고 하나 할게요. 산 모나에는 가지 마세요. 아주 나쁜 도시예요. 죄인들로 가득하죠.	번역완료	batch RowID 2488-2687
2661	Data/NPCData/C13.EDT	3	320	There is evil in our town. It is Doreen. She forces our children to work for nothing. We would like very much for this woman to leave... forever.	우리 마을에는 악한 사람이 있어요. 도린입니다. 아이들을 공짜로 부려먹죠. 우리는 그 여자가 떠났으면 합니다... 영원히.	번역완료	batch RowID 2488-2687
2662	Data/NPCData/C13.EDT	4	320	I'm really concerned about Father Walker. Deidranna has really depressed him. He spends more time in the bar than in his church.	워커 신부님이 정말 걱정돼요. 데이드라나 때문에 크게 낙담하셨어요. 교회보다 술집에서 보내는 시간이 더 많을 정도죠.	번역완료	batch RowID 2488-2687
2663	Data/NPCData/C13.EDT	5	320	Do you also hideout in the swamp house northeast of here?	당신도 여기서 북동쪽 늪지의 집에 숨어 지내나요?	번역완료	batch RowID 2488-2687
2664	Data/NPCData/C13.EDT	6	320	Do you stay in that swamp house directly east of here?	당신은 여기서 바로 동쪽 늪지의 그 집에 머무나요?	번역완료	batch RowID 2488-2687
2665	Data/NPCData/C13.EDT	7	320	Do you come from that swamp house southeast of here?	당신은 여기서 남동쪽 늪지의 그 집에서 왔나요?	번역완료	batch RowID 2488-2687
2666	Data/NPCData/C13.EDT	8	320	Is your hideout that house in the swamp southwest of here?	당신 은신처가 여기서 남서쪽 늪지에 있는 그 집인가요?	번역완료	batch RowID 2488-2687
2667	Data/NPCData/C5.EDT	1	320	Beware of Kingpin. He is ruthless. He makes a LOT of money from people like you.	킹핀을 조심해요. 무자비한 사람이에요. 당신 같은 사람들한테서 엄청난 돈을 벌죠.	번역완료	batch RowID 2488-2687
2668	Data/NPCData/C5.EDT	2	320	Psssst. There is a man, Tony, he deals in guns. You will find him in the back of one of the shops. You didn't hear this from me.	쉿. 토니라는 남자가 있는데 총을 거래해요. 가게들 중 한 곳 뒤쪽에서 찾을 수 있을 거예요. 내가 말했다고 하진 마요.	번역완료	batch RowID 2488-2687
2669	Data/NPCData/C5.EDT	3	320	Balime is where all the rich people are. We hate them. They are very snobby.	발리메는 부자들이 사는 곳이에요. 우린 그들을 싫어해요. 정말 잘난 척하거든요.	번역완료	batch RowID 2488-2687
2670	Data/NPCData/C6.EDT	1	320	If you guys are interested in tattoos there is a shop to the west of here.	문신에 관심 있으면 여기 서쪽에 가게가 하나 있어요.	번역완료	batch RowID 2488-2687
2671	Data/NPCData/C6.EDT	2	320	A man named Kingpin runs this town. He runs a club south  west of here where people can fight for money at night.	킹핀이라는 남자가 이 도시를 지배해요. 여기서 남서쪽에 클럽을 하나 운영하는데, 밤이면 사람들이 돈을 걸고 싸울 수 있죠.	번역완료	batch RowID 2488-2687
2672	Data/NPCData/C6.EDT	3	320	A man named Angel is working on a special type of protective leather jacket that you may be interested in.	엔젤이라는 남자가 특수한 보호용 가죽 재킷을 만들고 있어요. 관심 있을지도 모르겠네요.	번역완료	batch RowID 2488-2687
2673	Data/NPCData/C6.EDT	4	320				
2674	Data/NPCData/CIV00.EDT	1	320	My family is starving.	우리 가족이 굶고 있어요.	번역완료	batch RowID 2488-2687
2675	Data/NPCData/CIV00.EDT	2	320	I am starving.	저는 굶고 있어요.	번역완료	batch RowID 2488-2687
2676	Data/NPCData/CIV00.EDT	3	320	My life is a shambles.	제 인생은 엉망이에요.	번역완료	batch RowID 2488-2687
2677	Data/NPCData/CIV00.EDT	4	320	I have very little means to survive.	살아갈 방법이 거의 없어요.	번역완료	batch RowID 2488-2687
2678	Data/NPCData/CIV00.EDT	5	320	I used to work for a living, now I beg.	예전엔 일해서 먹고살았지만, 이젠 구걸해요.	번역완료	batch RowID 2488-2687
2679	Data/NPCData/CIV00.EDT	6	320	I'm poor.	저는 가난해요.	번역완료	batch RowID 2488-2687
2680	Data/NPCData/CIV00.EDT	7	320	I need money for food.	먹을 걸 살 돈이 필요해요.	번역완료	batch RowID 2488-2687
2681	Data/NPCData/CIV00.EDT	8	320	Do you have any food to spare?	남는 음식이 있나요?	번역완료	batch RowID 2488-2687
2682	Data/NPCData/CIV00.EDT	9	320	I'm sorry... but I'm hungry.	미안해요... 하지만 너무 배고파요.	번역완료	batch RowID 2488-2687
2683	Data/NPCData/CIV00.EDT	10	320	I must eat soon.	곧 뭐라도 먹어야 해요.	번역완료	batch RowID 2488-2687
2684	Data/NPCData/CIV00.EDT	11	320	I hope you can change this country. I don't want to be a beggar forever.	당신이 이 나라를 바꿔줬으면 좋겠어요. 평생 거지로 살고 싶진 않아요.	번역완료	batch RowID 2488-2687
2685	Data/NPCData/CIV00.EDT	12	320	I need to buy medicine for my daughter.	딸 약을 사야 해요.	번역완료	batch RowID 2488-2687
2686	Data/NPCData/CIV00.EDT	13	320	I wish I was healthy like you.	당신처럼 건강했으면 좋겠어요.	번역완료	batch RowID 2488-2687
2687	Data/NPCData/CIV00.EDT	14	320	Please don't hurt me - I'm only a beggar.	제발 해치지 마세요. 전 그냥 거지일 뿐이에요.	번역완료	batch RowID 2488-2687
2688	Data/NPCData/CIV00.EDT	15	320	I am so tired of begging for food.	먹을 걸 구걸하는 것도 이제 너무 지쳤어요.	번역완료	batch RowID 2688-2887
2689	Data/NPCData/CIV01.EDT	1	320	My mommy is sick. Can you give me money to eat please.	엄마가 아파요. 먹을 거 살 돈 좀 주세요.	번역완료	batch RowID 2688-2887
2690	Data/NPCData/CIV01.EDT	2	320	I live in street.	전 길거리에서 살아요.	번역완료	batch RowID 2688-2887
2691	Data/NPCData/CIV01.EDT	3	320	Have a dollar, army?	군인 아저씨, 1달러 있어요?	번역완료	batch RowID 2688-2887
2692	Data/NPCData/CIV01.EDT	4	320	Ya got any money?	돈 좀 있어요?	번역완료	batch RowID 2688-2887
2693	Data/NPCData/CIV01.EDT	5	320	Please be kind... I need money.	제발 도와주세요... 돈이 필요해요.	번역완료	batch RowID 2688-2887
2694	Data/NPCData/CIV01.EDT	6	320	Excuse me. I very hungry.	저기요. 저 너무 배고파요.	번역완료	batch RowID 2688-2887
2695	Data/NPCData/CIV01.EDT	7	320	Need money to buy toy.	장난감 살 돈이 필요해요.	번역완료	batch RowID 2688-2887
2696	Data/NPCData/CIV01.EDT	8	320	I no eat for two weeks.	저 2주 동안 아무것도 못 먹었어요.	번역완료	batch RowID 2688-2887
2697	Data/NPCData/CIV01.EDT	9	320	There be no food at my house.	우리 집엔 먹을 게 하나도 없어요.	번역완료	batch RowID 2688-2887
2698	Data/NPCData/CIV01.EDT	10	320	I'm hungry.	배고파요.	번역완료	batch RowID 2688-2887
2699	Data/NPCData/CIV01.EDT	11	320	Excuse me... Can ya give money?	저기요... 돈 좀 주실 수 있어요?	번역완료	batch RowID 2688-2887
2700	Data/NPCData/CIV01.EDT	12	320	Got coins? Please?	잔돈 있어요? 제발요?	번역완료	batch RowID 2688-2887
2701	Data/NPCData/CIV01.EDT	13	320	Got money for food?	먹을 거 살 돈 있어요?	번역완료	batch RowID 2688-2887
2702	Data/NPCData/CIV01.EDT	14	320	I must beg to eat.	먹으려면 구걸해야 해요.	번역완료	batch RowID 2688-2887
2703	Data/NPCData/CIV01.EDT	15	320	My daddy is dead. I ask for money please.	아빠가 죽었어요. 돈 좀 주세요, 제발요.	번역완료	batch RowID 2688-2887
2704	Data/NPCData/CIV02.EDT	1	320	You have to do something. Those gruesome bugs are eating us alive.	제발 어떻게 좀 해주세요. 그 끔찍한 벌레들이 사람을 산 채로 잡아먹고 있어요.	번역완료	batch RowID 2688-2887
2705	Data/NPCData/CIV02.EDT	2	320	Those beasts are everywhere!	그 괴물들이 사방에 있어요!	번역완료	batch RowID 2688-2887
2706	Data/NPCData/CIV02.EDT	3	320	The insects are eating people! I've seen it.	벌레들이 사람을 잡아먹어요! 제 눈으로 봤어요.	번역완료	batch RowID 2688-2887
2707	Data/NPCData/CIV02.EDT	4	320	Those god-awful bugs are everywhere.	그 끔찍한 벌레들이 사방에 널렸어요.	번역완료	batch RowID 2688-2887
2708	Data/NPCData/CIV02.EDT	5	320	Can't you do something about those insects?	그 벌레들 좀 어떻게 해줄 수 없어요?	번역완료	batch RowID 2688-2887
2709	Data/NPCData/CIV02.EDT	6	320	I heard those creatures ate someone else last night.	어젯밤에도 그 괴물들이 또 사람 하나를 잡아먹었다고 들었어요.	번역완료	batch RowID 2688-2887
2710	Data/NPCData/CIV02.EDT	7	320	You have to help us. The spiders are terrorizing us.	우리를 도와줘야 해요. 그 거미들 때문에 모두 공포에 떨고 있어요.	번역완료	batch RowID 2688-2887
2711	Data/NPCData/CIV02.EDT	8	320	I saw one... It was disgusting.	한 마리 봤어요... 정말 역겨웠어요.	번역완료	batch RowID 2688-2887
2712	Data/NPCData/CIV02.EDT	9	320	If you really cared about us, you'd do something about those beasts.	정말 우리를 생각한다면 그 괴물들을 어떻게든 해주세요.	번역완료	batch RowID 2688-2887
2713	Data/NPCData/CIV02.EDT	10	320	The town barely sleeps. The threat of a attack from those creatures terrifies us.	마을 사람들은 잠도 제대로 못 자요. 언제 그 괴물들이 습격할지 몰라 모두 겁에 질려 있어요.	번역완료	batch RowID 2688-2887
2714	Data/NPCData/CIV02.EDT	11	320	I've heard the bugs are as big as we are... It can't be true.	벌레들이 사람만큼 크다던데... 설마 사실일 리 없겠죠.	번역완료	batch RowID 2688-2887
2715	Data/NPCData/CIV02.EDT	12	320	Is it true? Do giant bugs kill people at night?	정말이에요? 밤마다 거대한 벌레들이 사람을 죽인다는 게?	번역완료	batch RowID 2688-2887
2716	Data/NPCData/CIV02.EDT	13	320	Between you and me, I find this whole creature thing hard to swallow.	솔직히 말하면, 그 괴물 얘기는 도저히 믿기 힘들어요.	번역완료	batch RowID 2688-2887
2717	Data/NPCData/CIV02.EDT	14	320	You are the only ones capable of stopping the giant spiders, you must do something.	거대한 거미들을 막을 수 있는 건 당신들뿐이에요. 제발 어떻게 좀 해주세요.	번역완료	batch RowID 2688-2887
2718	Data/NPCData/CIV02.EDT	15	320	First the queen, and now the bugs. Haven't we suffered enough?	여왕도 모자라 이젠 벌레까지. 우리가 아직도 덜 고생했나요?	번역완료	batch RowID 2688-2887
2719	Data/NPCData/CIV03.EDT	1	320	The spiders are gonna get me!	거미들이 날 잡으러 올 거야!	번역완료	batch RowID 2688-2887
2720	Data/NPCData/CIV03.EDT	2	320	Ya gotta help us. I'm really scared of those bugs.	도와줘요. 그 벌레들이 정말 무서워요.	번역완료	batch RowID 2688-2887
2721	Data/NPCData/CIV03.EDT	3	320	They're scary. Real scary... Those big spiders are bigger than me.	무서워요. 진짜 무서워요... 그 큰 거미들은 나보다도 커요.	번역완료	batch RowID 2688-2887
2722	Data/NPCData/CIV03.EDT	4	320	A big spider ate my mommy.	큰 거미가 우리 엄마를 잡아먹었어요.	번역완료	batch RowID 2688-2887
2723	Data/NPCData/CIV03.EDT	5	320	I have bad dreams of bad bugs.	나쁜 벌레들이 나오는 악몽을 꿔요.	번역완료	batch RowID 2688-2887
2724	Data/NPCData/CIV03.EDT	6	320	Are ya gonna kill the spiders?	거미들 죽여줄 거예요?	번역완료	batch RowID 2688-2887
2725	Data/NPCData/CIV03.EDT	7	320	I'm scared. Ya gotta do something about those things, soldier.	무서워요. 군인 아저씨, 그놈들 좀 어떻게 해줘요.	번역완료	batch RowID 2688-2887
2726	Data/NPCData/CIV03.EDT	8	320	My dad says there are no such thing as monsters.	아빠는 괴물 같은 건 없댔어요.	번역완료	batch RowID 2688-2887
2727	Data/NPCData/CIV03.EDT	9	320	Don't let them eat us...please.	우리 잡아먹게 두지 마요... 제발요.	번역완료	batch RowID 2688-2887
2728	Data/NPCData/CIV03.EDT	10	320	The bugs ate my auntie. And she was real big.	벌레들이 우리 이모를 잡아먹었어요. 이모는 덩치가 정말 컸는데도요.	번역완료	batch RowID 2688-2887
2729	Data/NPCData/CIV03.EDT	11	320	I don't want to die. Ya gotta do something.	죽기 싫어요. 제발 어떻게 좀 해줘요.	번역완료	batch RowID 2688-2887
2730	Data/NPCData/CIV03.EDT	12	320	I hear the bugs have really big teeth.	벌레들 이빨이 엄청 크대요.	번역완료	batch RowID 2688-2887
2731	Data/NPCData/CIV03.EDT	13	320	Are you gonna kill...kill them bugs for us?	우리 대신 그 벌레들... 주, 죽여줄 거예요?	번역완료	batch RowID 2688-2887
2732	Data/NPCData/CIV03.EDT	14	320	The spiders make me stay awake.	거미들 때문에 잠을 못 자요.	번역완료	batch RowID 2688-2887
2733	Data/NPCData/CIV03.EDT	15	320	They're big! Real Big!	엄청 커요! 진짜 엄청 크다고요!	번역완료	batch RowID 2688-2887
2734	Data/NPCData/CIV04.EDT	1	320	You have taken care of the beasts. We are all grateful.	괴물들을 처리해주셨군요. 모두 감사하고 있어요.	번역완료	batch RowID 2688-2887
2735	Data/NPCData/CIV04.EDT	2	320	No sign of the creatures. I am more relaxed now.	괴물들이 안 보여요. 이제 좀 마음이 놓이네요.	번역완료	batch RowID 2688-2887
2736	Data/NPCData/CIV04.EDT	3	320	Looks like ya squashed the bugs. People calling ya the exterminator.	벌레들을 싹 짓밟아버린 모양이군요. 사람들이 당신을 '벌레 박멸자'라고 불러요.	번역완료	batch RowID 2688-2887
2737	Data/NPCData/CIV04.EDT	4	320	Looks like those creatures are gone.	그 괴물들이 사라진 것 같아요.	번역완료	batch RowID 2688-2887
2738	Data/NPCData/CIV04.EDT	5	320	I no see bugs no more.	이제 벌레 안 보여요.	번역완료	batch RowID 2688-2887
2739	Data/NPCData/CIV04.EDT	6	320	I think we are safe from the evil creatures now.	이제 그 사악한 괴물들한테서 안전한 것 같아요.	번역완료	batch RowID 2688-2887
2740	Data/NPCData/CIV04.EDT	7	320	Ya musta killed all the insects. They no longer terrorize us.	벌레를 전부 죽였나 보군요. 이제 놈들 때문에 겁먹을 일은 없어요.	번역완료	batch RowID 2688-2887
2741	Data/NPCData/CIV04.EDT	8	320	The town is free of bugs. I think.	이제 마을엔 벌레가 없는 것 같아요. 아마도요.	번역완료	batch RowID 2688-2887
2742	Data/NPCData/CIV04.EDT	9	320	The nights are peaceful now. The creatures are gone.	이제 밤이 평화로워요. 괴물들이 사라졌으니까요.	번역완료	batch RowID 2688-2887
2743	Data/NPCData/CIV04.EDT	10	320	We are grateful that you have killed the beasts.	그 괴물들을 죽여줘서 정말 고마워요.	번역완료	batch RowID 2688-2887
2744	Data/NPCData/CIV04.EDT	11	320	The beasts no longer show themselves. Perhaps, they are all dead?	괴물들이 더는 나타나지 않네요. 혹시 전부 죽은 걸까요?	번역완료	batch RowID 2688-2887
2745	Data/NPCData/CIV04.EDT	12	320	Even the beasts are no match for you.	그 괴물들조차 당신들 상대가 안 되는군요.	번역완료	batch RowID 2688-2887
2746	Data/NPCData/CIV04.EDT	13	320	The creatures have disappeared.	괴물들이 사라졌어요.	번역완료	batch RowID 2688-2887
2747	Data/NPCData/CIV04.EDT	14	320	No more insects. We are happy for this.	벌레가 더는 없어요. 정말 기뻐요.	번역완료	batch RowID 2688-2887
2748	Data/NPCData/CIV04.EDT	15	320	The big insects are gone. We pray they do not come back.	거대한 벌레들이 사라졌어요. 다시는 돌아오지 않길 빌어요.	번역완료	batch RowID 2688-2887
2749	Data/NPCData/CIV05.EDT	1	320	Thank you for gettin' rid of spiders.	거미들 없애줘서 고마워요.	번역완료	batch RowID 2688-2887
2750	Data/NPCData/CIV05.EDT	2	320	I sleep good. It is because you kill all the bugs.	벌레들을 다 죽여준 덕분에 이제 푹 자요.	번역완료	batch RowID 2688-2887
2751	Data/NPCData/CIV05.EDT	3	320	No more spiders. Thank you.	거미가 더는 없어요. 고마워요.	번역완료	batch RowID 2688-2887
2752	Data/NPCData/CIV05.EDT	4	320	I no see bugs anymore.	이제 벌레 안 보여요.	번역완료	batch RowID 2688-2887
2753	Data/NPCData/CIV05.EDT	5	320	You killed bugs. We are happy.	벌레 죽여줘서 우리 기뻐요.	번역완료	batch RowID 2688-2887
2754	Data/NPCData/CIV05.EDT	6	320	You number one bug killer.	당신이 벌레 잡는 데 최고예요.	번역완료	batch RowID 2688-2887
2755	Data/NPCData/CIV05.EDT	7	320	It is much better without ugly spiders.	못생긴 거미들이 없으니 훨씬 좋아요.	번역완료	batch RowID 2688-2887
2756	Data/NPCData/CIV05.EDT	8	320	We are safe from big insects. Thank you, soldier.	큰 벌레들한테서 안전해졌어요. 고마워요, 군인 아저씨.	번역완료	batch RowID 2688-2887
2757	Data/NPCData/CIV05.EDT	9	320	If you no here, the bugs would eat everybody.	당신 없었으면 벌레들이 모두 잡아먹었을 거예요.	번역완료	batch RowID 2688-2887
2758	Data/NPCData/CIV05.EDT	10	320	I hope I never see those monsters again.	그 괴물들을 다시는 안 봤으면 좋겠어요.	번역완료	batch RowID 2688-2887
2759	Data/NPCData/CIV05.EDT	11	320	I hate bugs. I happy they all dead.	난 벌레 싫어요. 다 죽어서 기뻐요.	번역완료	batch RowID 2688-2887
2760	Data/NPCData/CIV05.EDT	12	320	You scare away monsters.	당신이 괴물들을 쫓아냈어요.	번역완료	batch RowID 2688-2887
2761	Data/NPCData/CIV05.EDT	13	320	You're tough. Even monster spiders are scared of you.	당신 정말 세요. 괴물 거미들도 당신을 무서워하나 봐요.	번역완료	batch RowID 2688-2887
2762	Data/NPCData/CIV05.EDT	14	320	Those spiders will not come back with you here.	당신이 여기 있으면 그 거미들은 다시 못 올 거예요.	번역완료	batch RowID 2688-2887
2763	Data/NPCData/CIV05.EDT	15	320	No more monsters. We're okay now.	괴물은 이제 없어요. 우린 괜찮아요.	번역완료	batch RowID 2688-2887
2764	Data/NPCData/CIV06.EDT	1	320	You bring us nothing but trouble.	당신들 때문에 문제만 생겨요.	번역완료	batch RowID 2688-2887
2765	Data/NPCData/CIV06.EDT	2	320	Deidranna will make us all pay dearly for your foolishness.	당신들 그 어리석은 짓 때문에 데이드라나가 우리 모두에게 혹독한 대가를 치르게 할 거예요.	번역완료	batch RowID 2688-2887
2766	Data/NPCData/CIV06.EDT	3	320	We'll never be safe with you in our town.	당신들이 마을에 있는 한 우린 절대 안전하지 못해요.	번역완료	batch RowID 2688-2887
2767	Data/NPCData/CIV06.EDT	4	320	Don't make yourself too comfortable.	여기 눌러앉을 생각은 하지 마세요.	번역완료	batch RowID 2688-2887
2768	Data/NPCData/CIV06.EDT	5	320	Why don't you leave us alone?	제발 우리 좀 내버려두면 안 돼요?	번역완료	batch RowID 2688-2887
2769	Data/NPCData/CIV06.EDT	6	320	The Arulcan Army will be back.	아룰코군이 다시 돌아올 거예요.	번역완료	batch RowID 2688-2887
2770	Data/NPCData/CIV06.EDT	7	320	You are not wanted here.	아무도 당신들을 원하지 않아요.	번역완료	batch RowID 2688-2887
2771	Data/NPCData/CIV06.EDT	8	320	We do not want your help.	우린 당신들 도움 필요 없어요.	번역완료	batch RowID 2688-2887
2772	Data/NPCData/CIV06.EDT	9	320	Leave quickly. Your aid is not needed.	어서 떠나세요. 당신들 도움은 필요 없어요.	번역완료	batch RowID 2688-2887
2773	Data/NPCData/CIV06.EDT	10	320	You have turned our town into a place of war.	당신들이 우리 마을을 전쟁터로 만들어버렸어요.	번역완료	batch RowID 2688-2887
2774	Data/NPCData/CIV06.EDT	11	320	You are not welcome in our town.	우리 마을은 당신들을 환영하지 않아요.	번역완료	batch RowID 2688-2887
2775	Data/NPCData/CIV06.EDT	12	320	I don't trust you.	난 당신들을 믿지 않아요.	번역완료	batch RowID 2688-2887
2776	Data/NPCData/CIV06.EDT	13	320	You will get us all killed.	당신들 때문에 우리 모두 죽게 될 거예요.	번역완료	batch RowID 2688-2887
2777	Data/NPCData/CIV06.EDT	14	320	Go save someone else. Arulco doesn't need saving.	다른 데나 가서 구하세요. 아룰코는 구해달라고 한 적 없어요.	번역완료	batch RowID 2688-2887
2778	Data/NPCData/CIV06.EDT	15	320	The Queen will get her revenge.	여왕이 반드시 복수할 거예요.	번역완료	batch RowID 2688-2887
2779	Data/NPCData/CIV07.EDT	1	320	Don't shoot me.	쏘지 마요.	번역완료	batch RowID 2688-2887
2780	Data/NPCData/CIV07.EDT	2	320	Mommy says you are very bad people.	엄마가 당신들은 아주 나쁜 사람들이랬어요.	번역완료	batch RowID 2688-2887
2781	Data/NPCData/CIV07.EDT	3	320	I'm scared... Don't hurt me.	무서워요... 해치지 마요.	번역완료	batch RowID 2688-2887
2782	Data/NPCData/CIV07.EDT	4	320	I don't like you.	난 당신들이 싫어요.	번역완료	batch RowID 2688-2887
2783	Data/NPCData/CIV07.EDT	5	320	Why don't ya leave us alone?	우리 좀 내버려두면 안 돼요?	번역완료	batch RowID 2688-2887
2784	Data/NPCData/CIV07.EDT	6	320	We don't want you here, army.	군인 아저씨들, 우린 여기 오는 거 싫어요.	번역완료	batch RowID 2688-2887
2785	Data/NPCData/CIV07.EDT	7	320	My dad says the army is gonna fix ya.	아빠가 군대가 당신들을 혼내줄 거래요.	번역완료	batch RowID 2688-2887
2786	Data/NPCData/CIV07.EDT	8	320	Nobody likes ya here.	여기선 아무도 당신들을 좋아하지 않아요.	번역완료	batch RowID 2688-2887
2787	Data/NPCData/CIV07.EDT	9	320	Everybody hates you.	다들 당신들을 싫어해요.	번역완료	batch RowID 2688-2887
2788	Data/NPCData/CIV07.EDT	10	320	I'm not supposed to talk to you.	당신들이랑 말하면 안 된댔어요.	번역완료	batch RowID 2688-2887
2789	Data/NPCData/CIV07.EDT	11	320	My uncle says you won't be here long.	삼촌이 당신들 오래 못 있을 거래요.	번역완료	batch RowID 2688-2887
2790	Data/NPCData/CIV07.EDT	12	320	Why you doing this to us?	왜 우리한테 이러는 거예요?	번역완료	batch RowID 2688-2887
2791	Data/NPCData/CIV07.EDT	13	320	Leave me alone.	나 좀 내버려둬요.	번역완료	batch RowID 2688-2887
2792	Data/NPCData/CIV07.EDT	14	320	The Queen will get ya.	여왕이 당신들을 잡으러 올 거예요.	번역완료	batch RowID 2688-2887
2793	Data/NPCData/CIV07.EDT	15	320	You're in big trouble.	당신들 이제 큰일 났어요.	번역완료	batch RowID 2688-2887
2794	Data/NPCData/CIV08.EDT	1	320	We are all behind you. Godspeed!	우리 모두 당신들을 지지합니다. 행운을 빌어요!	번역완료	batch RowID 2688-2887
2795	Data/NPCData/CIV08.EDT	2	320	Everyone in town is pulling for ya.	마을 사람 모두 당신들을 응원하고 있어요.	번역완료	batch RowID 2688-2887
2796	Data/NPCData/CIV08.EDT	3	320	Got my fingers crossed so tight they hurt. Good luck.	정말 간절히 행운을 빌고 있어요. 잘 되길 바랍니다.	번역완료	batch RowID 2688-2887
2797	Data/NPCData/CIV08.EDT	4	320	Things sure are starting to look better.	이제야 상황이 좀 나아지기 시작하네요.	번역완료	batch RowID 2688-2887
2798	Data/NPCData/CIV08.EDT	5	320	Don't even give her the chance to beg for her life.	그 여자한테 목숨을 구걸할 기회조차 주지 마세요.	번역완료	batch RowID 2688-2887
2799	Data/NPCData/CIV08.EDT	6	320	This town is your town. We ain't never living under her again.	이 마을은 이제 당신들 편이에요. 우린 다시는 그 여자 밑에서 살지 않을 겁니다.	번역완료	batch RowID 2688-2887
2800	Data/NPCData/CIV08.EDT	7	320	Death to the Queen.	여왕에게 죽음을!	번역완료	batch RowID 2688-2887
2801	Data/NPCData/CIV08.EDT	8	320	You're gonna save us. I know it.	당신들이 우릴 구해줄 거예요. 난 알아요.	번역완료	batch RowID 2688-2887
2802	Data/NPCData/CIV08.EDT	9	320	Way to go.	바로 그거예요!	번역완료	batch RowID 2688-2887
2803	Data/NPCData/CIV08.EDT	10	320	Don't stop now. We're with ya.	이제 멈추지 마세요. 우리가 함께할게요.	번역완료	batch RowID 2688-2887
2804	Data/NPCData/CIV08.EDT	11	320	Ya got the whole town a buzz. The smart money's on you.	온 마을이 당신들 얘기로 들썩여요. 다들 당신들이 이길 거라고 봐요.	번역완료	batch RowID 2688-2887
2805	Data/NPCData/CIV08.EDT	12	320	Slit her throat slowly...in public. I've been living to see it.	그년 목을 천천히 그어버려요... 사람들 보는 앞에서. 그 꼴을 보려고 지금까지 살아왔으니까.	번역완료	batch RowID 2688-2887
2806	Data/NPCData/CIV08.EDT	13	320	Got a lot of confidence in you. Whole town does.	난 당신들을 굳게 믿어요. 마을 사람들도 다 그래요.	번역완료	batch RowID 2688-2887
2807	Data/NPCData/CIV08.EDT	14	320	We were never for her, ya know. Just scared.	우린 애초에 그 여자 편이 아니었어요. 그냥 무서웠던 거죠.	번역완료	batch RowID 2688-2887
2808	Data/NPCData/CIV08.EDT	15	320	Just want ya to know, we sure like having you around.	당신들이 여기 있어줘서 정말 좋아요.	번역완료	batch RowID 2688-2887
2809	Data/NPCData/CIV09.EDT	1	320	Mom told me you were gonna makes us free.	엄마가 당신들이 우리를 자유롭게 해줄 거래요.	번역완료	batch RowID 2688-2887
2810	Data/NPCData/CIV09.EDT	2	320	At my house, we all pray for you.	우리 가족은 모두 당신들을 위해 기도해요.	번역완료	batch RowID 2688-2887
2811	Data/NPCData/CIV09.EDT	3	320	God blesses ya.	신의 축복이 함께하길 빌어요.	번역완료	batch RowID 2688-2887
2812	Data/NPCData/CIV09.EDT	4	320	My daddy says the war will be over soon.	아빠가 전쟁이 곧 끝날 거래요.	번역완료	batch RowID 2688-2887
2813	Data/NPCData/CIV09.EDT	5	320	You's gonna save us.	당신들이 우리를 구해줄 거죠.	번역완료	batch RowID 2688-2887
2814	Data/NPCData/CIV09.EDT	6	320	My daddy says you're gonna kill the Queen.	아빠가 당신들이 여왕을 죽일 거래요.	번역완료	batch RowID 2688-2887
2815	Data/NPCData/CIV09.EDT	7	320	You're the best.	당신들이 최고예요.	번역완료	batch RowID 2688-2887
2816	Data/NPCData/CIV09.EDT	8	320	You're heroes.	당신들은 영웅이에요.	번역완료	batch RowID 2688-2887
2817	Data/NPCData/CIV09.EDT	9	320	Soon everything be better in my country.	곧 우리 나라가 다 좋아질 거예요.	번역완료	batch RowID 2688-2887
2818	Data/NPCData/CIV09.EDT	10	320	Mommy told me you were good people.	엄마가 당신들은 좋은 사람들이랬어요.	번역완료	batch RowID 2688-2887
2819	Data/NPCData/CIV09.EDT	11	320	Thank you for making us safe, army.	군인 아저씨들, 우리를 안전하게 해줘서 고마워요.	번역완료	batch RowID 2688-2887
2820	Data/NPCData/CIV09.EDT	12	320	When you win fight, will I have to go back to school?	당신들이 이기면 나 다시 학교 가야 해요?	번역완료	batch RowID 2688-2887
2821	Data/NPCData/CIV09.EDT	13	320	My parents say many nice things about you.	우리 부모님이 당신들 칭찬을 많이 해요.	번역완료	batch RowID 2688-2887
2822	Data/NPCData/CIV09.EDT	14	320	It is more fun with you here.	당신들이 여기 있으니까 더 재밌어요.	번역완료	batch RowID 2688-2887
2823	Data/NPCData/CIV09.EDT	15	320	I like you.	난 당신들이 좋아요.	번역완료	batch RowID 2688-2887
2824	Data/NPCData/CIV10.EDT	1	320	Guns make me nervous.	총만 보면 긴장돼요.	번역완료	batch RowID 2688-2887
2825	Data/NPCData/CIV10.EDT	2	320	Bet you're glad you don't live here.	당신들은 여기 안 살아서 정말 다행이라고 생각하겠죠.	번역완료	batch RowID 2688-2887
2826	Data/NPCData/CIV10.EDT	3	320	Will there ever be an end?	이게 끝나긴 할까요?	번역완료	batch RowID 2688-2887
2827	Data/NPCData/CIV10.EDT	4	320	This country has been in the toilet since Enrico Chivaldori was murdered.	엔리코 치발도리가 살해된 뒤로 이 나라는 완전히 엉망이 됐어요.	번역완료	batch RowID 2688-2887
2828	Data/NPCData/CIV10.EDT	5	320	Nobody deserves to live like this.	누구도 이렇게 살아야 할 이유는 없어요.	번역완료	batch RowID 2688-2887
2829	Data/NPCData/CIV10.EDT	6	320	Maybe... Things will change.	어쩌면... 상황이 달라질지도 모르죠.	번역완료	batch RowID 2688-2887
2830	Data/NPCData/CIV10.EDT	7	320	Arulco will see better days.	아룰코에도 더 좋은 날이 올 거예요.	번역완료	batch RowID 2688-2887
2831	Data/NPCData/CIV10.EDT	8	320	Enrico's death brought death to us all.	엔리코의 죽음은 우리 모두에게 죽음을 몰고 왔어요.	번역완료	batch RowID 2688-2887
2832	Data/NPCData/CIV10.EDT	9	320	Do not underestimate the Queen.	여왕을 얕보지 마세요.	번역완료	batch RowID 2688-2887
2833	Data/NPCData/CIV10.EDT	10	320	If only I could leave Arulco...	아룰코를 떠날 수만 있다면...	번역완료	batch RowID 2688-2887
2834	Data/NPCData/CIV10.EDT	11	320	You cannot imagine what we've seen.	우리가 뭘 겪었는지 당신들은 상상도 못 할 거예요.	번역완료	batch RowID 2688-2887
2835	Data/NPCData/CIV10.EDT	12	320	She is Satan. I risk my life to say this.	그 여자는 사탄이에요. 목숨 걸고 하는 말입니다.	번역완료	batch RowID 2688-2887
2836	Data/NPCData/CIV10.EDT	13	320	I beg you... you must finish what you have started.	부탁합니다... 시작한 일은 반드시 끝내주세요.	번역완료	batch RowID 2688-2887
2837	Data/NPCData/CIV10.EDT	14	320	The sun still shines in Arulco. She cannot take this away.	아룰코엔 아직 해가 떠요. 그것만큼은 그 여자도 빼앗을 수 없죠.	번역완료	batch RowID 2688-2887
2838	Data/NPCData/CIV10.EDT	15	320	It is hopeless.	희망이 없어요.	번역완료	batch RowID 2688-2887
2839	Data/NPCData/CIV11.EDT	1	320	I don't talk to strangers.	낯선 사람이랑 말하면 안 돼요.	번역완료	batch RowID 2688-2887
2840	Data/NPCData/CIV11.EDT	2	320	I'm gonna be in army, too, someday.	나도 언젠가 군인이 될 거예요.	번역완료	batch RowID 2688-2887
2841	Data/NPCData/CIV11.EDT	3	320	Daddy said to pretend you're not there.	아빠가 당신들 없는 척하랬어요.	번역완료	batch RowID 2688-2887
2842	Data/NPCData/CIV11.EDT	4	320	I'm not allowed to talk to you.	당신들이랑 말하면 안 돼요.	번역완료	batch RowID 2688-2887
2843	Data/NPCData/CIV11.EDT	5	320	Are you gonna save us?	우리를 구해줄 거예요?	번역완료	batch RowID 2688-2887
2844	Data/NPCData/CIV11.EDT	6	320	I can't find my friend anywhere.	내 친구가 어디에도 안 보여요.	번역완료	batch RowID 2688-2887
2845	Data/NPCData/CIV11.EDT	7	320	I want my mommy.	엄마 보고 싶어요.	번역완료	batch RowID 2688-2887
2846	Data/NPCData/CIV11.EDT	8	320	I don't like the fighting.	난 싸우는 게 싫어요.	번역완료	batch RowID 2688-2887
2847	Data/NPCData/CIV11.EDT	9	320	I bet you've killed people.	사람 죽여본 적 있죠?	번역완료	batch RowID 2688-2887
2848	Data/NPCData/CIV11.EDT	10	320	I hate Arulco.	난 아룰코가 싫어요.	번역완료	batch RowID 2688-2887
2849	Data/NPCData/CIV11.EDT	11	320	Don't hurt me. I just want to play.	해치지 마요. 난 그냥 놀고 싶어요.	번역완료	batch RowID 2688-2887
2850	Data/NPCData/CIV11.EDT	12	320	This place sucks.	여기 정말 싫어요.	번역완료	batch RowID 2688-2887
2851	Data/NPCData/CIV11.EDT	13	320	I want a candy.	사탕 먹고 싶어요.	번역완료	batch RowID 2688-2887
2852	Data/NPCData/CIV11.EDT	14	320	Daddy says everything is gonna be okay.	아빠가 다 괜찮아질 거래요.	번역완료	batch RowID 2688-2887
2853	Data/NPCData/CIV11.EDT	15	320	You look mean.	무섭게 생겼어요.	번역완료	batch RowID 2688-2887
2854	Data/NPCData/CIV12.EDT	1	320	You can't be worse than anything we're used to.	당신들이 우리가 겪어온 것보다 더 나쁠 것 같진 않군요.	번역완료	batch RowID 2688-2887
2855	Data/NPCData/CIV12.EDT	2	320	I never thought I'd see you here. Not in my town.	당신들을 여기서 보게 될 줄은 몰랐어요. 그것도 우리 마을에서.	번역완료	batch RowID 2688-2887
2856	Data/NPCData/CIV12.EDT	3	320	Be fair to us, and we'll be fair to you.	우리를 공정하게 대해주면 우리도 그렇게 하겠습니다.	번역완료	batch RowID 2688-2887
2857	Data/NPCData/CIV12.EDT	4	320	I hope the whole country will be liberated someday.	언젠가 나라 전체가 해방되길 바랍니다.	번역완료	batch RowID 2688-2887
2858	Data/NPCData/CIV12.EDT	5	320	You offer hope.	당신들이 우리에게 희망을 주고 있어요.	번역완료	batch RowID 2688-2887
2859	Data/NPCData/CIV12.EDT	6	320	The town welcomes your presence.	마을은 당신들을 환영합니다.	번역완료	batch RowID 2688-2887
2860	Data/NPCData/CIV12.EDT	7	320	You are a hero. May the Gods guide you to victory.	당신들은 영웅입니다. 신들이 승리로 이끌어주시길.	번역완료	batch RowID 2688-2887
2861	Data/NPCData/CIV12.EDT	8	320	We pray this is a start to a better tomorrow.	이것이 더 나은 내일의 시작이길 기도합니다.	번역완료	batch RowID 2688-2887
2862	Data/NPCData/CIV12.EDT	9	320	The town rejoices in your victory.	온 마을이 당신들의 승리를 기뻐하고 있어요.	번역완료	batch RowID 2688-2887
2863	Data/NPCData/CIV12.EDT	10	320	Things can only get better for us now.	이제 우리 삶은 나아질 일만 남았어요.	번역완료	batch RowID 2688-2887
2864	Data/NPCData/CIV12.EDT	11	320	We have waited for this day most of our lives.	우린 평생에 가까운 세월 동안 이날을 기다렸습니다.	번역완료	batch RowID 2688-2887
2865	Data/NPCData/CIV12.EDT	12	320	You are our saviors.	당신들은 우리의 구원자입니다.	번역완료	batch RowID 2688-2887
2866	Data/NPCData/CIV12.EDT	13	320	I do not know who sent you, but I thank them.	누가 당신들을 보냈는지는 모르지만, 그 사람에게 감사하고 싶군요.	번역완료	batch RowID 2688-2887
2867	Data/NPCData/CIV12.EDT	14	320	It is a great day for our town.	우리 마을에 정말 좋은 날이군요.	번역완료	batch RowID 2688-2887
2868	Data/NPCData/CIV12.EDT	15	320	It is hard to believe. You are like a gift.	믿기 힘드네요. 당신들은 우리에게 선물 같은 존재예요.	번역완료	batch RowID 2688-2887
2869	Data/NPCData/CIV13.EDT	1	320	My father told me you were gonna make things better.	아빠가 당신들이 다 나아지게 해줄 거래요.	번역완료	batch RowID 2688-2887
2870	Data/NPCData/CIV13.EDT	2	320	I'm happy you here. I don't like Queen.	당신들이 와서 좋아요. 난 여왕이 싫어요.	번역완료	batch RowID 2688-2887
2871	Data/NPCData/CIV13.EDT	3	320	If I was bigger, I would fight for you.	내가 더 컸으면 당신들 편에서 싸웠을 거예요.	번역완료	batch RowID 2688-2887
2872	Data/NPCData/CIV13.EDT	4	320	My mother said one you would come.	엄마가 언젠가 당신들이 올 거랬어요.	번역완료	batch RowID 2688-2887
2873	Data/NPCData/CIV13.EDT	5	320	My daddy says you will make us free.	아빠가 당신들이 우리를 자유롭게 해줄 거래요.	번역완료	batch RowID 2688-2887
2874	Data/NPCData/CIV13.EDT	6	320	I glad to see you.	만나서 좋아요.	번역완료	batch RowID 2688-2887
2875	Data/NPCData/CIV13.EDT	7	320	You are friend.	당신들은 우리 친구예요.	번역완료	batch RowID 2688-2887
2876	Data/NPCData/CIV13.EDT	8	320	You save us.	당신들이 우리를 구해줄 거예요.	번역완료	batch RowID 2688-2887
2877	Data/NPCData/CIV13.EDT	9	320	You will protect everybody, right?	모두 지켜줄 거죠?	번역완료	batch RowID 2688-2887
2878	Data/NPCData/CIV13.EDT	10	320	You are very strong soldier.	정말 강한 군인이네요.	번역완료	batch RowID 2688-2887
2879	Data/NPCData/CIV13.EDT	11	320	My uncle wants you to kill the Queen.	삼촌은 당신들이 여왕을 죽여줬으면 좋겠대요.	번역완료	batch RowID 2688-2887
2880	Data/NPCData/CIV13.EDT	12	320	Did you see my mommy?	우리 엄마 봤어요?	번역완료	batch RowID 2688-2887
2881	Data/NPCData/CIV13.EDT	13	320	Is it okay to play now?	이제 놀아도 돼요?	번역완료	batch RowID 2688-2887
2882	Data/NPCData/CIV13.EDT	14	320	It is nice you help us.	우리를 도와줘서 좋아요.	번역완료	batch RowID 2688-2887
2883	Data/NPCData/CIV13.EDT	15	320	You are the best.	당신들이 최고예요.	번역완료	batch RowID 2688-2887
2884	Data/NPCData/CIV14.EDT	1	320	I wondered if you'd be back.	다시 돌아올지 궁금했어요.	번역완료	batch RowID 2688-2887
2885	Data/NPCData/CIV14.EDT	2	320	The town paid dearly. Hope you're going to protect us this time.	마을이 큰 대가를 치렀어요. 이번엔 꼭 우리를 지켜줬으면 좋겠군요.	번역완료	batch RowID 2688-2887
2886	Data/NPCData/CIV14.EDT	3	320	Well... At least you didn't forget about us.	뭐... 그래도 우릴 잊진 않았군요.	번역완료	batch RowID 2688-2887
2887	Data/NPCData/CIV14.EDT	4	320	You have returned.	돌아왔군요.	번역완료	batch RowID 2688-2887
2888	Data/NPCData/CIV14.EDT	5	320	The army was not happy with us. You must not let them in here again.	군대가 우리에게 보복했어요. 다시는 놈들이 이곳에 들어오게 두지 마세요.	번역완료	batch RowID 2888-3087
2889	Data/NPCData/CIV14.EDT	6	320	The army took its revenge. Please do not desert us.	군대가 복수했어요. 제발 다시는 우리를 버리지 마세요.	번역완료	batch RowID 2888-3087
2890	Data/NPCData/CIV14.EDT	7	320	Finally, you have come back to save us.	드디어 우리를 구하러 돌아왔군요.	번역완료	batch RowID 2888-3087
2891	Data/NPCData/CIV14.EDT	8	320	You must defend the town better.	이번엔 마을을 더 잘 지켜줘야 해요.	번역완료	batch RowID 2888-3087
2892	Data/NPCData/CIV14.EDT	9	320	We can not go through that again. The army was extremely harsh during your absence.	다시는 그런 일을 겪을 수 없어요. 당신들이 없는 동안 군대가 정말 잔혹했어요.	번역완료	batch RowID 2888-3087
2893	Data/NPCData/CIV14.EDT	10	320	Please... I beg you. Don't let the Arulcan army return.	제발... 부탁합니다. 아룰코군이 다시 돌아오게 두지 마세요.	번역완료	batch RowID 2888-3087
2894	Data/NPCData/CIV14.EDT	11	320	It was Hell. I do not wish to live through that again.	지옥이 따로 없었어요. 다시는 그런 일을 겪고 싶지 않습니다.	번역완료	batch RowID 2888-3087
2895	Data/NPCData/CIV14.EDT	12	320	We prayed you would not forget us.	당신들이 우리를 잊지 않았기를 기도했어요.	번역완료	batch RowID 2888-3087
2896	Data/NPCData/CIV14.EDT	13	320	We were at their mercy.	우린 놈들 손에 완전히 맡겨진 신세였어요.	번역완료	batch RowID 2888-3087
2897	Data/NPCData/CIV14.EDT	14	320	People will be more cautious of you now. The Queen has made sure of this.	이제 사람들은 당신들을 더 조심스럽게 볼 겁니다. 여왕이 그렇게 만들었죠.	번역완료	batch RowID 2888-3087
2898	Data/NPCData/CIV14.EDT	15	320	We trusted you. It will take time to trust you again.	우린 당신들을 믿었어요. 다시 믿으려면 시간이 좀 걸릴 겁니다.	번역완료	batch RowID 2888-3087
2899	Data/NPCData/CIV15.EDT	1	320	I don't like you. You left us here with them.	난 당신들이 싫어요. 우리를 놈들한테 버리고 갔잖아요.	번역완료	batch RowID 2888-3087
2900	Data/NPCData/CIV15.EDT	2	320	Why did you go? Don't you care about us...	왜 떠난 거예요? 우린 신경도 안 쓰는 거예요...?	번역완료	batch RowID 2888-3087
2901	Data/NPCData/CIV15.EDT	3	320	I hope you killed the man who hurt my mommy.	우리 엄마를 다치게 한 사람, 당신들이 죽였으면 좋겠어요.	번역완료	batch RowID 2888-3087
2902	Data/NPCData/CIV15.EDT	4	320	Please don't leave this time.	이번엔 제발 떠나지 마요.	번역완료	batch RowID 2888-3087
2903	Data/NPCData/CIV15.EDT	5	320	I knew you'd come back.	다시 돌아올 줄 알았어요.	번역완료	batch RowID 2888-3087
2904	Data/NPCData/CIV15.EDT	6	320	Are ya gonna stay this time?	이번엔 계속 있어줄 거예요?	번역완료	batch RowID 2888-3087
2905	Data/NPCData/CIV15.EDT	7	320	I happy to see you again.	다시 보니 기뻐요.	번역완료	batch RowID 2888-3087
2906	Data/NPCData/CIV15.EDT	8	320	I was really scared when the army was here.	군대가 여기 있었을 때 정말 무서웠어요.	번역완료	batch RowID 2888-3087
2907	Data/NPCData/CIV15.EDT	9	320	The army is mean. Please don't let them come back.	군대는 나빠요. 다시 못 오게 해주세요.	번역완료	batch RowID 2888-3087
2908	Data/NPCData/CIV15.EDT	10	320	Where did ya go?	어디 갔었어요?	번역완료	batch RowID 2888-3087
2909	Data/NPCData/CIV15.EDT	11	320	Don't leave us again. Please...	다시는 우리 두고 가지 마요. 제발...	번역완료	batch RowID 2888-3087
2910	Data/NPCData/CIV15.EDT	12	320	I prayed you come back and save us.	돌아와서 우리를 구해달라고 기도했어요.	번역완료	batch RowID 2888-3087
2911	Data/NPCData/CIV15.EDT	13	320	It was terrible. Don't ever go away again.	정말 끔찍했어요. 다시는 어디 가지 마요.	번역완료	batch RowID 2888-3087
2912	Data/NPCData/CIV15.EDT	14	320	My parents are very happy to see you back.	우리 부모님도 당신들이 돌아와서 정말 좋아해요.	번역완료	batch RowID 2888-3087
2913	Data/NPCData/CIV15.EDT	15	320	I know you no forget us.	난 당신들이 우리를 안 잊은 줄 알았어요.	번역완료	batch RowID 2888-3087
2914	Data/NPCData/CIV16.EDT	1	320	Don't you's go gettin' too friendly with Clara Bell, cuz she be mine.	클라라 벨한테 너무 들이대지 마. 걘 내 여자니까.	번역완료	batch RowID 2888-3087
2915	Data/NPCData/CIV16.EDT	2	320	If Daryl says you's okay, den you's okay.	대릴이 네가 괜찮댔으면, 나도 괜찮아.	번역완료	batch RowID 2888-3087
2916	Data/NPCData/CIV16.EDT	3	320	Are you's lonely?	너 외롭냐?	번역완료	batch RowID 2888-3087
2917	Data/NPCData/CIV16.EDT	4	320	Anyone ever tell ya, ya got pretty teeth?	너 이빨 예쁘단 소리 들어본 적 있냐?	번역완료	batch RowID 2888-3087
2918	Data/NPCData/CIV16.EDT	5	320	You's probably heard about cow tipping, but ya sure don't hear much about whats you can to with 'em once they're down.	소 넘어뜨리기 정도는 들어봤겠지. 근데 넘어진 다음에 뭘 할 수 있는지는 다들 잘 말 안 하더라고.	번역완료	batch RowID 2888-3087
2919	Data/NPCData/CIV16.EDT	6	320	Don't you's be settlin' in. Ya ain't never gonna be one of us.	여기 눌러앉을 생각 마. 넌 절대 우리 식구가 못 돼.	번역완료	batch RowID 2888-3087
2920	Data/NPCData/CIV16.EDT	7	320	You know, alls ya really need is a shotgun. Yup... That's one fine weapon.	진짜 필요한 건 산탄총 하나면 돼. 그래... 정말 좋은 물건이지.	번역완료	batch RowID 2888-3087
2921	Data/NPCData/CIV16.EDT	8	320	Yup. Killed me a man once... It was kin...sad accident.	그래. 나도 사람 하나 죽여본 적 있어... 친척이었지... 안타까운 사고였어.	번역완료	batch RowID 2888-3087
2922	Data/NPCData/CIV16.EDT	9	320	We's real close, ya know. Closer than ya think.	우린 아주 가까운 사이야. 네가 생각하는 것보다 훨씬 더.	번역완료	batch RowID 2888-3087
2923	Data/NPCData/CIV16.EDT	10	320	Daryl says, it's the inbreeding that makes us strong.	대릴 말로는 근친혼 덕분에 우리 집안이 강한 거래.	번역완료	batch RowID 2888-3087
2924	Data/NPCData/CIV16.EDT	11	320	Daryl's gonna build us a drive-in theatre, so we's can get dates.	대릴이 드라이브인 극장을 지어준대. 그래야 우리도 데이트 좀 하지.	번역완료	batch RowID 2888-3087
2925	Data/NPCData/CIV16.EDT	12	320	Nights get awful cool in these parts.	이 근처는 밤이면 지독하게 쌀쌀해.	번역완료	batch RowID 2888-3087
2926	Data/NPCData/CIV16.EDT	13	320	Ya ever seen Deliverance?	영화 《서바이벌 게임》 본 적 있냐?	번역완료	batch RowID 2888-3087
2927	Data/NPCData/CIV16.EDT	14	320	Got's an itch to shoot ya, but Daryl be mad.	너한테 한 방 갈기고 싶어 죽겠는데, 대릴이 화낼 거야.	번역완료	batch RowID 2888-3087
2928	Data/NPCData/CIV16.EDT	15	320	We's don't got no family tree - Just one big branch.	우리 집안엔 가계도가 없어. 그냥 굵은 가지 하나뿐이지.	번역완료	batch RowID 2888-3087
2929	Data/NPCData/CIV17.EDT	1	320	You's gonna get a blastin'!	한 방 제대로 맞아볼래!	번역완료	batch RowID 2888-3087
2930	Data/NPCData/CIV17.EDT	2	320	Ya shouldn't mess with a cousin.	남의 사촌을 건드리면 안 되지.	번역완료	batch RowID 2888-3087
2931	Data/NPCData/CIV17.EDT	3	320	You's gonna be kinda fun to kill!	너 죽이는 건 꽤 재미있겠는데!	번역완료	batch RowID 2888-3087
2932	Data/NPCData/CIV17.EDT	4	320	So long, stranger!	잘 가라, 낯선 놈!	번역완료	batch RowID 2888-3087
2933	Data/NPCData/CIV17.EDT	5	320	You's messin' with the wrong family.	잘못된 집안을 건드렸어.	번역완료	batch RowID 2888-3087
2934	Data/NPCData/CIV17.EDT	6	320	Never liked ya. Never will...	처음부터 네가 싫었어. 앞으로도 그럴 거고...	번역완료	batch RowID 2888-3087
2935	Data/NPCData/CIV17.EDT	7	320	Gonna feed your body to the cows.	네 시체는 소 먹이로 던져주마.	번역완료	batch RowID 2888-3087
2936	Data/NPCData/CIV17.EDT	8	320	Kin sticks up for kin!	핏줄은 핏줄끼리 지키는 거야!	번역완료	batch RowID 2888-3087
2937	Data/NPCData/CIV17.EDT	9	320	Ya done messin' with a Hick.	힉 집안을 건드린 대가를 치러라.	번역완료	batch RowID 2888-3087
2938	Data/NPCData/CIV17.EDT	10	320	You's wasn't thinkin' right, was you's.	생각을 잘못했지, 안 그래?	번역완료	batch RowID 2888-3087
2939	Data/NPCData/CIV17.EDT	11	320	You's ain't a friend to the family anymore.	넌 이제 우리 집안 친구가 아니야.	번역완료	batch RowID 2888-3087
2940	Data/NPCData/CIV17.EDT	12	320	Must be my lucky day!	오늘 운수 좋네!	번역완료	batch RowID 2888-3087
2941	Data/NPCData/CIV17.EDT	13	320	Gonna teach ya some manners, stranger.	버릇을 좀 가르쳐주마, 이방인.	번역완료	batch RowID 2888-3087
2942	Data/NPCData/CIV17.EDT	14	320	Why kissin' cousins! Sumthin' to shoot.	사촌끼리 입맞춤이라니! 마침 쏠 것도 생겼네.	번역완료	batch RowID 2888-3087
2943	Data/NPCData/CIV17.EDT	15	320	HeeHaw!	히이하!	번역완료	batch RowID 2888-3087
2944	Data/NPCData/CIV18.EDT	1	320	Remember to stay out of trouble.	문제 일으키지 말고 얌전히 지내.	번역완료	batch RowID 2888-3087
2945	Data/NPCData/CIV18.EDT	2	320	Hope you're having good time.	즐거운 시간 보내고 있길 바라.	번역완료	batch RowID 2888-3087
2946	Data/NPCData/CIV18.EDT	3	320	You should pop into one of the bars for a cold one. Do ya good.	술집 하나 들어가서 시원한 거 한잔해. 기분 풀릴 거야.	번역완료	batch RowID 2888-3087
2947	Data/NPCData/CIV18.EDT	4	320	There's a lot of ways to spend money in this town. All of them fun.	이 동네엔 돈 쓸 데가 아주 많아. 하나같이 재미있지.	번역완료	batch RowID 2888-3087
2948	Data/NPCData/CIV18.EDT	5	320	Remember... Ya step out line, this town can turn real quick.	명심해... 선 넘으면 이 마을 분위기 금방 험악해진다.	번역완료	batch RowID 2888-3087
2949	Data/NPCData/CIV18.EDT	6	320	Town's like an amusement park for big people.	이 동네는 어른들을 위한 놀이공원 같은 곳이야.	번역완료	batch RowID 2888-3087
2950	Data/NPCData/CIV18.EDT	7	320	Lighten up, you're on vacation.	좀 긴장 풀어. 휴가 온 셈 치라고.	번역완료	batch RowID 2888-3087
2951	Data/NPCData/CIV18.EDT	8	320	Ya should be smiling by now.	이쯤이면 좀 웃을 때도 됐잖아.	번역완료	batch RowID 2888-3087
2952	Data/NPCData/CIV18.EDT	9	320	Did ya check out the Club. Use to have some good bouts there.	클럽은 가봤어? 예전엔 거기서 괜찮은 시합을 많이 했지.	번역완료	batch RowID 2888-3087
2953	Data/NPCData/CIV18.EDT	10	320	Hope body armor ain't the only protection ya brought.	방탄복 말고 다른 피임 수단도 챙겨왔길 바라.	번역완료	batch RowID 2888-3087
2954	Data/NPCData/CIV18.EDT	11	320	War or no war...life's always good in San Mona.	전쟁이든 뭐든... 산모나에선 언제나 살맛 나지.	번역완료	batch RowID 2888-3087
2955	Data/NPCData/CIV18.EDT	12	320	San Mona is like Vegas without cops.	산모나는 경찰 없는 라스베이거스 같은 곳이야.	번역완료	batch RowID 2888-3087
2956	Data/NPCData/CIV18.EDT	13	320	Ya stay here long enough, ya forget about your troubles.	여기 오래 있으면 고민 따위는 잊게 돼.	번역완료	batch RowID 2888-3087
2957	Data/NPCData/CIV18.EDT	14	320	I love it here. Got all anyone could want.	난 여기가 좋아. 사람이 원하는 건 다 있거든.	번역완료	batch RowID 2888-3087
2958	Data/NPCData/CIV18.EDT	15	320	Ya look like ya could use a drink.	보아하니 술 한잔 필요해 보이는데.	번역완료	batch RowID 2888-3087
2959	Data/NPCData/CIV19.EDT	1	320	Killing you would really please the boss.	널 죽이면 보스가 아주 좋아하시겠군.	번역완료	batch RowID 2888-3087
2960	Data/NPCData/CIV19.EDT	2	320	Your ass belongs to me!	네 목숨은 내 거야!	번역완료	batch RowID 2888-3087
2961	Data/NPCData/CIV19.EDT	3	320	Time to meet your maker, poohpie!	창조주 만나러 갈 시간이다, 귀염둥이!	번역완료	batch RowID 2888-3087
2962	Data/NPCData/CIV19.EDT	4	320	Been looking for you!	널 찾고 있었어!	번역완료	batch RowID 2888-3087
2963	Data/NPCData/CIV19.EDT	5	320	Say goodbye!	작별 인사나 해!	번역완료	batch RowID 2888-3087
2964	Data/NPCData/CIV19.EDT	6	320	Number's up, soldier!	이제 네 차례다, 군인!	번역완료	batch RowID 2888-3087
2965	Data/NPCData/CIV19.EDT	7	320	I'm the last face you're gonna see.	네가 마지막으로 보게 될 얼굴은 나야.	번역완료	batch RowID 2888-3087
2966	Data/NPCData/CIV19.EDT	8	320	Suck this!	이거나 먹어라!	번역완료	batch RowID 2888-3087
2967	Data/NPCData/CIV19.EDT	9	320	Here's a little something to remember Kingpin.	킹핀을 기억하게 해줄 선물이다.	번역완료	batch RowID 2888-3087
2968	Data/NPCData/CIV19.EDT	10	320	Pray for yourself!	네 걱정이나 하며 기도해!	번역완료	batch RowID 2888-3087
2969	Data/NPCData/CIV19.EDT	11	320	Nice knowing ya!	알게 돼서 반가웠다!	번역완료	batch RowID 2888-3087
2970	Data/NPCData/CIV19.EDT	12	320	Lookie. Lookie.	이것 봐라, 이것 봐.	번역완료	batch RowID 2888-3087
2971	Data/NPCData/CIV19.EDT	13	320	What luck!	이게 웬 행운이야!	번역완료	batch RowID 2888-3087
2972	Data/NPCData/CIV19.EDT	14	320	Your bus is here.	저승행 버스 왔다.	번역완료	batch RowID 2888-3087
2973	Data/NPCData/CIV19.EDT	15	320	Ya gonna get me a promotion.	네 덕분에 내가 승진하겠군.	번역완료	batch RowID 2888-3087
2974	Data/NPCData/CIV20.EDT	1	320	It will be a long war, but we have learned to be patient.	긴 전쟁이 되겠지만, 우린 기다리는 법을 배웠습니다.	번역완료	batch RowID 2888-3087
2975	Data/NPCData/CIV20.EDT	2	320	You mustn't tell anyone of this hideout.	이 은신처에 대해선 누구에게도 말하면 안 됩니다.	번역완료	batch RowID 2888-3087
2976	Data/NPCData/CIV20.EDT	3	320	We fight together for freedom.	우린 자유를 위해 함께 싸웁니다.	번역완료	batch RowID 2888-3087
2977	Data/NPCData/CIV20.EDT	4	320	We will not be defeated.	우린 패배하지 않을 겁니다.	번역완료	batch RowID 2888-3087
2978	Data/NPCData/CIV20.EDT	5	320	This place is not comfortable, but it has kept us alive.	여긴 편하진 않지만, 우리 목숨을 지켜줬습니다.	번역완료	batch RowID 2888-3087
2979	Data/NPCData/CIV20.EDT	6	320	I hope together we can defeat Queen Deidranna.	함께 데이드라나 여왕을 쓰러뜨릴 수 있길 바랍니다.	번역완료	batch RowID 2888-3087
2980	Data/NPCData/CIV20.EDT	7	320	Queen Deidranna's army is looking for us.	데이드라나 여왕의 군대가 우리를 찾고 있습니다.	번역완료	batch RowID 2888-3087
2981	Data/NPCData/CIV20.EDT	8	320	Most of our homes have been destroyed.	우리 집 대부분이 파괴됐습니다.	번역완료	batch RowID 2888-3087
2982	Data/NPCData/CIV20.EDT	9	320	Even though we hide now, soon we will emerge to fight for our liberty.	지금은 숨어 있지만, 곧 밖으로 나가 자유를 위해 싸울 겁니다.	번역완료	batch RowID 2888-3087
2983	Data/NPCData/CIV20.EDT	10	320	You must not be seen coming here or you will give us away.	여기로 오는 모습을 들키면 안 됩니다. 그러면 우리 위치가 드러납니다.	번역완료	batch RowID 2888-3087
2984	Data/NPCData/CIV20.EDT	11	320	I hope we can have our revenge on Deidranna.	데이드라나에게 복수할 날이 오길 바랍니다.	번역완료	batch RowID 2888-3087
2985	Data/NPCData/CIV20.EDT	12	320	You must listen to Miguel.	미겔의 말을 따라야 합니다.	번역완료	batch RowID 2888-3087
2986	Data/NPCData/CIV20.EDT	13	320	Most of us have lost loved ones.	우리 대부분은 사랑하는 사람을 잃었습니다.	번역완료	batch RowID 2888-3087
2987	Data/NPCData/CIV20.EDT	14	320	We have faith that Miguel will lead us to victory.	우린 미겔이 우리를 승리로 이끌 거라 믿습니다.	번역완료	batch RowID 2888-3087
2988	Data/NPCData/CIV20.EDT	15	320	Queen Deidranna thinks she has beaten us.	데이드라나 여왕은 자기가 우리를 꺾었다고 생각하죠.	번역완료	batch RowID 2888-3087
2989	Data/NPCData/CIV21.EDT	1	320	You friend?	아저씨, 우리 편이에요?	번역완료	batch RowID 2888-3087
2990	Data/NPCData/CIV21.EDT	2	320	I want to play outside.	밖에서 놀고 싶어요.	번역완료	batch RowID 2888-3087
2991	Data/NPCData/CIV21.EDT	3	320	You like our hideout, soldier?	군인 아저씨, 우리 은신처 마음에 들어요?	번역완료	batch RowID 2888-3087
2992	Data/NPCData/CIV21.EDT	4	320	Is it sunny outside? I miss sun.	밖에 해 떠 있어요? 햇빛이 보고 싶어요.	번역완료	batch RowID 2888-3087
2993	Data/NPCData/CIV21.EDT	5	320	My daddy help dig hole.	우리 아빠도 이 굴 파는 걸 도왔어요.	번역완료	batch RowID 2888-3087
2994	Data/NPCData/CIV21.EDT	6	320	You work with Miguel?	미겔 아저씨랑 같이 일해요?	번역완료	batch RowID 2888-3087
2995	Data/NPCData/CIV21.EDT	7	320	I don't want to stay down here.	여기 아래에 계속 있고 싶지 않아요.	번역완료	batch RowID 2888-3087
2996	Data/NPCData/CIV21.EDT	8	320	You play with us, soldier?	군인 아저씨, 우리랑 놀아줄래요?	번역완료	batch RowID 2888-3087
2997	Data/NPCData/CIV21.EDT	9	320	Are you going to help us?.	우리를 도와줄 거예요?	번역완료	batch RowID 2888-3087
2998	Data/NPCData/CIV21.EDT	10	320	My daddy is dead.	우리 아빠는 죽었어요.	번역완료	batch RowID 2888-3087
2999	Data/NPCData/CIV21.EDT	11	320	You help us, soldier?	군인 아저씨, 우리 도와줄 거예요?	번역완료	batch RowID 2888-3087
3000	Data/NPCData/CIV21.EDT	12	320	My house went boom.	우리 집은 펑 하고 터졌어요.	번역완료	batch RowID 2888-3087
3001	Data/NPCData/CIV21.EDT	13	320	Miguel says we won't have to stay down here for too long.	미겔 아저씨가 여기 오래 있진 않아도 된댔어요.	번역완료	batch RowID 2888-3087
3002	Data/NPCData/CIV21.EDT	14	320	I'm still waiting for my mother.	난 아직 엄마를 기다리고 있어요.	번역완료	batch RowID 2888-3087
3003	Data/NPCData/CIV21.EDT	15	320	Mr. Carlos says the bad men still come.	카를로스 아저씨가 나쁜 사람들이 아직도 온댔어요.	번역완료	batch RowID 2888-3087
3004	Data/NPCData/CIV22.EDT	1	320	I'm nervous...	긴장되네요...	번역완료	batch RowID 2888-3087
3005	Data/NPCData/CIV22.EDT	2	320	I am not sure I have what it takes to be a soldier.	제가 군인이 될 자질이 있는지 모르겠습니다.	번역완료	batch RowID 2888-3087
3006	Data/NPCData/CIV22.EDT	3	320	How bad does it hurt to be shot?	총에 맞으면 얼마나 아픕니까?	번역완료	batch RowID 2888-3087
3007	Data/NPCData/CIV22.EDT	4	320	I am not looking forward to battle.	전투가 기다려지진 않습니다.	번역완료	batch RowID 2888-3087
3008	Data/NPCData/CIV22.EDT	5	320	I hope I will be all right in the next battle.	다음 전투에서도 무사했으면 좋겠습니다.	번역완료	batch RowID 2888-3087
3009	Data/NPCData/CIV22.EDT	6	320	I never thought myself brave.	전 제가 용감한 사람이라고 생각해본 적이 없습니다.	번역완료	batch RowID 2888-3087
3010	Data/NPCData/CIV22.EDT	7	320	I have doubts about my abilities.	제 능력에 확신이 없습니다.	번역완료	batch RowID 2888-3087
3011	Data/NPCData/CIV22.EDT	8	320	I hope it is normal to be so scared.	이렇게 무서운 게 정상인 거면 좋겠습니다.	번역완료	batch RowID 2888-3087
3012	Data/NPCData/CIV22.EDT	9	320	It is not easy to kill a man, I imagine.	사람을 죽이는 건 쉽지 않겠죠.	번역완료	batch RowID 2888-3087
3013	Data/NPCData/CIV22.EDT	10	320	Are you sure I have enough training?	제가 충분히 훈련받은 게 맞습니까?	번역완료	batch RowID 2888-3087
3014	Data/NPCData/CIV22.EDT	11	320	I hope I do not let you down in the next battle.	다음 전투에서 실망시켜드리지 않았으면 좋겠습니다.	번역완료	batch RowID 2888-3087
3015	Data/NPCData/CIV22.EDT	12	320	Maybe the Army will not return. That would be good.	어쩌면 군대가 다시 안 올 수도 있겠죠. 그러면 좋겠습니다.	번역완료	batch RowID 2888-3087
3016	Data/NPCData/CIV22.EDT	13	320	I trust we have been taught everything we must know.	필요한 건 전부 배웠다고 믿고 싶습니다.	번역완료	batch RowID 2888-3087
3017	Data/NPCData/CIV22.EDT	14	320	You will not leave us to fight alone, okay?	우리를 혼자 싸우게 두고 떠나진 않을 거죠?	번역완료	batch RowID 2888-3087
3018	Data/NPCData/CIV22.EDT	15	320	Perhaps, with more experience, I will not vomit so much.	경험이 더 쌓이면 이렇게 많이 토하진 않겠죠.	번역완료	batch RowID 2888-3087
3019	Data/NPCData/CIV23.EDT	1	320	I more prepared for war now.	이제 전쟁에 더 잘 대비된 것 같습니다.	번역완료	batch RowID 2888-3087
3020	Data/NPCData/CIV23.EDT	2	320	The more I train or fight the more confident I feel.	훈련하거나 싸울수록 자신감이 생깁니다.	번역완료	batch RowID 2888-3087
3021	Data/NPCData/CIV23.EDT	3	320	Nerves are steady now.	이젠 긴장하지 않습니다.	번역완료	batch RowID 2888-3087
3022	Data/NPCData/CIV23.EDT	4	320	I am not as scared as I used to be.	예전만큼 무섭진 않습니다.	번역완료	batch RowID 2888-3087
3023	Data/NPCData/CIV23.EDT	5	320	I think I am ready for whatever happens.	이제 무슨 일이 생겨도 준비된 것 같습니다.	번역완료	batch RowID 2888-3087
3024	Data/NPCData/CIV23.EDT	6	320	I will try and make you proud.	당신들이 자랑스러워할 만한 모습을 보이겠습니다.	번역완료	batch RowID 2888-3087
3025	Data/NPCData/CIV23.EDT	7	320	I am becoming comfortable with my abilities.	제 능력을 믿을 수 있게 됐습니다.	번역완료	batch RowID 2888-3087
3026	Data/NPCData/CIV23.EDT	8	320	There was a time when I doubted myself.	예전엔 제 자신을 의심하던 때도 있었죠.	번역완료	batch RowID 2888-3087
3027	Data/NPCData/CIV23.EDT	9	320	I believe I can do this. I feel ready to defend us.	전 할 수 있다고 믿습니다. 우리를 지킬 준비가 됐습니다.	번역완료	batch RowID 2888-3087
3028	Data/NPCData/CIV23.EDT	10	320	I am not professional soldier, but I am prepared.	전 직업 군인은 아니지만 준비는 됐습니다.	번역완료	batch RowID 2888-3087
3029	Data/NPCData/CIV23.EDT	11	320	I will not embarrass myself or anyone.	저 자신이나 다른 사람을 부끄럽게 만들진 않겠습니다.	번역완료	batch RowID 2888-3087
3030	Data/NPCData/CIV23.EDT	12	320	I feel ready.	준비됐습니다.	번역완료	batch RowID 2888-3087
3031	Data/NPCData/CIV23.EDT	13	320	I have gotten better at fighting. I think.	싸움 실력이 좀 늘어난 것 같습니다. 아마도요.	번역완료	batch RowID 2888-3087
3032	Data/NPCData/CIV23.EDT	14	320	I lack only experience to be the best that I can be.	이제 부족한 건 경험뿐입니다. 그것만 채우면 제 몫을 다할 수 있습니다.	번역완료	batch RowID 2888-3087
3033	Data/NPCData/CIV23.EDT	15	320	Now I have methods to defend my wife and family.	이제 아내와 가족을 지킬 방법을 알게 됐습니다.	번역완료	batch RowID 2888-3087
3034	Data/NPCData/CIV24.EDT	1	320	I killed men. It is not bad feeling.	사람을 죽여봤습니다. 기분이 아주 나쁘진 않더군요.	번역완료	batch RowID 2888-3087
3035	Data/NPCData/CIV24.EDT	2	320	I will kill for my people again if necessary.	필요하다면 우리 사람들을 위해 다시 죽이겠습니다.	번역완료	batch RowID 2888-3087
3036	Data/NPCData/CIV24.EDT	3	320	We have shown Deidranna that we fear her no more.	우리가 더는 데이드라나를 두려워하지 않는다는 걸 보여줬습니다.	번역완료	batch RowID 2888-3087
3037	Data/NPCData/CIV24.EDT	4	320	I can't wait for opportunity to kick more ass!	또 놈들 엉덩이를 걷어찰 기회가 빨리 왔으면 좋겠군요!	번역완료	batch RowID 2888-3087
3038	Data/NPCData/CIV24.EDT	5	320	Now they know we are serious.	이제 놈들도 우리가 진심이라는 걸 알 겁니다.	번역완료	batch RowID 2888-3087
3039	Data/NPCData/CIV24.EDT	6	320	I am proud of the way I behaved in the heat of battle.	격전 속에서도 제가 잘 버텨낸 게 자랑스럽습니다.	번역완료	batch RowID 2888-3087
3040	Data/NPCData/CIV24.EDT	7	320	I wish I would have stood up to them years ago.	몇 년 전에라도 놈들에게 맞섰어야 했어요.	번역완료	batch RowID 2888-3087
3041	Data/NPCData/CIV24.EDT	8	320	It is a good feeling to know you have contributed to victory.	승리에 보탬이 됐다는 걸 아니 기분이 좋습니다.	번역완료	batch RowID 2888-3087
3042	Data/NPCData/CIV24.EDT	9	320	We showed her. And we will show her again if necessary.	우리가 한 번 보여줬죠. 필요하면 또 보여줄 겁니다.	번역완료	batch RowID 2888-3087
3043	Data/NPCData/CIV24.EDT	10	320	Is there much money to be professional soldier?	직업 군인은 돈을 많이 법니까?	번역완료	batch RowID 2888-3087
3044	Data/NPCData/CIV24.EDT	11	320	It feels good to get hands dirty.	직접 손을 더럽혀보니 기분이 좋군요.	번역완료	batch RowID 2888-3087
3045	Data/NPCData/CIV24.EDT	12	320	My mother would be proud of her child.	어머니가 보셨다면 절 자랑스러워하셨을 겁니다.	번역완료	batch RowID 2888-3087
3046	Data/NPCData/CIV24.EDT	13	320	It is most liberating to take stand for oneself.	자기 힘으로 맞서보는 건 정말 해방감이 있군요.	번역완료	batch RowID 2888-3087
3047	Data/NPCData/CIV24.EDT	14	320	I hope the army comes back for more.	군대가 한 번 더 덤볐으면 좋겠습니다.	번역완료	batch RowID 2888-3087
3048	Data/NPCData/CIV24.EDT	15	320	The army will never walk over us again.	군대가 다시는 우릴 짓밟지 못할 겁니다.	번역완료	batch RowID 2888-3087
3049	Data/NPCData/CIV25.EDT	1	320	I have no money to drink.	술 마실 돈도 없어.	번역완료	batch RowID 2888-3087
3050	Data/NPCData/CIV25.EDT	2	320	Frank won't give me anymore credit.	프랭크도 이제 외상을 안 해줘.	번역완료	batch RowID 2888-3087
3051	Data/NPCData/CIV25.EDT	3	320	They took all my money.	놈들이 내 돈을 전부 가져갔어.	번역완료	batch RowID 2888-3087
3052	Data/NPCData/CIV25.EDT	4	320	I gotta get it bad.	한잔이 너무 절실해.	번역완료	batch RowID 2888-3087
3053	Data/NPCData/CIV25.EDT	5	320	Got some coin for a thirsty man?	목마른 사람한테 잔돈 좀 없나?	번역완료	batch RowID 2888-3087
3054	Data/NPCData/CIV25.EDT	6	320	Somebody stole my wallet.	누가 내 지갑을 훔쳐갔어.	번역완료	batch RowID 2888-3087
3055	Data/NPCData/CIV25.EDT	7	320	I need financial assistance. Madame Layla's girls took my money.	돈 좀 도와줘. 마담 레일라의 여자들이 내 돈을 다 가져갔어.	번역완료	batch RowID 2888-3087
3056	Data/NPCData/CIV25.EDT	8	320	I have no money because of this town.	이 동네 때문에 빈털터리가 됐어.	번역완료	batch RowID 2888-3087
3057	Data/NPCData/CIV25.EDT	9	320	I am poor. Kingpin is rich, but I am poor.	난 가난해. 킹핀은 부자인데 난 가난하다고.	번역완료	batch RowID 2888-3087
3058	Data/NPCData/CIV25.EDT	10	320	If only I could fight, I could maybe earn some money.	싸움이라도 할 수 있으면 돈을 좀 벌 텐데.	번역완료	batch RowID 2888-3087
3059	Data/NPCData/CIV25.EDT	11	320	Beware of your money in this town - it will end up in Kingpin's pocket before you realize it.	이 동네에선 돈 조심해. 정신 차리고 보면 전부 킹핀 주머니에 들어가 있을 테니까.	번역완료	batch RowID 2888-3087
3060	Data/NPCData/CIV25.EDT	12	320	Kingpin will break my legs if I don't pay my debt soon.	빚을 빨리 안 갚으면 킹핀이 내 다리를 부러뜨릴 거야.	번역완료	batch RowID 2888-3087
3061	Data/NPCData/CIV25.EDT	13	320	Bandits took all my money.	도적놈들이 내 돈을 전부 털어갔어.	번역완료	batch RowID 2888-3087
3062	Data/NPCData/CIV25.EDT	14	320	I lost my money in the extreme fighting competition.	격투 대회에서 돈을 다 잃었어.	번역완료	batch RowID 2888-3087
3063	Data/NPCData/CIV25.EDT	15	320	Beware! This town will rid you of all your earnings.	조심해! 이 동네는 네가 번 돈을 몽땅 빼앗아갈 거야.	번역완료	batch RowID 2888-3087
3064	Data/NPCData/CIV26.EDT	1	320	My death shall curse you.	내 죽음이 너를 저주할 것이다.	번역완료	batch RowID 2888-3087
3065	Data/NPCData/CIV26.EDT	2	320	My friends will deal with you.	내 동료들이 네놈을 처리할 거다.	번역완료	batch RowID 2888-3087
3066	Data/NPCData/CIV26.EDT	3	320	I am just one of many.	나는 수많은 사람 중 하나일 뿐이다.	번역완료	batch RowID 2888-3087
3067	Data/NPCData/CIV26.EDT	4	320	Enjoy it now! But I will wait for you in Hell.	지금은 즐겨라! 하지만 지옥에서 널 기다리고 있겠다.	번역완료	batch RowID 2888-3087
3068	Data/NPCData/CIV26.EDT	5	320	Kill me. Or do you lack the guts.	날 죽여라. 설마 그럴 배짱도 없나?	번역완료	batch RowID 2888-3087
3069	Data/NPCData/CIV26.EDT	6	320	It was luck.	그건 운이었을 뿐이다.	번역완료	batch RowID 2888-3087
3070	Data/NPCData/CIV26.EDT	7	320	Your time will come, too.	네 차례도 곧 온다.	번역완료	batch RowID 2888-3087
3071	Data/NPCData/CIV26.EDT	8	320	I do not fear you or death.	난 너도, 죽음도 두렵지 않다.	번역완료	batch RowID 2888-3087
3072	Data/NPCData/CIV26.EDT	9	320	God will judge you for this.	신이 이 일로 널 심판할 것이다.	번역완료	batch RowID 2888-3087
3073	Data/NPCData/CIV26.EDT	10	320	Others will take care of you.	다른 이들이 네놈을 처리할 것이다.	번역완료	batch RowID 2888-3087
3074	Data/NPCData/CIV26.EDT	11	320	Kill me, so I don't have to look at your ugly face anymore.	날 죽여라. 그래야 네 추한 얼굴을 더 안 보지.	번역완료	batch RowID 2888-3087
3075	Data/NPCData/CIV26.EDT	12	320	We will meet again. You can be sure.	우린 다시 만나게 될 거다. 틀림없이.	번역완료	batch RowID 2888-3087
3076	Data/NPCData/CIV26.EDT	13	320	You coward.	이 비겁한 놈.	번역완료	batch RowID 2888-3087
3077	Data/NPCData/CIV26.EDT	14	320	You will be next.	다음은 네 차례다.	번역완료	batch RowID 2888-3087
3078	Data/NPCData/CIV26.EDT	15	320	If I could spit, it would hit your face.	침을 뱉을 수만 있다면 네 얼굴에 뱉었을 거다.	번역완료	batch RowID 2888-3087
3079	Data/NPCData/CIV27.EDT	1	320	You have no business here.	당신이 여기 있을 이유는 없습니다.	번역완료	batch RowID 2888-3087
3080	Data/NPCData/CIV27.EDT	2	320	The military will deal with you.	군대가 당신들을 처리할 겁니다.	번역완료	batch RowID 2888-3087
3081	Data/NPCData/CIV27.EDT	3	320	You are not wanted here.	이곳에선 아무도 당신들을 원하지 않습니다.	번역완료	batch RowID 2888-3087
3082	Data/NPCData/CIV27.EDT	4	320	Everyone in this town is well-treated. You can move on.	이 마을 사람들은 모두 좋은 대우를 받고 있습니다. 이제 다른 곳으로 가세요.	번역완료	batch RowID 2888-3087
3083	Data/NPCData/CIV27.EDT	5	320	You do not know the cost of your meddling.	당신들은 참견의 대가가 얼마나 큰지 모릅니다.	번역완료	batch RowID 2888-3087
3084	Data/NPCData/CIV27.EDT	6	320	As an official of this town, I insist you vacate immediately.	이 마을의 관리로서 당장 떠날 것을 요구합니다.	번역완료	batch RowID 2888-3087
3085	Data/NPCData/CIV27.EDT	7	320	You should not have come here!	여기 오지 말았어야 했습니다!	번역완료	batch RowID 2888-3087
3086	Data/NPCData/CIV27.EDT	8	320	You have no standing in this town. I am the official administrator here.	당신들은 이 마을에서 아무 권한도 없습니다. 공식 관리자는 바로 접니다.	번역완료	batch RowID 2888-3087
3087	Data/NPCData/CIV27.EDT	9	320	We had no trouble here until you arrived.	당신들이 오기 전까진 이 마을에 아무 문제도 없었습니다.	번역완료	batch RowID 2888-3087
3088	Data/NPCData/CIV27.EDT	10	320	The Queen will send reinforcements. Then we shall see...	여왕이 증원군을 보낼 겁니다. 그때 가서 보죠...	번역완료	batch RowID 3088-3434
3089	Data/NPCData/CIV27.EDT	11	320	The people here are happy, they do not need you.	이곳 사람들은 행복합니다. 당신들은 필요 없습니다.	번역완료	batch RowID 3088-3434
3090	Data/NPCData/CIV27.EDT	12	320	Go back where you came from. You are not welcome.	왔던 곳으로 돌아가세요. 여기선 환영받지 못합니다.	번역완료	batch RowID 3088-3434
3091	Data/NPCData/CIV27.EDT	13	320	I will not tolerate your intrusion into my jurisdiction.	내 관할 구역에 멋대로 침입하는 건 용납하지 않겠습니다.	번역완료	batch RowID 3088-3434
3092	Data/NPCData/CIV27.EDT	14	320	I am the town administrator. You were not invited.	나는 이 마을의 관리자입니다. 당신들은 초대받지 않았습니다.	번역완료	batch RowID 3088-3434
3093	Data/NPCData/CIV27.EDT	15	320	The armed forces of Arulco will see that the laws are respected.	아룰코 군대가 법이 지켜지도록 할 겁니다.	번역완료	batch RowID 3088-3434
3094	Data/NPCData/CIV28.EDT	1	320	You in wrong place at good time.	잘못된 곳에 딱 좋은 때 나타났군.	번역완료	batch RowID 3088-3434
3095	Data/NPCData/CIV28.EDT	2	320	You will not feel this. I promise.	아프지도 않을 거야. 약속하지.	번역완료	batch RowID 3088-3434
3096	Data/NPCData/CIV28.EDT	3	320	I look forward to killing you.	널 죽일 생각에 기대되는군.	번역완료	batch RowID 3088-3434
3097	Data/NPCData/CIV28.EDT	4	320	Your death will complete my day.	네 죽음으로 오늘 하루가 완벽해지겠어.	번역완료	batch RowID 3088-3434
3098	Data/NPCData/CIV28.EDT	5	320	You die now!	이제 죽어!	번역완료	batch RowID 3088-3434
3099	Data/NPCData/CIV28.EDT	6	320	The pleasure will be mine.	즐거움은 내 몫이겠군.	번역완료	batch RowID 3088-3434
3100	Data/NPCData/CIV28.EDT	7	320	You are about to meet your god.	곧 네 신을 만나게 될 거다.	번역완료	batch RowID 3088-3434
3101	Data/NPCData/CIV28.EDT	8	320	Fool!	멍청한 놈!	번역완료	batch RowID 3088-3434
3102	Data/NPCData/CIV28.EDT	9	320	Die now!	지금 죽어!	번역완료	batch RowID 3088-3434
3103	Data/NPCData/CIV28.EDT	10	320	Stop living already!	이제 좀 그만 살아!	번역완료	batch RowID 3088-3434
3104	Data/NPCData/CIV28.EDT	11	320	Hope you said goodbye to your momma.	엄마한테 작별 인사는 해뒀길 바라.	번역완료	batch RowID 3088-3434
3105	Data/NPCData/CIV28.EDT	12	320	You will be remembered as a nobody.	넌 아무것도 아닌 놈으로 기억될 거다.	번역완료	batch RowID 3088-3434
3106	Data/NPCData/CIV28.EDT	13	320	Say goodbye!	작별 인사나 해!	번역완료	batch RowID 3088-3434
3107	Data/NPCData/CIV28.EDT	14	320	You will die, stupid idiot.	넌 죽는다, 이 멍청한 자식아.	번역완료	batch RowID 3088-3434
3108	Data/NPCData/CIV28.EDT	15	320	You are about to pay for your mistakes.	이제 네 실수의 대가를 치를 시간이다.	번역완료	batch RowID 3088-3434
3109	Data/NPCData/CIV29.EDT	1	320	I am not regular army. You will know this shortly.	난 일반 병사가 아니다. 곧 알게 될 거다.	번역완료	batch RowID 3088-3434
3110	Data/NPCData/CIV29.EDT	2	320	Now you face a worthy opponent.	이제야 상대다운 상대를 만났군.	번역완료	batch RowID 3088-3434
3111	Data/NPCData/CIV29.EDT	3	320	You have not killed anyone like me yet.	나 같은 놈을 죽여본 적은 아직 없겠지.	번역완료	batch RowID 3088-3434
3112	Data/NPCData/CIV29.EDT	4	320	You will taste my superior training.	내가 받은 우수한 훈련이 어떤 건지 맛보게 해주마.	번역완료	batch RowID 3088-3434
3113	Data/NPCData/CIV29.EDT	5	320	The Arulco army are mostly boys. Us, Elite soldiers, are another story.	아룰코군은 대부분 애송이들이다. 하지만 우리 정예병은 다르지.	번역완료	batch RowID 3088-3434
3114	Data/NPCData/CIV29.EDT	6	320	This time you fight against a man.	이번엔 진짜 사내를 상대하는 거다.	번역완료	batch RowID 3088-3434
3115	Data/NPCData/CIV29.EDT	7	320	Forget the rest, now you must kill the best.	지금까지 상대는 잊어라. 이제 최고를 죽여야 할 테니까.	번역완료	batch RowID 3088-3434
3116	Data/NPCData/CIV29.EDT	8	320	You have had your practice. Let us see if you learned anything.	연습은 충분히 했겠지. 뭔가 배운 게 있는지 보자.	번역완료	batch RowID 3088-3434
3117	Data/NPCData/CIV29.EDT	9	320	Killing you will be easy.	널 죽이는 건 쉬울 거다.	번역완료	batch RowID 3088-3434
3118	Data/NPCData/CIV29.EDT	10	320	You are barely worth my time.	넌 내 시간을 쓸 가치도 거의 없어.	번역완료	batch RowID 3088-3434
3119	Data/NPCData/CIV29.EDT	11	320	Your fun has come to an end.	네 즐거움도 이제 끝이다.	번역완료	batch RowID 3088-3434
3120	Data/NPCData/CIV29.EDT	12	320	You are a joke!	넌 한낱 웃음거리야!	번역완료	batch RowID 3088-3434
3121	Data/NPCData/CIV29.EDT	13	320	Come. Come fight with real soldier.	와라. 진짜 군인과 싸워봐라.	번역완료	batch RowID 3088-3434
3122	Data/NPCData/CIV29.EDT	14	320	I am not one of the little boys you are used to killing.	난 네가 익숙하게 죽이던 애송이들과는 다르다.	번역완료	batch RowID 3088-3434
3123	Data/NPCData/CIV29.EDT	15	320	It will hurt me to waste a bullet on you.	너한테 총알 한 발 낭비하는 것도 아깝겠군.	번역완료	batch RowID 3088-3434
3124	Data/NPCData/CIV30.EDT	1	320	Do something. It's very dangerous.	뭐라도 해주세요. 너무 위험해요.	번역완료	batch RowID 3088-3434
3125	Data/NPCData/CIV30.EDT	2	320	All of us will die!	우리 다 죽겠어요!	번역완료	batch RowID 3088-3434
3126	Data/NPCData/CIV30.EDT	3	320	Kill them before they kill us.	놈들이 우릴 죽이기 전에 먼저 죽여요.	번역완료	batch RowID 3088-3434
3127	Data/NPCData/CIV30.EDT	4	320	Be careful. And watch where you shoot.	조심하세요. 어디에 쏘는지도 잘 보시고요.	번역완료	batch RowID 3088-3434
3128	Data/NPCData/CIV30.EDT	5	320	You must stop this. We are all in danger.	이걸 끝내야 해요. 우리 모두 위험합니다.	번역완료	batch RowID 3088-3434
3129	Data/NPCData/CIV30.EDT	6	320	Protect the innocent. Please.	죄 없는 사람들을 지켜주세요. 제발.	번역완료	batch RowID 3088-3434
3130	Data/NPCData/CIV30.EDT	7	320	Stop the shooting!	총격을 멈춰요!	번역완료	batch RowID 3088-3434
3131	Data/NPCData/CIV30.EDT	8	320	Our town is a battlefield.	우리 마을이 전쟁터가 됐어요.	번역완료	batch RowID 3088-3434
3132	Data/NPCData/CIV30.EDT	9	320	Be done with them quickly, before more civilians die.	민간인이 더 죽기 전에 빨리 놈들을 끝내주세요.	번역완료	batch RowID 3088-3434
3133	Data/NPCData/CIV30.EDT	10	320	We are caught in the middle. Do something!	우리가 싸움 한가운데 끼었어요. 뭐라도 해주세요!	번역완료	batch RowID 3088-3434
3134	Data/NPCData/CIV30.EDT	11	320	You must take control of the situation.	이 상황을 장악해야 합니다.	번역완료	batch RowID 3088-3434
3135	Data/NPCData/CIV30.EDT	12	320	This country is crazy.	이 나라는 미쳤어요.	번역완료	batch RowID 3088-3434
3136	Data/NPCData/CIV30.EDT	13	320	Bullets! Everywhere bullets.	총알이요! 사방에 총알이 날아다녀요.	번역완료	batch RowID 3088-3434
3137	Data/NPCData/CIV30.EDT	14	320	Can't something be done? We are in the middle of a war.	뭐라도 할 수 없나요? 우린 전쟁 한복판에 있어요.	번역완료	batch RowID 3088-3434
3138	Data/NPCData/CIV30.EDT	15	320	Get away. You are a target.	저리 가세요. 당신이 표적이에요.	번역완료	batch RowID 3088-3434
3139	Data/NPCData/CIV31.EDT	1	320	We're gonna die, ain't we?	우리 죽는 거죠, 그렇죠?	번역완료	batch RowID 3088-3434
3140	Data/NPCData/CIV31.EDT	2	320	Please stop it.	제발 멈춰주세요.	번역완료	batch RowID 3088-3434
3141	Data/NPCData/CIV31.EDT	3	320	I'm just a kid. Protect me.	난 그냥 애예요. 지켜주세요.	번역완료	batch RowID 3088-3434
3142	Data/NPCData/CIV31.EDT	4	320	Whaaaaaaaaaaaa...	으아아아아아아아...	번역완료	batch RowID 3088-3434
3143	Data/NPCData/CIV31.EDT	5	320	Help us.	도와주세요.	번역완료	batch RowID 3088-3434
3144	Data/NPCData/CIV31.EDT	6	320	Aren't ya gonna shoot 'em?	저 사람들 안 쏠 거예요?	번역완료	batch RowID 3088-3434
3145	Data/NPCData/CIV31.EDT	7	320	When are the bullets gonna stop?	총알은 언제 그쳐요?	번역완료	batch RowID 3088-3434
3146	Data/NPCData/CIV31.EDT	8	320	I don't want to die, soldier.	죽고 싶지 않아요, 군인 아저씨.	번역완료	batch RowID 3088-3434
3147	Data/NPCData/CIV31.EDT	9	320	Get them. Fast. I'm scared.	빨리 잡아줘요. 무서워요.	번역완료	batch RowID 3088-3434
3148	Data/NPCData/CIV31.EDT	10	320	Don't let me die, soldier.	나 죽게 두지 마요, 군인 아저씨.	번역완료	batch RowID 3088-3434
3149	Data/NPCData/CIV31.EDT	11	320	I think I had an accident.	나... 실수한 것 같아요.	번역완료	batch RowID 3088-3434
3150	Data/NPCData/CIV31.EDT	12	320	I'm so scared.	너무 무서워요.	번역완료	batch RowID 3088-3434
3151	Data/NPCData/CIV31.EDT	13	320	I just want the shooting to stop.	그냥 총소리만 멈췄으면 좋겠어요.	번역완료	batch RowID 3088-3434
3152	Data/NPCData/CIV31.EDT	14	320	I don't want to get hurt.	다치고 싶지 않아요.	번역완료	batch RowID 3088-3434
3153	Data/NPCData/CIV31.EDT	15	320	Make the fighting stop...please.	싸움 좀 멈춰줘요... 제발.	번역완료	batch RowID 3088-3434
3154	Data/NPCData/CIV32.EDT	1	320	I cannot believe you guys did this to me!	당신들이 나한테 이럴 거라곤 믿을 수가 없군!	번역완료	batch RowID 3088-3434
3155	Data/NPCData/CIV32.EDT	2	320	Just go away!	그냥 가버려!	번역완료	batch RowID 3088-3434
3156	Data/NPCData/CIV33.EDT	1	320	Miss Doreen is a terrible woman.	도린 아줌마는 정말 나쁜 사람이에요.	번역완료	batch RowID 3088-3434
3157	Data/NPCData/CIV33.EDT	2	320	Please free us from this bad woman.	제발 저 나쁜 여자한테서 우리를 풀어주세요.	번역완료	batch RowID 3088-3434
3158	Data/NPCData/CIV33.EDT	3	320	I hate being here.	여기 있는 게 너무 싫어요.	번역완료	batch RowID 3088-3434
3159	Data/NPCData/CIV33.EDT	4	320	You must help us. We are beaten here.	우릴 도와줘야 해요. 여기서 맞고 살아요.	번역완료	batch RowID 3088-3434
3160	Data/NPCData/CIV33.EDT	5	320	Help us! I want to go home.	도와주세요! 집에 가고 싶어요.	번역완료	batch RowID 3088-3434
3161	Data/NPCData/CIV33.EDT	6	320	Miss Doreen is evil.	도린 아줌마는 악마 같아요.	번역완료	batch RowID 3088-3434
3162	Data/NPCData/CIV33.EDT	7	320	We should be in a real school.	우린 진짜 학교에 다녀야 해요.	번역완료	batch RowID 3088-3434
3163	Data/NPCData/CIV33.EDT	8	320	I hate making clothing.	옷 만드는 거 싫어요.	번역완료	batch RowID 3088-3434
3164	Data/NPCData/CIV33.EDT	9	320	My hands hurt very much.	손이 너무 아파요.	번역완료	batch RowID 3088-3434
3165	Data/NPCData/CIV33.EDT	10	320	Please tell her to let us go home.	제발 우리를 집에 보내달라고 말해줘요.	번역완료	batch RowID 3088-3434
3166	Data/NPCData/CIV33.EDT	11	320	Miss Doreen is friend of the Queen.	도린 아줌마는 여왕 친구예요.	번역완료	batch RowID 3088-3434
3167	Data/NPCData/CIV33.EDT	12	320	We only go home late at night. We work all day long. If we don't, Miss Doreen will beat us.	우린 밤늦게야 집에 가요. 하루 종일 일하고요. 안 하면 도린 아줌마가 때려요.	번역완료	batch RowID 3088-3434
3168	Data/NPCData/CIV33.EDT	13	320	Why do we have to make these stupid caps?	왜 이런 바보 같은 모자를 만들어야 해요?	번역완료	batch RowID 3088-3434
3169	Data/NPCData/CIV33.EDT	14	320	You should be careful of Miss Doreen.	도린 아줌마 조심해야 해요.	번역완료	batch RowID 3088-3434
3170	Data/NPCData/CIV33.EDT	15	320	Please let us go home.	제발 집에 가게 해주세요.	번역완료	batch RowID 3088-3434
3171	Data/NPCData/CIV34.EDT	1	320	Thank you for saving us.	우리를 구해줘서 고마워요.	번역완료	batch RowID 3088-3434
3172	Data/NPCData/CIV34.EDT	2	320	Now... I can go home and be with my family.	이제... 집에 가서 가족이랑 있을 수 있어요.	번역완료	batch RowID 3088-3434
3173	Data/NPCData/CIV34.EDT	3	320	I am scared no more. You have saved us.	이젠 안 무서워요. 우리를 구해줬잖아요.	번역완료	batch RowID 3088-3434
3174	Data/NPCData/CIV34.EDT	4	320	I make clothing no more!	이제 옷 안 만들어도 돼요!	번역완료	batch RowID 3088-3434
3175	Data/NPCData/CIV34.EDT	5	320	We are free!	우린 자유예요!	번역완료	batch RowID 3088-3434
3176	Data/NPCData/CIV34.EDT	6	320	We no longer have to work here!	이제 여기서 일 안 해도 돼요!	번역완료	batch RowID 3088-3434
3177	Data/NPCData/CIV34.EDT	7	320	My mother is going to be very happy.	우리 엄마 정말 좋아할 거예요.	번역완료	batch RowID 3088-3434
3178	Data/NPCData/CIV34.EDT	8	320	We can go home!	우리 집에 갈 수 있어요!	번역완료	batch RowID 3088-3434
3179	Data/NPCData/CIV34.EDT	9	320	I wish I was old enough to kill her myself.	내가 직접 그 여자를 죽일 수 있을 만큼 컸으면 좋았을 텐데.	번역완료	batch RowID 3088-3434
3180	Data/NPCData/CIV34.EDT	10	320	We work here no more.	이제 여기서 일 안 해요.	번역완료	batch RowID 3088-3434
3181	Data/NPCData/CIV34.EDT	11	320	Thank you for freeing us.	우리를 풀어줘서 고마워요.	번역완료	batch RowID 3088-3434
3182	Data/NPCData/CIV34.EDT	12	320	I can help my parents now!	이제 부모님을 도울 수 있어요!	번역완료	batch RowID 3088-3434
3183	Data/NPCData/CIV34.EDT	13	320	I can't wait to tell my father!	아빠한테 빨리 말하고 싶어요!	번역완료	batch RowID 3088-3434
3184	Data/NPCData/CIV34.EDT	14	320	I hated Doreen!	도린이 정말 싫었어요!	번역완료	batch RowID 3088-3434
3185	Data/NPCData/CIV34.EDT	15	320	We can go play!	이제 놀러 갈 수 있어요!	번역완료	batch RowID 3088-3434
3186	Data/NPCData/CIV35.EDT	1	320	Don't think you're gonna find anyone hidin' out down here.	여기 아래 숨어 있는 사람 찾을 생각은 마.	번역완료	batch RowID 3088-3434
3187	Data/NPCData/CIV35.EDT	2	320	Feel free to look around, ain't nobody gonna bother you.	편하게 둘러봐. 아무도 자네를 귀찮게 하지 않을 거야.	번역완료	batch RowID 3088-3434
3188	Data/NPCData/CIV35.EDT	3	320	Only us miners down here.	여기 아래엔 우리 광부들뿐이야.	번역완료	batch RowID 3088-3434
3189	Data/NPCData/CIV35.EDT	4	320	It's dark and cold, but at least there's no fighting.	어둡고 춥긴 해도 적어도 싸움은 없지.	번역완료	batch RowID 3088-3434
3190	Data/NPCData/CIV35.EDT	5	320	We don't get too many visitors in the hole.	이 구덩이엔 손님이 별로 안 와.	번역완료	batch RowID 3088-3434
3191	Data/NPCData/CIV35.EDT	6	320	About all you'll find here is a couple of pieces of ore lying around.	여기서 찾을 만한 건 굴러다니는 광석 몇 조각 정도야.	번역완료	batch RowID 3088-3434
3192	Data/NPCData/CIV35.EDT	7	320	Don't be touchin' a shovel. This here's union work.	삽은 건드리지 마. 이건 노조원 일이야.	번역완료	batch RowID 3088-3434
3193	Data/NPCData/CIV35.EDT	8	320	Don't think there's anything down here that you're looking for.	자네가 찾는 건 여기 아래엔 없을 것 같은데.	번역완료	batch RowID 3088-3434
3194	Data/NPCData/CIV35.EDT	9	320	Ain't no soldiers down here. Just us miners.	여기 아래엔 군인 없어. 우리 광부들뿐이지.	번역완료	batch RowID 3088-3434
3195	Data/NPCData/CIV35.EDT	10	320	You can relax. There's nobody in the mine looking for any trouble.	긴장 풀어도 돼. 이 광산에서 시비 걸 사람은 아무도 없어.	번역완료	batch RowID 3088-3434
3196	Data/NPCData/CIV35.EDT	11	320	You should probably talk to the head miner up top. Maybe you can convince him to help you..	위에 있는 광산 감독과 얘기해보는 게 좋을 거야. 자네를 돕도록 설득할 수 있을지도 모르지.	번역완료	batch RowID 3088-3434
3197	Data/NPCData/CIV35.EDT	12	320	Why don't you go see the head miner on the surface? I'm sure  we'd all be willing to help you out, but he's the guy to decide.	지상에 있는 광산 감독을 만나보지 그래? 우린 다 자네를 돕고 싶겠지만, 결정하는 사람은 그쪽이거든.	번역완료	batch RowID 3088-3434
3198	Data/NPCData/CIV35.EDT	13	320	Maybe we can be working for YOU. Speak with the head miner back on the surface and see if you can convince him.	어쩌면 우리가 자네들을 위해 일할 수도 있지. 지상에 있는 광산 감독과 얘기해서 설득해봐.	번역완료	batch RowID 3088-3434
3199	Data/NPCData/CIV35.EDT	14	320	Have you spoken to Matt, the head miner yet? He's up top running things. Maybe you can convince him to help you.	광산 감독 맷하고는 벌써 얘기해봤나? 위에서 일을 총괄하고 있어. 자네를 돕도록 설득할 수 있을지도 몰라.	번역완료	batch RowID 3088-3434
3200	Data/NPCData/CIV35.EDT	15	320	There is so much gold in here - maybe we can help you. Talk to the head miner on the surface and see what happens.	여긴 금이 엄청 많아. 어쩌면 우리가 자네를 도울 수 있겠지. 지상에 있는 광산 감독과 얘기해봐.	번역완료	batch RowID 3088-3434
3201	Data/NPCData/CIV36.EDT	1	320	I'm glad to be working for ya.	자네들을 위해 일하게 돼서 기쁘군.	번역완료	batch RowID 3088-3434
3202	Data/NPCData/CIV36.EDT	2	320	The days don't seem as long now that our hard work is going to a good cause.	우리 고생이 좋은 일에 쓰인다고 생각하니 하루가 예전처럼 길게 느껴지진 않아.	번역완료	batch RowID 3088-3434
3203	Data/NPCData/CIV36.EDT	3	320	No need to waste your time down here. We'll keep an eye on things.	여기 아래서 시간 낭비할 필요 없어. 우리가 잘 지켜볼게.	번역완료	batch RowID 3088-3434
3204	Data/NPCData/CIV36.EDT	4	320	Every shovel full of ore puts us that much closer to freedom. I like coming to work now.	삽 한 번 뜰 때마다 자유에 그만큼 가까워지는 거지. 이제는 출근하는 것도 좋아.	번역완료	batch RowID 3088-3434
3205	Data/NPCData/CIV36.EDT	5	320	You show that Queen what's what!	그 여왕한테 누가 진짜인지 보여줘!	번역완료	batch RowID 3088-3434
3206	Data/NPCData/CIV36.EDT	6	320	We're working as fast as we can. And doin' it with pleasure.	우린 할 수 있는 만큼 빨리 일하고 있어. 기꺼이 말이지.	번역완료	batch RowID 3088-3434
3207	Data/NPCData/CIV36.EDT	7	320	Ya might want to take care of business up top. We got everything under control down here.	자넨 위에서 할 일을 챙겨. 여기 아래는 우리가 알아서 할 테니까.	번역완료	batch RowID 3088-3434
3208	Data/NPCData/CIV36.EDT	8	320	Let me tell ya, it's a lot better digging for you guys.	정말이지, 자네들을 위해 캐는 게 훨씬 낫군.	번역완료	batch RowID 3088-3434
3209	Data/NPCData/CIV36.EDT	9	320	Ya come down here for the peace and quiet? Not much else to do here.	조용히 쉬려고 내려왔나? 여기엔 그거 말곤 별로 할 게 없어.	번역완료	batch RowID 3088-3434
3210	Data/NPCData/CIV36.EDT	10	320	You're doing a great job. And we're working as fast as we can to do our part. Keep it up!	아주 잘하고 있어. 우리도 우리 몫을 하려고 최대한 빨리 일하는 중이야. 계속해!	번역완료	batch RowID 3088-3434
3211	Data/NPCData/CIV37.EDT	1	320	Surrender now and your lives will be spared.	지금 항복하면 목숨은 살려주겠다.	번역완료	batch RowID 3088-3434
3212	Data/NPCData/CIV37.EDT	2	320	You don't have a chance. Surrender now.	너희에게 승산은 없다. 지금 항복해라.	번역완료	batch RowID 3088-3434
3213	Data/NPCData/CIV37.EDT	3	320	Surrender to Queen Deidranna or face certain death!	데이드라나 여왕에게 항복해라. 아니면 죽음뿐이다!	번역완료	batch RowID 3088-3434
3214	Data/NPCData/CIV37.EDT	4	320	You are but a small force against the Queen's army.  Surrender now and you will see another day.	여왕의 군대에 맞서기엔 너희 병력이 너무 적다. 지금 항복하면 목숨은 건질 수 있다.	번역완료	batch RowID 3088-3434
3215	Data/NPCData/CIV37.EDT	5	320	We don't get too many visitors in the hole.	이 구덩이에는 손님이 별로 없거든.	번역완료	batch RowID 3088-3434
3216	Data/NPCData/CIV38.EDT	1	320	Whatcha doin' sneaking 'round here in the dark? You must be up to no darn good, trespasser!	이 어둠 속에서 몰래 뭘 하고 다니는 거야? 수상한 짓 하러 온 게 틀림없군, 침입자!	번역완료	batch RowID 3088-3434
3217	Data/NPCData/CIV39.EDT	1	320	You da best!	당신 최고예요!	번역완료	batch RowID 3088-3434
3218	Data/NPCData/CIV39.EDT	2	320	I hope she screamed. I hope she screamed very loud.	그 여자가 비명 질렀으면 좋겠어요. 아주 크게 질렀으면 좋겠어요.	번역완료	batch RowID 3088-3434
3219	Data/NPCData/CIV39.EDT	3	320	You gonna kill the ant bugs now?	이제 그 개미 벌레들도 죽일 거예요?	번역완료	batch RowID 3088-3434
3220	Data/NPCData/CIV39.EDT	4	320	You are sure Deidranna is dead?	데이드라나가 정말 죽은 거 맞아요?	번역완료	batch RowID 3088-3434
3221	Data/NPCData/CIV39.EDT	5	320	It is very good day for my country.	오늘은 우리 나라에 정말 좋은 날이에요.	번역완료	batch RowID 3088-3434
3222	Data/NPCData/CIV39.EDT	6	320	I wish I could have seen her die.	그 여자가 죽는 걸 직접 봤으면 좋았을 텐데.	번역완료	batch RowID 3088-3434
3223	Data/NPCData/CIV39.EDT	7	320	Now, you must do something about those bugs.	이제 그 벌레들도 어떻게 좀 해주세요.	번역완료	batch RowID 3088-3434
3224	Data/NPCData/CIV39.EDT	8	320	I beg you, kill those beasts like you killed Deidranna.	부탁해요. 데이드라나를 죽인 것처럼 그 괴물들도 죽여주세요.	번역완료	batch RowID 3088-3434
3225	Data/NPCData/CIV39.EDT	9	320	Thank you, thank you!	고마워요, 정말 고마워요!	번역완료	batch RowID 3088-3434
3226	Data/NPCData/CIV39.EDT	10	320	You will be remembered always. Good luck with the insects that cause terror.	우린 당신을 언제나 기억할 거예요. 사람들을 공포에 떨게 하는 벌레들과 싸울 때 행운을 빌어요.	번역완료	batch RowID 3088-3434
3227	Data/NPCData/D13.EDT	1	320	If you think Drassen has problems, you have not been to San Mona. It is a lawless town run by a man called Kingpin.	드라센이 문제투성이라고 생각한다면 산모나는 안 가봤다는 뜻이죠. 킹핀이라는 남자가 지배하는 무법천지예요.	번역완료	batch RowID 3088-3434
3228	Data/NPCData/D13.EDT	2	320	Psssst. There is a man, Tony, he deals in guns. You will find him in San Mona. He operates out of the back of one of the shops. I hope this helps.	쉿. 토니라는 남자가 있어요. 총을 거래하죠. 산모나에서 찾을 수 있어요. 어느 가게 뒤쪽에서 장사합니다. 도움이 됐으면 좋겠네요.	번역완료	batch RowID 3088-3434
3229	Data/NPCData/D13.EDT	3	320	I hope you will not need to know this, but if ever your soldiers need medicine, there is a hospital in Cambria. You can trust the doctors there.	쓸 일이 없으면 좋겠지만, 병사들이 치료가 필요하면 캄브리아에 병원이 있어요. 거기 의사들은 믿어도 됩니다.	번역완료	batch RowID 3088-3434
3230	Data/NPCData/D13.EDT	4	320	You will want to avoid Alma. It is a military town with many soldiers.	알마는 피하는 게 좋을 거예요. 군인투성이인 군사 도시거든요.	번역완료	batch RowID 3088-3434
3231	Data/NPCData/D13.EDT	5	320	I think all of us should be standing up to the Queen's army. Maybe you show us how to use guns?	우리 모두 여왕 군대에 맞서야 한다고 생각해요. 우리한테 총 쓰는 법을 가르쳐줄 수 있나요?	번역완료	batch RowID 3088-3434
3232	Data/NPCData/D13.EDT	6	320	Did you happen to notice if Father Walker was in the bar north of here?	혹시 여기 북쪽 술집에 워커 신부님이 있는지 봤나요?	번역완료	batch RowID 3088-3434
3233	Data/NPCData/D13.EDT	7	320	Do you also hideout in the swamp house northeast of here?	당신들도 여기 북동쪽 늪지대 집에 숨어 지내나요?	번역완료	batch RowID 3088-3434
3234	Data/NPCData/D13.EDT	8	320	Do you stay in that swamp house northeast of here?	여기 북동쪽 늪지대 집에서 지내나요?	번역완료	batch RowID 3088-3434
3235	Data/NPCData/D13.EDT	9	320	Do you come from that swamp house southeast of here?	여기 남동쪽 늪지대 집에서 온 건가요?	번역완료	batch RowID 3088-3434
3236	Data/NPCData/D13.EDT	10	320	Is your hideout that house in the swamp just west of here?	여기 바로 서쪽 늪지대에 있는 집이 당신들 은신처인가요?	번역완료	batch RowID 3088-3434
3237	Data/NPCData/D5.EDT	1	320	Kingpin's fighting club is very exciting, but it is only open from 3:00pm to 2:00am.	킹핀의 격투 클럽은 정말 흥미진진해요. 다만 오후 3시부터 새벽 2시까지만 열어요.	번역완료	batch RowID 3088-3434
3238	Data/NPCData/D5.EDT	2	320	Have you tried Madame Layla's lately? I heard she got in some new talent.	요즘 마담 레일라네 가봤어요? 새 아가씨들이 들어왔다고 들었는데.	번역완료	batch RowID 3088-3434
3239	Data/NPCData/D5.EDT	3	320	I hope there's no price on your head. There was a man here recently that said he was a bounty hunter.	당신 목에 현상금이 안 걸렸으면 좋겠네요. 얼마 전에 자기가 현상금 사냥꾼이라는 남자가 여기 왔었거든요.	번역완료	batch RowID 3088-3434
3240	Data/NPCData/D_057.EDT	1	480				
3241	Data/NPCData/D_057.EDT	2	480				
3242	Data/NPCData/D_057.EDT	3	480				
3243	Data/NPCData/D_057.EDT	4	480				
3244	Data/NPCData/D_057.EDT	5	480				
3245	Data/NPCData/D_057.EDT	6	480				
3246	Data/NPCData/D_057.EDT	7	480				
3247	Data/NPCData/D_057.EDT	8	480				
3248	Data/NPCData/D_057.EDT	9	480				
3249	Data/NPCData/D_057.EDT	10	480				
3250	Data/NPCData/D_057.EDT	11	480				
3251	Data/NPCData/D_057.EDT	12	480				
3252	Data/NPCData/D_057.EDT	13	480				
3253	Data/NPCData/D_057.EDT	14	480				
3254	Data/NPCData/D_057.EDT	15	480				
3255	Data/NPCData/D_057.EDT	16	480	In Chitzena, there be many miners. She make them work, and has a man watch them carefully. An Administrator. Someone to make certain they work like dogs in her mines. Soon they will be free.	치트제나에는 광부가 많소. 여왕은 그들을 부려먹고, 한 사람을 세워 엄하게 감시하지. 관리자라는 자요. 광산에서 개처럼 일하게 만드는 자지. 곧 그들도 자유로워질 거요.	번역완료	batch RowID 3088-3434
3256	Data/NPCData/D_057.EDT	17	480	This used to be a pride of Arulco, the Ruins of Chitzena. But no more. The people, they no longer come. They be afraid to enter our country, and I do not blame them.	이곳 치트제나 유적은 한때 아룰코의 자랑이었소. 하지만 이제는 아니오. 사람들은 더 이상 오지 않소. 우리 나라에 들어오길 두려워하니, 그들을 탓할 수도 없지.	번역완료	batch RowID 3088-3434
3257	Data/NPCData/D_057.EDT	18	480	The coasts of Grumm are beautiful, but the Queen and her factories pollute here. She cares nothing for people, and the land they live on. The water they fish in? It mean even less.	그룸의 해안은 아름답지만, 여왕과 그녀의 공장들이 이곳을 오염시키고 있소. 사람도, 그들이 사는 땅도 안중에 없지. 그들이 고기를 잡는 바다? 그건 더더욱 아무 의미가 없소.	번역완료	batch RowID 3088-3434
3258	Data/NPCData/D_057.EDT	19	480	There be a few shops in this area, which ones are hard to tell. They come and go as the Queen's troops pass through. The people, the shops, they be trying to keep low, to stay out of danger.	이 근처에 가게가 몇 곳 있는데, 어느 곳인지는 알기 어렵소. 여왕의 군대가 지나갈 때마다 생겼다 사라지지. 사람도 가게도 몸을 낮추고 위험을 피하려는 거요.	번역완료	batch RowID 3088-3434
3259	Data/NPCData/D_057.EDT	20	480	The Queen's factories be nearby. When she leave power, I will shut these down forever. They spill poisons. The poor people of Grumm. What's in the air is sure to kill them before their time.	여왕의 공장이 근처에 있소. 그녀가 권좌에서 내려오면 영원히 폐쇄할 거요. 독극물을 쏟아내고 있소. 불쌍한 그룸 사람들... 이 공기라면 제 수명보다 일찍 죽을 게 분명하오.	번역완료	batch RowID 3088-3434
3260	Data/NPCData/D_057.EDT	21	480	We must be cautious here. The Queen's Administrators are thought to be nearby. It is hard to tell where, this place is so filled with smoke and soot. Damn her factories!	여긴 조심해야 하오. 여왕의 관리자들이 근처에 있다고 하오. 연기와 그을음이 너무 심해 어디 있는지 알아보기 어렵군. 빌어먹을 공장들!	번역완료	batch RowID 3088-3434
3261	Data/NPCData/D_057.EDT	22	480	There were once many cars in Arulco, but the Queen does not wish the people to have fuel. She keeps it for herself, her troops and the mines. Around here, there be both a gas station and a junkyard. A sign of old times.	아룰코에도 한때 자동차가 많았소. 하지만 여왕은 사람들이 연료를 갖는 걸 원치 않지. 자기와 군대, 광산을 위해 독차지하오. 이 근처엔 주유소와 폐차장이 둘 다 있소. 옛 시절의 흔적이지.	번역완료	batch RowID 3088-3434
3262	Data/NPCData/D_057.EDT	23	480	We are on the outskirts of the Queen's Nature Center. I be certain that this is some kind of lie, some cover, but for what, I do not know. She say they study Bloodcats.	여왕의 자연 센터 외곽이오. 분명 뭔가 거짓말을 감추기 위한 위장이라고 보오. 무엇인지는 모르겠지만. 그녀는 블러드캣을 연구한다고 하지.	번역완료	batch RowID 3088-3434
3263	Data/NPCData/D_057.EDT	24	480	The rich of Arulco live here in Balime. They are the chosen friends of Queen Deidranna. They have prospered greatly from the misery of others.	아룰코의 부자들은 이곳 발리메에 살고 있소. 데이드라나 여왕이 선택한 친구들이지. 다른 이들의 고통을 발판 삼아 크게 번영했소.	번역완료	batch RowID 3088-3434
3264	Data/NPCData/D_057.EDT	25	480	The Queen's museum is nearby. There was a time that the treasures of Arulco were ours, every man's, to see. It be a noble goal to liberate this country and return its riches to all of the people.	여왕의 박물관이 근처에 있소. 아룰코의 보물은 한때 우리 모두의 것, 누구나 볼 수 있는 것이었소. 이 나라를 해방하고 그 부를 국민 모두에게 돌려주는 건 고귀한 목표요.	번역완료	batch RowID 3088-3434
3265	Data/NPCData/D_057.EDT	26	480	The Queen's gardens are here. I am saddened that it be one of the few beautiful places left in my country. Soon, I hope, the people will celebrate our victory here.	여왕의 정원이 여기 있소. 내 나라에 남은 몇 안 되는 아름다운 곳 중 하나라는 사실이 슬프군. 머지않아 이곳에서 사람들이 우리의 승리를 축하하길 바라오.	번역완료	batch RowID 3088-3434
3266	Data/NPCData/D_057.EDT	27	480	I have waited long for this day. Soon, we be in the Queen's palace, and then, in her presence. I have seen her at my knees begging for her life during many nights of sleep. I always wake upon shooting her.	이날을 오래 기다렸소. 곧 여왕의 궁전에 들어가 그녀를 직접 마주하게 될 거요. 수많은 밤 꿈속에서 그녀가 내 발밑에 무릎 꿇고 목숨을 구걸하는 모습을 봤소. 나는 늘 그녀를 쏘는 순간 잠에서 깨지.	번역완료	batch RowID 3088-3434
3267	Data/NPCData/D_057.EDT	28	480	Her missiles, they be coming from this area. There must be a SAM nearby.	그녀의 미사일이 이 지역에서 날아오고 있소. 근처에 SAM 기지가 틀림없이 있을 거요.	번역완료	batch RowID 3088-3434
3268	Data/NPCData/D_057.EDT	29	480	The Meduna airport is nearby. I have long thought of the day when our people will be able to come and go as they please, when we will be free again. She will not surrender this area lightly. We must use caution.	메두나 공항이 근처에 있소. 우리 사람들이 다시 자유롭게 오갈 수 있게 될 날을 오래 그려왔소. 그녀는 이 지역을 쉽게 내주지 않을 거요. 조심해야 하오.	번역완료	batch RowID 3088-3434
3269	Data/NPCData/D_057.EDT	30	480	It is hard even now for me to trust these people, though they are my own. Surrounded by guns, tanks, soldiers, they must be insane to stay. Or maybe they are trapped like so many others.	지금도 이 사람들을 믿기 어렵소. 내 동포인데도 말이오. 총과 전차와 병사들에게 둘러싸여 있으면서도 남아 있다니, 미쳤거나 아니면 수많은 사람들처럼 갇혀 있는 거겠지.	번역완료	batch RowID 3088-3434
3270	Data/NPCData/D_057.EDT	31	480	The homes and shops here, many years ago, I recall they were proud, friendly, something you would enjoy visiting. Now, Meduna is host to the blood of this war.	이곳의 집과 상점들은 오래전에는 자랑스럽고 정겨워서 찾아오고 싶은 곳이었소. 이제 메두나는 이 전쟁의 피로 물들었군.	번역완료	batch RowID 3088-3434
3271	Data/NPCData/D_057.EDT	32	480	I know this area very well. I long feared it would be me inside. Arulco's worst prison is here, and the warden, she live on the premises in a small house. She be a mean woman, evil enough to be Deidranna's sister..	나는 이곳을 아주 잘 아오. 오랫동안 내가 저 안에 갇히게 될까 두려워했지. 아룰코 최악의 감옥이 여기 있고, 교도소장은 부지 안 작은 집에 산다오. 데이드라나의 자매라 해도 될 만큼 악독한 여자요.	번역완료	batch RowID 3088-3434
3272	Data/NPCData/D_057.EDT	33	480				
3273	Data/NPCData/D_057.EDT	34	480	Controlling the SAM site here would provide us an advantage.	이곳의 SAM 기지를 장악하면 우리에게 유리할 거요.	번역완료	batch RowID 3088-3434
3274	Data/NPCData/D_057.EDT	35	480	There be a SAM site here. It be of great importance, since it covers central Arulco. Prepare to meet resistance.	여기에 SAM 기지가 있소. 아룰코 중부를 담당하니 매우 중요하오. 강한 저항에 대비하시오.	번역완료	batch RowID 3088-3434
3275	Data/NPCData/D_058.EDT	1	480				
3276	Data/NPCData/D_058.EDT	2	480				
3277	Data/NPCData/D_058.EDT	3	480				
3278	Data/NPCData/D_058.EDT	4	480				
3279	Data/NPCData/D_058.EDT	5	480				
3280	Data/NPCData/D_058.EDT	6	480				
3281	Data/NPCData/D_058.EDT	7	480				
3282	Data/NPCData/D_058.EDT	8	480				
3283	Data/NPCData/D_058.EDT	9	480				
3284	Data/NPCData/D_058.EDT	10	480				
3285	Data/NPCData/D_058.EDT	11	480				
3286	Data/NPCData/D_058.EDT	12	480				
3287	Data/NPCData/D_058.EDT	13	480				
3288	Data/NPCData/D_058.EDT	14	480				
3289	Data/NPCData/D_058.EDT	15	480				
3290	Data/NPCData/D_058.EDT	16	480	Here, the people suffer under the eye of the Queen's Administrators. They are made to work all day in the mines. There is no pleasure for them here, and little hope, perhaps, we might bring them a better life.	이곳 사람들은 여왕의 관리자 감시 아래 고통받고 있소. 하루 종일 광산에서 일하도록 강요당하지. 즐거움도 거의 없고 희망도 없소. 어쩌면 우리가 더 나은 삶을 가져다줄 수 있을 거요.	번역완료	batch RowID 3088-3434
3291	Data/NPCData/D_058.EDT	17	480	The famous Ruins of Chitzena are nearby. For many years, they bring tourists and money to Arulco. The war, it cut us off from the outside world, and there are no longer any treasures to witness.	유명한 치트제나 유적이 근처에 있소. 수년 동안 관광객과 돈을 아룰코로 불러왔지. 전쟁이 우리를 외부 세계와 끊어놓았고, 이제는 그 보물을 보러 오는 사람도 없소.	번역완료	batch RowID 3088-3434
3292	Data/NPCData/D_058.EDT	18	480	The coastline of Grumm be beautiful. But do not be deceived. The pollution from her factories destroys everything slowly here, as the factories make preparations to destroy us.	그룸 해안은 아름답소. 하지만 속지 마시오. 그녀의 공장에서 나오는 오염이 이곳의 모든 것을 천천히 파괴하고 있소. 그 공장들은 결국 우리까지 파괴할 준비를 하고 있지.	번역완료	batch RowID 3088-3434
3293	Data/NPCData/D_058.EDT	19	480	There are shops here, but the keepers be too afraid to speak against the Queen. They operate in secrecy, hoping to avoid her watchful eye.	가게들이 있긴 하지만 주인들은 여왕에 맞서 말하기를 너무 두려워하오. 감시를 피하려고 숨어서 장사하고 있소.	번역완료	batch RowID 3088-3434
3294	Data/NPCData/D_058.EDT	20	480	Can you feel it? There be death in the air. It is the factories. What they make will kill people before long. It is the toilet of Arulco.	느껴지오? 공기 속에 죽음이 있소. 공장 때문이오. 그곳에서 만드는 것들이 머지않아 사람들을 죽일 거요. 아룰코의 변소나 다름없소.	번역완료	batch RowID 3088-3434
3295	Data/NPCData/D_058.EDT	21	480	There is little here but a bar, shelter from the soot and smoke of her factories. She has her eyes here, too. An Administrator, who watches the people like a hawk.	이곳엔 술집 정도밖에 없소. 그녀의 공장이 내뿜는 그을음과 연기를 피할 곳이지. 여기도 그녀의 눈이 있소. 사람들을 매처럼 감시하는 관리자가 말이오.	번역완료	batch RowID 3088-3434
3296	Data/NPCData/D_058.EDT	22	480	I have not been here lately, but I do know these things. There is a junkyard and a gas station nearby. There be, too, a large field. A helicopter could take off and land there.	최근엔 이곳에 와보지 않았지만 이건 알고 있소. 근처에 폐차장과 주유소가 있소. 넓은 공터도 있지. 헬리콥터가 이착륙할 수 있을 거요.	번역완료	batch RowID 3088-3434
3297	Data/NPCData/D_058.EDT	23	480	The Queen claims that this is a nature reserve for Bloodcats. I do not believe this. I fear something much worse.	여왕은 이곳이 블러드캣 자연 보호구역이라고 주장하오. 나는 믿지 않소. 훨씬 더 끔찍한 무언가가 있을까 두렵소.	번역완료	batch RowID 3088-3434
3298	Data/NPCData/D_058.EDT	24	480	Balime is proof that the rich get richer. And here in Arulco, well, the poor, they die. The Queen's friends live here, living off the work, the honor, and the sweat of Arulco's men.	발리메는 부자는 더 부자가 된다는 증거요. 여기 아룰코에서 가난한 사람들은 죽어가지. 여왕의 친구들이 이곳에서 아룰코 남자들의 노동과 명예, 땀을 먹고 살고 있소.	번역완료	batch RowID 3088-3434
3299	Data/NPCData/D_058.EDT	25	480	Our greatest national treasures are housed in a Museum here, and I fear that what belongs to the people will never be seen by them again. The Queen exhibits everything for her rich friends to enjoy.	우리의 가장 귀중한 국보들이 이곳 박물관에 보관되어 있소. 국민의 것인 보물들을 정작 국민은 다시는 보지 못할까 두렵소. 여왕은 부유한 친구들이 즐기도록 모든 걸 전시하고 있지.	번역완료	batch RowID 3088-3434
3300	Data/NPCData/D_058.EDT	26	480	You will see soon the Queen's gardens. While the people of Arulco die and suffer, she nurtures her flowers into beauty. There be no woman more evil. I am certain of it.	곧 여왕의 정원을 보게 될 거요. 아룰코 사람들이 죽고 고통받는 동안 그녀는 꽃을 아름답게 가꾸고 있소. 그보다 사악한 여자는 없다고 확신하오.	번역완료	batch RowID 3088-3434
3301	Data/NPCData/D_058.EDT	27	480	I have waited many years to be here, the Queen's palace. It is within our reach. I pray that nothing goes wrong now.	여왕의 궁전, 이곳에 오기까지 오랜 세월을 기다렸소. 이제 손에 닿을 거리요. 지금 아무 일도 잘못되지 않기를 기도하오.	번역완료	batch RowID 3088-3434
3302	Data/NPCData/D_058.EDT	28	480	I have heard missiles come from this area to destroy the innocent in the sky.	무고한 이들이 탄 비행기를 떨어뜨리는 미사일이 이 지역에서 발사된다고 들었소.	번역완료	batch RowID 3088-3434
3303	Data/NPCData/D_058.EDT	29	480	We are near the airport. It is big enough to land jets. It is the Queen's access to the outside world. I have not been here since I was a boy.	공항 근처요. 제트기도 착륙할 만큼 크지. 여왕이 외부 세계로 통하는 관문이오. 어릴 적 이후로는 와본 적이 없소.	번역완료	batch RowID 3088-3434
3304	Data/NPCData/D_058.EDT	30	480	I cannot imagine how they live here, like this. You may not see them, but everywhere, there be the Queen's defenses, her machine guns, and even talk of a tank or two. It look difficult for us now.	사람들이 어떻게 이런 곳에서 사는지 상상도 안 되는군. 눈에 보이지 않을지 몰라도 사방이 여왕의 방어 시설이오. 기관총에, 전차 한두 대가 있다는 말도 있지. 우리에게 쉽지 않겠소.	번역완료	batch RowID 3088-3434
3305	Data/NPCData/D_058.EDT	31	480	Here, there are homes and stores. It was a busy shopping area, but now it be too dangerous here to even enjoy a single minute of shopping. There are machine guns here, and soldiers everywhere.	여기엔 집과 상점이 있소. 한때 번화한 상업 지구였지만 이제는 단 1분도 쇼핑을 즐기기엔 너무 위험하오. 기관총과 병사들이 사방에 있소.	번역완료	batch RowID 3088-3434
3306	Data/NPCData/D_058.EDT	32	480	There is a prison here, and next to it, I remember, is the Warden's house. She is an evil woman, too. I fear what she does to the men inside.	여기 감옥이 있고, 그 옆에는 기억하기로 교도소장의 집이 있소. 그 여자도 악독하지. 안에 갇힌 사람들에게 무슨 짓을 하는지 두렵소.	번역완료	batch RowID 3088-3434
3307	Data/NPCData/D_058.EDT	33	480				
3308	Data/NPCData/D_058.EDT	34	480	This area has missiles to shoot down planes.	이 지역에는 비행기를 격추하는 미사일이 있소.	번역완료	batch RowID 3088-3434
3309	Data/NPCData/D_058.EDT	35	480	The SAM site that is located here will be tough to fight for. It is of great value to the Queen. She will have it well protected.	여기 있는 SAM 기지를 차지하려면 힘든 싸움이 될 거요. 여왕에게 매우 중요한 곳이니 철저히 지키고 있을 것이오.	번역완료	batch RowID 3088-3434
3310	Data/NPCData/D_059.EDT	1	480	Yeah, this is Arulco's secondary commercial airstrip. She's ferrying stuff in and out of here all the time. She's got one of her goons to keep an eye on it, too. Man, I'd love to take him out.	그래, 여기가 아룰코의 제2 상업 비행장이야. 그년이 늘 여기로 물건을 들여오고 내보내지. 감시하라고 똘마니 하나도 붙여놨어. 아, 저 자식 정말 없애버리고 싶다.	번역완료	batch RowID 3088-3434
3311	Data/NPCData/D_059.EDT	2	480	Well, you'll find a nice bombed out piece of tarmack here that used to pass for the local airstrip. Believe it or not, there was a time when people used it for pleasure, before the Queen bombed it, that is.	뭐, 여기엔 한때 지역 비행장이라고 부르던 폭격 맞아 너덜너덜한 활주로가 있어. 믿거나 말거나, 여왕이 폭격하기 전엔 사람들이 놀러 다닐 때도 이용했대.	번역완료	batch RowID 3088-3434
3312	Data/NPCData/D_059.EDT	3	480	Now this is an oddity. Drassen actually has a church here. Why the Queen lets it continue is anybody's guess, but I'd bet my bottom dollar that something's up. Father Walker says she fears crossing the Pope.	이건 좀 이상해. 드라센에 교회가 실제로 있거든. 여왕이 왜 그냥 두는지는 아무도 모르지만 뭔가 있긴 있을 거야. 워커 신부 말로는 그년이 교황을 건드리는 걸 두려워한대.	번역완료	batch RowID 3088-3434
3313	Data/NPCData/D_059.EDT	4	480	There's a Military Base here. It's where the bitch trains her troops. She brainwashes them, then supplies them their only opportunity for pride: a uniform and us rebels as a target.	여기 군사 기지가 있어. 그년이 병사들을 훈련시키는 곳이지. 세뇌시킨 다음 자존심이라고는 제복 하나랑 우리 반군을 표적으로 삼을 기회밖에 안 줘.	번역완료	batch RowID 3088-3434
3314	Data/NPCData/D_059.EDT	5	480	The Queen keeps a bunch of stuff in a warehouse here. I'm not exactly certain what, I mean, I've never been inside, but I presume it's things that they use in their training. Bunch of pigs.	여왕이 여기 창고에 물건을 잔뜩 쌓아두고 있어. 정확히 뭔진 몰라. 안에 들어가 본 적은 없거든. 아마 훈련에 쓰는 것들이겠지. 돼지 같은 놈들.	번역완료	batch RowID 3088-3434
3315	Data/NPCData/D_059.EDT	6	480	I keep expecting Amnesty International to raid this place. See, she's got her Military Prison here. Mostly confines army personnel who ask too many questions or don't do as they're told.	난 국제앰네스티가 언제 여길 급습하나 싶다니까. 여기 군사 감옥이 있거든. 질문을 너무 많이 하거나 명령대로 안 하는 군인들을 주로 가둬.	번역완료	batch RowID 3088-3434
3316	Data/NPCData/D_059.EDT	7	480	And I'll tell you another thing, too. I've seen a lot of people go in there, and they don't come out. They don't go anywhere! They just disappear - no bones, no bodies, no nothing.	그리고 하나 더. 여기 들어간 사람은 많이 봤는데, 나오는 사람은 못 봤어. 어디로 가는 것도 아니야! 그냥 사라져. 뼈도, 시체도, 아무것도 없어.	번역완료	batch RowID 3088-3434
3317	Data/NPCData/D_059.EDT	8	480	It's a sorry town. The people are living on the edge of all her military crap, and they pretty much work in the mines day in and day out. Problem is, she's got Goons here watching. They don't have a choice.	정말 불쌍한 동네야. 사람들은 그년의 온갖 군사 시설 바로 옆에 살면서 하루 종일 광산에서 일해. 문제는 감시하는 똘마니까지 있다는 거지. 선택지가 없어.	번역완료	batch RowID 3088-3434
3318	Data/NPCData/D_059.EDT	9	480	They got a hospital here in Cambria. You ask me, it's pretty much a free-range virus farm, but beggars can't be choosers now, can they?	캄브리아에는 병원이 있어. 내 눈엔 거의 바이러스를 방목하는 농장 수준이지만, 아쉬운 사람이 따질 처지는 아니잖아?	번역완료	batch RowID 3088-3434
3319	Data/NPCData/D_059.EDT	10	480	There's a university here that's as empty as the bitch's head. Queen shut it down years ago. She doesn't need anyone getting smart. She needs miners and soldiers. Money and Power!	여기 대학이 있는데 그년 머릿속만큼이나 텅 비었어. 여왕이 몇 년 전에 문 닫았거든. 사람들이 똑똑해지는 건 필요 없다는 거지. 필요한 건 광부와 병사. 돈과 권력!	번역완료	batch RowID 3088-3434
3320	Data/NPCData/D_059.EDT	11	480	You'll notice that the homes here are better than most. You know why? 'Cause flippin' doctors always make more money than everyone else, that's why! Happens everywhere. Just here, even they're poor.	여기 집들이 다른 곳보다 괜찮은 거 보이지? 왜 그런지 알아? 빌어먹을 의사들은 어디서나 남들보다 돈을 더 벌거든! 여기선 그 사람들조차 가난하지만.	번역완료	batch RowID 3088-3434
3321	Data/NPCData/D_059.EDT	12	480	Got a few shops in Cambria. It's like the hub of the countryside. The people here have to be careful. The Queen's got a Goon here who's got his beady little eyes into everything. I'd hurt him.	캄브리아에 가게가 몇 군데 있어. 시골 지역의 중심 같은 곳이지. 사람들은 조심해야 해. 여왕이 똘마니 하나를 박아놔서 작은 것까지 전부 감시하거든. 진짜 패주고 싶어.	번역완료	batch RowID 3088-3434
3322	Data/NPCData/D_059.EDT	13	480	This is probably the only part of San Mona you can show on postcards, well except for the fire that trashed the view up north. Everything here's pretty much on the up and up.	산모나에서 엽서에 실어도 될 만한 곳은 아마 여기뿐일 거야. 북쪽 풍경을 망친 화재만 빼면 말이지. 여긴 대체로 합법적인 편이야.	번역완료	batch RowID 3088-3434
3323	Data/NPCData/D_059.EDT	14	480	You got your hookers, your bars, you name it here! It's almost like the Las Vegas of Arulco, except it's all owned by one man.	매춘부에 술집에, 없는 게 없어! 아룰코의 라스베이거스 같은 곳이지. 딱 하나, 모든 걸 한 사람이 소유한다는 것만 빼고.	번역완료	batch RowID 3088-3434
3324	Data/NPCData/D_059.EDT	15	480	There's this guy here, name's Kingpin... you can tell he thinks he's a big shot, huh? Well, he owns everything and he runs his exclusive club. Gotta be a MEMBER or a friend to get in. Well, screw him. I don't need it.	여기 킹핀이라는 놈이 있어... 이름부터 자기가 거물인 줄 아는 티가 나지? 이 동네 모든 걸 소유하고 전용 클럽도 운영해. 들어가려면 회원이거나 친구여야 한대. 웃기시네. 난 필요 없어.	번역완료	batch RowID 3088-3434
3325	Data/NPCData/D_059.EDT	16	480	Yeah, there's a bunch of huts here for the miners. Man, I tell you, if I were them, I'd say something! They just schlep to the mines every day for the Queen. Even if she does have one of her Goons here, I'd say something!	그래, 여긴 광부들 오두막이 잔뜩 있어. 내가 저 사람들이면 한마디 하고도 남았어! 매일 여왕을 위해 광산으로 터벅터벅 끌려가잖아. 똘마니 하나가 감시한다고 해도 난 가만 안 있을 텐데!	번역완료	batch RowID 3088-3434
3326	Data/NPCData/D_059.EDT	17	480	Got some Ruins here in Chitzena. Box of rocks used to be a tourist attraction. Brought in all kinds of dough for Arulco over a decade ago. I was never much for history. Majored in humanities.	치트제나 유적이 여기 있어. 돌무더기가 10년도 전에는 관광 명소였대. 아룰코에 돈을 엄청 끌어왔지. 난 역사엔 별 관심 없었어. 전공은 인문학이었거든.	번역완료	batch RowID 3088-3434
3327	Data/NPCData/D_059.EDT	18	480	Got good and bad here along the coast. Decent housing, but the Queen's factory is spewing all kinds of pollution all over the place! Town of Grumm's pretty industrial.	이 해안에는 좋은 것도 나쁜 것도 있어. 주택은 괜찮은데 여왕 공장이 온갖 오염물질을 쏟아내고 있어! 그룸은 꽤 공업 도시야.	번역완료	batch RowID 3088-3434
3328	Data/NPCData/D_059.EDT	19	480	Got some shops here in Grumm, but they tend to keep quiet. Guess they figure what the Queen doesn't know, the Queen won't disturb. Of course, that's stupid if you ask me. She knows everything.	그룸에 가게가 좀 있는데 다들 조용히 지내. 여왕이 모르는 건 건드리지도 않을 거라 생각하나 봐. 내 생각엔 바보 같은 짓이야. 그년은 다 알고 있거든.	번역완료	batch RowID 3088-3434
3329	Data/NPCData/D_059.EDT	20	480	We need to be careful here. She's got a factory here with this glowing, green stuff. In my opinion, no one in Grumm is gonna live past the age of 25... and those are the non-smokers.	여긴 조심해야 해. 그년 공장에서 형광빛 도는 초록색 물질을 만들고 있어. 내 생각엔 그룸 사람 중 스물다섯 넘게 살 사람은 없을 것 같아... 담배 안 피우는 사람들조차.	번역완료	batch RowID 3088-3434
3330	Data/NPCData/D_059.EDT	21	480	Now that we're here, you can get used to the taste of barbeque pit in your mouth. They burn plenty of coal around here. There's a bar nearby, so we can get something to wash the taste out.	여기 왔으니 입안에서 바비큐 화덕 맛 나는 데 익숙해져야 할 거야. 이 근처에서 석탄을 엄청 태우거든. 근처에 술집이 있으니 뭐라도 마셔서 그 맛을 씻어낼 순 있겠네.	번역완료	batch RowID 3088-3434
3331	Data/NPCData/D_059.EDT	22	480	I used to come around here to get gas, pick up parts for the car in the junkyard. That was when you saw cars in Arulco. Gas is next to impossible to come by. The Queen only imports enough for her purposes.	예전엔 여기 와서 기름 넣고 폐차장에서 차 부품도 구했어. 아룰코에 자동차가 돌아다니던 시절 얘기지. 지금은 휘발유 구하기가 거의 불가능해. 여왕이 자기 쓸 만큼만 수입하거든.	번역완료	batch RowID 3088-3434
3332	Data/NPCData/D_059.EDT	23	480	Queen's got a nature center here, but I don't know if I'm buying it. Got lots of body parts coming and going, but on the other hand, they ARE studying Bloodcats... so maybe they're just not careful. Hard to say.	여왕이 여기 자연 센터를 만들어놨는데, 난 영 못 믿겠어. 사람 몸 조각들이 엄청 들락날락하거든. 근데 또 블러드캣을 연구하는 건 맞아... 그냥 조심성이 없는 걸지도. 모르겠네.	번역완료	batch RowID 3088-3434
3333	Data/NPCData/D_059.EDT	24	480	Here we are in beautiful Balime, home of the rich and manipulative. So what if I'm bitter! I don't care. I'm about to get even.	자, 아름다운 발리메야. 부자와 조종질 좋아하는 인간들의 고향이지. 그래, 나 삐딱하다! 어쩔 건데. 이제 갚아줄 차례야.	번역완료	batch RowID 3088-3434
3334	Data/NPCData/D_059.EDT	25	480	They got a museum here that smells of an assbackwards Robin Hood. Queen stole every artifact and article of value from the poor and put it on display for the rich.	여기 박물관은 완전히 거꾸로 된 로빈 후드 냄새가 나. 여왕이 가난한 사람들에게서 유물과 값나가는 물건을 죄다 훔쳐다가 부자들 보라고 전시해놨어.	번역완료	batch RowID 3088-3434
3335	Data/NPCData/D_059.EDT	26	480	I made up a little rhyme about the gardens here. It goes something like this: Queen, Queen, I'd take out your spleen, but how does your garden grow? With Silver Bells and mortar shells, and your soldiers all in a row.	여기 정원을 두고 짧은 운율 하나 만들었어. 대충 이래. 여왕아, 여왕아, 네 비장을 꺼내주마. 네 정원은 어찌 그리 잘 자라나? 은종과 박격포탄, 줄지어 선 병사들 덕분인가?	번역완료	batch RowID 3088-3434
3336	Data/NPCData/D_059.EDT	27	480	This is where her palace is. Oh, I've been waiting for this! If it were me, I'd just rush right in and shoot her. Twice!	여기가 그년의 궁전이야. 아, 이걸 얼마나 기다렸는지! 나라면 그냥 뛰어들어가서 쏴버릴 거야. 두 번!	번역완료	batch RowID 3088-3434
3337	Data/NPCData/D_059.EDT	28	480	I've known this was here for a while. Never seen it right up close. It's a surface-to-air missile site. Obviously, this isn't the place of the friendly skies.	여기 있다는 건 오래전부터 알았지만 이렇게 가까이서 보는 건 처음이야. 지대공 미사일 기지야. 확실히 '친절한 하늘'과는 거리가 멀지.	번역완료	batch RowID 3088-3434
3338	Data/NPCData/D_059.EDT	29	480	Please make certain your seats are in their upright position, 'cause from here on out, it's gonna be turbulent. She guards this airport here with all kinds of sadistic crap. We gotta be careful.	좌석 등받이는 똑바로 세워주세요. 이제부터 난기류가 시작될 테니까. 그년이 이 공항을 온갖 악랄한 장비로 지키고 있어. 조심해야 해.	번역완료	batch RowID 3088-3434
3339	Data/NPCData/D_059.EDT	30	480	Just homes here. Oh, and machine guns, and probably tanks. A regular day for the citizens of Meduna. You ask me, I'd be right the hell out of here.	그냥 주택가야. 아, 기관총이랑 아마 전차도 있겠지. 메두나 시민들에겐 평범한 하루겠네. 나라면 당장 여기서 튀었어.	번역완료	batch RowID 3088-3434
3340	Data/NPCData/D_059.EDT	31	480	Ain't so bad in this part of Meduna, but it's bad enough. Think we can expect some serious defenses. We're ready for them, huh? Got a few homes and stores here, too.	메두나의 이쪽은 그나마 덜 나쁘지만, 그래도 충분히 나빠. 강력한 방어를 각오해야 할 거야. 준비됐지? 집하고 상점도 조금 있어.	번역완료	batch RowID 3088-3434
3341	Data/NPCData/D_059.EDT	32	480	They got a jail here that makes Alcatraz look like Disneyland. It's not just the jail's condition either. The warden's got a house right on the grounds, and by all accounts, she's one mean bitch.	여기 감옥은 알카트라즈를 디즈니랜드처럼 보이게 만들 정도야. 감옥 상태만 문제가 아니지. 교도소장이 부지 안에 집까지 두고 사는데, 듣기로는 엄청 지독한 년이래.	번역완료	batch RowID 3088-3434
3342	Data/NPCData/D_059.EDT	33	480	Prepare to meet resistance! The Queen has one of her SAM sites located here.	저항을 각오해! 여왕의 SAM 기지 중 하나가 여기 있어.	번역완료	batch RowID 3088-3434
3343	Data/NPCData/D_059.EDT	34	480	Expect trouble! There's a SAM installation close by. I love it when we capture those. I'm tired of that bitch ruling the skies.	문제 생길 준비 해! 근처에 SAM 시설이 있어. 저걸 점령할 때가 제일 좋아. 그년이 하늘을 지배하는 꼴은 지긋지긋하거든.	번역완료	batch RowID 3088-3434
3344	Data/NPCData/D_059.EDT	35	480	There another missile site here, so you know it's gonna be well-guarded. Not that I care much... I've been waiting to settle the score for so long, the more the merrier, I say.	여기 미사일 기지가 하나 더 있어. 그러니 경비가 빡셀 건 뻔하지. 뭐, 난 별로 신경 안 써... 결판낼 날을 너무 오래 기다렸거든. 많으면 많을수록 좋지.	번역완료	batch RowID 3088-3434
3345	Data/NPCData/D_060.EDT	1	480				
3346	Data/NPCData/D_060.EDT	2	480				
3347	Data/NPCData/D_060.EDT	3	480				
3348	Data/NPCData/D_060.EDT	4	480	There is place here where the Queen's army gets better. They do practice shooting and fighting and train to kill us. The rebels do not have place like this.	여기 여왕 군대가 더 강해지는 곳 있다. 사격하고 싸우는 연습하고, 우리 죽이는 법 배운다. 반군은 이런 곳 없다.	번역완료	batch RowID 3088-3434
3349	Data/NPCData/D_060.EDT	5	480	The Queen has things in building here for army. They have many good things.	여왕이 여기 건물에 군대 물건 둔다. 좋은 물건 아주 많다.	번역완료	batch RowID 3088-3434
3350	Data/NPCData/D_060.EDT	6	480	The jail here, it is military jail. Soldiers who do not listen, they go here to think about it.	여기 감옥은 군사 감옥이다. 말 안 듣는 군인은 여기 와서 생각한다.	번역완료	batch RowID 3088-3434
3351	Data/NPCData/D_060.EDT	7	480	This jail scares me. Prisoners disappear. No bodies, no bones, no graves. Makes me wonder what happens to them.	이 감옥 무섭다. 죄수들이 사라진다. 시체도, 뼈도, 무덤도 없다. 무슨 일 생기는지 궁금하다.	번역완료	batch RowID 3088-3434
3352	Data/NPCData/D_060.EDT	8	480	I do not know how the people of Alma live this way, so close to the the Queen's army. She has manspy here, too. He spies and makes them be good. He makes them work in mines all day.	사람들이 여왕 군대 이렇게 가까이 있는데 어떻게 알마에서 사는지 모르겠다. 여왕의 감시꾼도 여기 있다. 사람들 감시하고 착하게 만들고 하루 종일 광산에서 일하게 한다.	번역완료	batch RowID 3088-3434
3353	Data/NPCData/D_060.EDT	9	480	This hospital here is not much, but it is all we have. I was born in room here.	여기 병원 별로지만, 우리한텐 이것뿐이다. 나 여기 방에서 태어났다.	번역완료	batch RowID 3088-3434
3354	Data/NPCData/D_060.EDT	10	480	There was a school here. I work here at university when I was boy, but the Queen closed the doors. I was window cleaner. It was good job.	여기 학교 있었다. 나 어릴 때 대학에서 일했다. 그런데 여왕이 문 닫았다. 나는 창문 닦는 사람이었다. 좋은 일자리였다.	번역완료	batch RowID 3088-3434
3355	Data/NPCData/D_060.EDT	11	480	Some homes are okay here. It is where doctors live. Doctors are very smart people.	여기 집 몇 곳 괜찮다. 의사들이 사는 곳이다. 의사는 아주 똑똑한 사람들이다.	번역완료	batch RowID 3088-3434
3356	Data/NPCData/D_060.EDT	12	480	The shops, the people here, it is like old Arulco, but people are too quiet now. Queen have manspy here, and he tell her if they are bad. It is a sad way to live.	가게와 사람들, 여긴 옛 아룰코 같다. 하지만 지금 사람들 너무 조용하다. 여왕 감시꾼이 여기 있고, 나쁜 짓 하면 여왕에게 말한다. 슬프게 사는 방식이다.	번역완료	batch RowID 3088-3434
3357	Data/NPCData/D_060.EDT	13	480	This is nice side of San Mona. Big storm start forest fire here.	여긴 산모나의 좋은 쪽이다. 큰 폭풍 때문에 여기 산불 났다.	번역완료	batch RowID 3088-3434
3358	Data/NPCData/D_060.EDT	14	480	I am sorry you have to see this. It is not good part of town. Women do things for money that my mother has spanked me for.	이런 곳 보여줘서 미안하다. 좋은 동네 아니다. 여자들이 돈 받고 우리 엄마였으면 나를 때렸을 짓 한다.	번역완료	batch RowID 3088-3434
3359	Data/NPCData/D_060.EDT	15	480	This is Kingpin's place. He is a big man in Arulco. He owns all things here, even friends. The Queen has a manspy here, too. It is a good place for bad people.	여긴 킹핀의 곳이다. 아룰코에서 큰 인물이다. 여기 모든 것, 친구까지 가진다. 여왕의 감시꾼도 있다. 나쁜 사람들한테 좋은 곳이다.	번역완료	batch RowID 3088-3434
3360	Data/NPCData/D_060.EDT	16	480	These men, they mine all day for the Queen. She keeps a manspy here to watch them.	이 사람들 매일 여왕 위해 광산에서 일한다. 여왕이 감시꾼 두고 지켜본다.	번역완료	batch RowID 3088-3434
3361	Data/NPCData/D_060.EDT	17	480	It is nice here in the Ruins. Before Deidranna, people came to see them. Too bad no people come now.	여기 유적은 좋다. 데이드라나 전에는 사람들이 보러 왔다. 이제 아무도 안 와서 아쉽다.	번역완료	batch RowID 3088-3434
3362	Data/NPCData/D_060.EDT	18	480	This look like old Arulco here. It may seem pretty, but the water and the ground are rotten. The Queen has factory here that make air poison. It hurts all things.	여긴 옛 아룰코처럼 보인다. 예뻐 보여도 물과 땅은 썩었다. 여왕 공장이 공기를 독으로 만든다. 모든 것 아프게 한다.	번역완료	batch RowID 3088-3434
3363	Data/NPCData/D_060.EDT	19	480	There are shops here, but they are quiet. They don't want the Queen to hurt them.	가게들 있지만 조용하다. 여왕이 해칠까 봐 그런다.	번역완료	batch RowID 3088-3434
3364	Data/NPCData/D_060.EDT	20	480	Here, the Queen has factory. It make green stuff that glows. It is not safe for humans.	여왕 공장 여기 있다. 빛나는 초록 물질 만든다. 사람한테 안전하지 않다.	번역완료	batch RowID 3088-3434
3365	Data/NPCData/D_060.EDT	21	480	This is not a nice place. They burn coal here, and it makes air bad! A manspy of Queen watches. WE be careful.	여긴 좋은 곳 아니다. 석탄 태워서 공기 나쁘다! 여왕 감시꾼이 지켜본다. 우리 조심한다.	번역완료	batch RowID 3088-3434
3366	Data/NPCData/D_060.EDT	22	480	This area have junkyard! I once find balloon in glovebox of old car, and still in little bag, too! If you need, there is a place with gas here, and near there, big field. I see Queen's plane land there one time.	이 지역 폐차장 있다! 나 옛날 차 글러브박스에서 풍선 찾았다. 아직 작은 봉지에 있었다! 필요하면 여기 주유소 있고, 근처 큰 들판도 있다. 여왕 비행기가 한 번 거기 내리는 것 봤다.	번역완료	batch RowID 3088-3434
3367	Data/NPCData/D_060.EDT	23	480	This is Queen's Bloodcat farm. They say they study them like in school. But I don't know why there are so many guards here.	여긴 여왕의 블러드캣 농장이다. 학교처럼 연구한다고 한다. 근데 왜 경비가 이렇게 많은지는 모르겠다.	번역완료	batch RowID 3088-3434
3368	Data/NPCData/D_060.EDT	24	480	I do not come here much. This is where rich people live. Live good, they do.	나 여기 자주 안 온다. 부자들이 사는 곳이다. 잘들 산다.	번역완료	batch RowID 3088-3434
3369	Data/NPCData/D_060.EDT	25	480	Arulco's museum is here. There are many pretty and shiny things inside. But most everyone has not enough money to see them. The Queen take them from the people and put them here many years ago. It is not fair.	아룰코 박물관 여기 있다. 안에 예쁘고 반짝이는 것 많다. 하지만 대부분 사람은 볼 돈이 없다. 여왕이 오래전에 사람들한테서 빼앗아 여기 뒀다. 공평하지 않다.	번역완료	batch RowID 3088-3434
3370	Data/NPCData/D_060.EDT	26	480	This is the Queen's garden. It is too bad she no grow tomatoes. For I would pick them to throw at her.	여긴 여왕 정원이다. 토마토 안 키워서 아쉽다. 키웠으면 따서 여왕한테 던졌을 거다.	번역완료	batch RowID 3088-3434
3371	Data/NPCData/D_060.EDT	27	480	I am very nervous. We have reached the Queen's palace.	나 아주 긴장된다. 여왕 궁전에 도착했다.	번역완료	batch RowID 3088-3434
3372	Data/NPCData/D_060.EDT	28	480	There are rockets here that make planes go boom!	여기 비행기 펑 하고 터뜨리는 로켓 있다!	번역완료	batch RowID 3088-3434
3373	Data/NPCData/D_060.EDT	29	480	The airport is here. It was fun as kid to come to Meduna and watch big planes take-off and land. I always dream that me fly in such machine, too.	공항 여기 있다. 어릴 때 메두나 와서 큰 비행기 뜨고 내리는 것 보는 게 재밌었다. 나도 그런 기계 타고 날고 싶다고 늘 꿈꿨다.	번역완료	batch RowID 3088-3434
3374	Data/NPCData/D_060.EDT	30	480	It be very dangerous here. Many guns. Tanks. Why people stay, I don't know.	여긴 아주 위험하다. 총 많다. 전차도 있다. 왜 사람들이 남아 있는지 모르겠다.	번역완료	batch RowID 3088-3434
3375	Data/NPCData/D_060.EDT	31	480	I don't like Meduna. Too many enemies here. The stores, I bet she watch them all, and the people I do not think are happy.	나 메두나 싫다. 적 너무 많다. 가게들도 여왕이 다 감시할 거고, 사람들도 행복하지 않을 거다.	번역완료	batch RowID 3088-3434
3376	Data/NPCData/D_060.EDT	32	480	There is a bad, bad prison here. The warden, she is almost meaner than the Queen!	여기 아주 나쁜 감옥 있다. 교도소장은 여왕보다 더 못된 것 같다!	번역완료	batch RowID 3088-3434
3377	Data/NPCData/D_060.EDT	33	480	I think this is place where Queen has rockets.	여기가 여왕이 로켓 둔 곳인 것 같다.	번역완료	batch RowID 3088-3434
3378	Data/NPCData/D_060.EDT	34	480	We make it to place of rockets. There will be lots of Army in this place.	로켓 있는 곳까지 왔다. 여기 군대 많이 있을 거다.	번역완료	batch RowID 3088-3434
3379	Data/NPCData/D_060.EDT	35	480	There are more rockets here, I think... Be ready for big fight.	여기 로켓 더 있다, 내 생각엔... 큰 싸움 준비한다.	번역완료	batch RowID 3088-3434
3380	Data/NPCData/F8.EDT	1	320	It is good you are here. If you did not come, I think Dr. Beaumont would have tried to kill the Queen himself.	당신들이 와서 정말 다행이에요. 안 왔다면 보몬트 선생님이 직접 여왕을 죽이러 갔을지도 몰라요.	번역완료	batch RowID 3088-3434
3381	Data/NPCData/F8.EDT	2	320	Many of the people who come here to the hospital are victims of the Bloodcats. It was not hard to find a name for this beast.	이 병원에 오는 환자 중 많은 사람이 블러드캣에게 당한 사람들이에요. 저 짐승 이름을 붙이기는 어렵지 않았죠.	번역완료	batch RowID 3088-3434
3382	Data/NPCData/F8.EDT	3	320	Have you met nurse Jenny? Please do nothing to taint this woman.	간호사 제니를 만나봤나요? 제발 그 여자에게 해가 될 짓은 하지 마세요.	번역완료	batch RowID 3088-3434
3383	Data/NPCData/F8.EDT	4	320				
3384	Data/NPCData/F8.EDT	5	320				
3385	Data/NPCData/F9.EDT	1	320	Can you believe what has happened to our university? It has been left to rot since the great days of rule by the Chivaldori family.	우리 대학이 이 꼴이 된 게 믿어지나요? 치발도리 가문이 다스리던 전성기 이후로 썩어가도록 방치됐습니다.	번역완료	batch RowID 3088-3434
3386	Data/NPCData/F9.EDT	2	320	We had a beautiful university here. It is closed because the Queen does not want smart people.	여기 아름다운 대학이 있었어요. 여왕은 똑똑한 사람이 생기는 걸 원치 않아서 문을 닫아버렸죠.	번역완료	batch RowID 3088-3434
3387	Data/NPCData/F9.EDT	3	320	Be mindful of a military outpost south of the Cambria mine. They  are always experimenting with artillery.	캄브리아 광산 남쪽의 군사 전초기지를 조심하세요. 거기선 늘 포병 실험을 합니다.	번역완료	batch RowID 3088-3434
3388	Data/NPCData/F9.EDT	4	320				
3389	Data/NPCData/F9.EDT	5	320				
3390	Data/NPCData/G8.EDT	1	320	I must tell you of a prison in a secret town called Tixa. No one knows where it is exactly, since those who are sent there do not return.	틱사라는 비밀 마을에 감옥이 있다는 걸 알려드려야겠군요. 정확한 위치는 아무도 몰라요. 그곳으로 보내진 사람은 돌아오지 않으니까요.	번역완료	batch RowID 3088-3434
3391	Data/NPCData/G8.EDT	2	320	Are you aware there is a SAM site south of the Cambria mine? Expect powerful resistance if you should go there.	캄브리아 광산 남쪽에 SAM 기지가 있다는 건 알고 있나요? 거기로 간다면 강한 저항을 각오하세요.	번역완료	batch RowID 3088-3434
3392	Data/NPCData/G8.EDT	3	320				
3393	Data/NPCData/G8.EDT	4	320				
3394	Data/NPCData/G8.EDT	5	320				
3395	Data/NPCData/G9.EDT	1	320	I hope you are not friends with those terrorist hillbillies. They do much harm to this town.	그 테러리스트 촌뜨기들과 친구는 아니길 바랍니다. 놈들이 이 마을에 큰 피해를 줘요.	번역완료	batch RowID 3088-3434
3396	Data/NPCData/G9.EDT	2	320	I wish you luck. My son was killed south of here when the army was experimenting with their mortars.	행운을 빌어요. 군대가 여기 남쪽에서 박격포 실험을 하다가 제 아들이 죽었습니다.	번역완료	batch RowID 3088-3434
3397	Data/NPCData/G9.EDT	3	320				
3398	Data/NPCData/G9.EDT	4	320				
3399	Data/NPCData/G9.EDT	5	320				
3400	Data/NPCData/H1.EDT	1	320	You are close to victory. Do not give up. You can spit at the Queen from here.	승리가 눈앞입니다. 포기하지 마세요. 여기선 여왕에게 침이라도 뱉을 수 있을 거리예요.	번역완료	batch RowID 3088-3434
3401	Data/NPCData/H1.EDT	2	320	Have you met Arnold yet? He is the best repairman in all of Arulco. He might be able to help you.	아놀드는 만나봤나요? 아룰코 최고의 수리공이에요. 도움이 될 겁니다.	번역완료	batch RowID 3088-3434
3402	Data/NPCData/H1.EDT	3	320				
3403	Data/NPCData/H1.EDT	4	320				
3404	Data/NPCData/H1.EDT	5	320				
3405	Data/NPCData/H13.EDT	1	320	I have cousin in San Mona. When you need break from fighting you go there. The town is full of diversions.	산모나에 제 사촌이 살아요. 싸움에 지쳐 쉬고 싶다면 거기로 가세요. 놀 거리가 가득한 동네니까요.	번역완료	batch RowID 3088-3434
3406	Data/NPCData/H13.EDT	2	320	The people of Alma have mixed feelings about your presence. You must remember we depend on the military to make a living here.	알마 사람들은 당신들이 온 걸 두고 마음이 복잡합니다. 우리는 여기서 먹고살려면 군대에 의존해야 한다는 걸 기억해주세요.	번역완료	batch RowID 3088-3434
3407	Data/NPCData/H13.EDT	3	320				
3408	Data/NPCData/H13.EDT	4	320				
3409	Data/NPCData/H13.EDT	5	320				
3410	Data/NPCData/H2.EDT	1	320	Be careful of Charlie, the bartender. He is prone to violence. His temper is well-known around here.	바텐더 찰리를 조심하세요. 폭력적인 성향이 있습니다. 이 근방에선 성질 사나운 걸로 유명해요.	번역완료	batch RowID 3088-3434
3411	Data/NPCData/H2.EDT	2	320				
3412	Data/NPCData/H2.EDT	3	320				
3413	Data/NPCData/H2.EDT	4	320				
3414	Data/NPCData/H2.EDT	5	320				
3415	Data/NPCData/H3.EDT	1	320	You are impressed with the Grumm's mine, no doubt. It has been a source of great wealth. Unfortunately, we have seen none of it.	그룸 광산을 보고 분명 감탄했겠죠. 엄청난 부의 원천이었습니다. 안타깝게도 우리는 그 혜택을 전혀 못 봤어요.	번역완료	batch RowID 3088-3434
3416	Data/NPCData/H3.EDT	2	320				
3417	Data/NPCData/H3.EDT	3	320				
3418	Data/NPCData/H3.EDT	4	320				
3419	Data/NPCData/H3.EDT	5	320				
3420	Data/NPCData/I14.EDT	1	320	You will find many mines in Arulco. But I think the one in San Mona is empty now.	아룰코에는 광산이 많습니다. 하지만 산모나 광산은 이제 빈 것 같아요.	번역완료	batch RowID 3088-3434
3421	Data/NPCData/I14.EDT	2	320	There are many Bloodcats here. You must be careful. They are the most savage of cats.	여기엔 블러드캣이 많아요. 조심해야 합니다. 고양잇과 중에서도 가장 사나운 짐승이에요.	번역완료	batch RowID 3088-3434
3422	Data/NPCData/I14.EDT	3	320	I do not know if the rumor about a secret prison is true, but if you care about the people of Arulco, you must look into it.	비밀 감옥 소문이 사실인지는 모르겠습니다. 하지만 아룰코 사람들을 위한다면 꼭 조사해봐야 해요.	번역완료	batch RowID 3088-3434
3423	Data/NPCData/I14.EDT	4	320				
3424	Data/NPCData/I14.EDT	5	320				
3425	Data/NPCData/L11.EDT	1	320	Nobody left in Balime means you any harm. All the Queen's friends have gone to Meduna. They were scared of what you might do to them.	지금 발리메에 남아 있는 사람 중 당신들에게 해를 끼칠 사람은 없습니다. 여왕의 친구들은 당신들이 자기들에게 무슨 짓을 할까 겁나서 모두 메두나로 도망쳤어요.	번역완료	batch RowID 3088-3434
3426	Data/NPCData/L11.EDT	2	320	Maybe Dave Gerard is still around and can help you. He runs an automotive shop just west of here.	데이브 제라드가 아직 이 근처에 있다면 도움이 될지도 몰라요. 여기 바로 서쪽에서 자동차 정비소를 운영합니다.	번역완료	batch RowID 3088-3434
3427	Data/NPCData/L11.EDT	3	320				
3428	Data/NPCData/L11.EDT	4	320				
3429	Data/NPCData/L11.EDT	5	320				
3430	Data/NPCData/L12.EDT	1	320	Balime is not usually this quiet. Most of the residents are close friends of the Queen. They fled once they heard you were coming.	발리메가 원래 이렇게 조용한 곳은 아닙니다. 주민 대부분이 여왕의 가까운 친구들이었죠. 당신들이 온다는 소식을 듣자마자 달아났습니다.	번역완료	batch RowID 3088-3434
3431	Data/NPCData/L12.EDT	2	320	I wish I could help you more, but I am only a common servant. However, if you need anything repaired, you should see Arnold or Fredo in Grumm.	더 도와드리고 싶지만 저는 평범한 하인일 뿐입니다. 그래도 수리할 게 있다면 그룸의 아놀드나 프레도를 찾아가세요.	번역완료	batch RowID 3088-3434
3432	Data/NPCData/L12.EDT	3	320				
3433	Data/NPCData/L12.EDT	4	320				
3434	Data/NPCData/L12.EDT	5	320				
